--- uname -a
Linux jobe 7.0.0-31-generic #31-Ubuntu SMP PREEMPT_DYNAMIC Sat Aug  1 04:26:38 UTC 2026 x86_64 GNU/Linux
--- hostname
jobe
--- date -u
Sun Sep 20 12:30:35 AM UTC 2026
--- blkid
--- pvs
  WARNING: Running as a non-root user. Functionality may be unavailable.
  /run/lock/lvm/P_global:aux: open failed: Permission denied
--- vgs
  WARNING: Running as a non-root user. Functionality may be unavailable.
  /run/lock/lvm/P_global:aux: open failed: Permission denied
--- lvs
  WARNING: Running as a non-root user. Functionality may be unavailable.
  /run/lock/lvm/P_global:aux: open failed: Permission denied
--- df -hT
Filesystem               Type      Size  Used Avail Use% Mounted on
tmpfs                    tmpfs      25G  2.5M   25G   1% /run
/dev/mapper/ssd--vg-root ext4      913G  621G  247G  72% /
tmpfs                    tmpfs      62G     0   62G   0% /dev/shm
efivarfs                 efivarfs  128K   14K  110K  12% /sys/firmware/efi/efivars
none                     tmpfs     1.0M     0  1.0M   0% /run/credentials/systemd-journald.service
none                     tmpfs     1.0M     0  1.0M   0% /run/credentials/systemd-resolved.service
tmpfs                    tmpfs      62G  6.2M   62G   1% /tmp
/dev/sda2                ext4      2.0G  184M  1.7G  11% /boot
/dev/nvme0n1p1           ext4      234G  179G   43G  81% /data
/dev/sda1                vfat     1022M   11M 1012M   2% /boot/efi
none                     tmpfs     1.0M     0  1.0M   0% /run/credentials/systemd-networkd.service
none                     tmpfs     1.0M     0  1.0M   0% /run/credentials/getty@tty1.service
tmpfs                    tmpfs      13G  8.0K   13G   1% /run/user/1000
--- swapon --show
NAME      TYPE SIZE  USED PRIO
/swapfile file  96G 16.6G   -1
--- efibootmgr -v
BootCurrent: 0002
Timeout: 1 seconds
BootOrder: 0002,0004,0001,0003,0000
Boot0000  Wind￿￿s Boot Manager	VenHw(99e275e7-75a0-4b37-a2e6-c5385e6c00cb)57494e444f5753000100000088000000780000004200430044004f0042004a004500430054003d007b00390064006500610038003600320063002d0035006300640064002d0034006500370030002d0061006300630031002d006600330032006200330034003400640034003700390035007d00000061000100000010000000040000007fff0400
      dp: 01 04 14 00 e7 75 e2 99 a0 75 37 4b a2 e6 c5 38 5e 6c 00 cb / 7f ff 04 00
    data: 57 49 4e 44 4f 57 53 00 01 00 00 00 88 00 00 00 78 00 00 00 42 00 43 00 44 00 4f 00 42 00 4a 00 45 00 43 00 54 00 3d 00 7b 00 39 00 64 00 65 00 61 00 38 00 36 00 32 00 63 00 2d 00 35 00 63 00 64 00 64 00 2d 00 34 00 65 00 37 00 30 00 2d 00 61 00 63 00 63 00 31 00 2d 00 66 00 33 00 32 00 62 00 33 00 34 00 34 00 64 00 34 00 37 00 39 00 35 00 7d 00 00 00 61 00 01 00 00 00 10 00 00 00 04 00 00 00 7f ff 04 00
Boot0001* UEFI: Built-in EFI Shell	VenMedia(5023b95c-db26-429b-a648-bd47664c8012)0000424f
      dp: 04 03 14 00 5c b9 23 50 26 db 9b 42 a6 48 bd 47 66 4c 80 12 / 7f ff 04 00
    data: 00 00 42 4f
Boot0002* ubuntu-ssd	HD(1,GPT,b160562b-4c03-4455-b86c-66438834ffb8,0x800,0x200000)/\EFI\UBUNTU-SSD\SHIMX64.EFI
      dp: 04 01 2a 00 01 00 00 00 00 08 00 00 00 00 00 00 00 00 20 00 00 00 00 00 2b 56 60 b1 03 4c 55 44 b8 6c 66 43 88 34 ff b8 02 02 / 04 04 3c 00 5c 00 45 00 46 00 49 00 5c 00 55 00 42 00 55 00 4e 00 54 00 55 00 2d 00 53 00 53 00 44 00 5c 00 53 00 48 00 49 00 4d 00 58 00 36 00 34 00 2e 00 45 00 46 00 49 00 00 00 / 7f ff 04 00
Boot0003  Ubuntu	VenHw(99e275e7-75a0-4b37-a2e6-c5385e6c00cb)
      dp: 01 04 14 00 e7 75 e2 99 a0 75 37 4b a2 e6 c5 38 5e 6c 00 cb / 7f ff 04 00
Boot0004* ubuntu	HD(1,GPT,b160562b-4c03-4455-b86c-66438834ffb8,0x800,0x200000)/\EFI\UBUNTU\SHIMX64.EFI0000424f
      dp: 04 01 2a 00 01 00 00 00 00 08 00 00 00 00 00 00 00 00 20 00 00 00 00 00 2b 56 60 b1 03 4c 55 44 b8 6c 66 43 88 34 ff b8 02 02 / 04 04 34 00 5c 00 45 00 46 00 49 00 5c 00 55 00 42 00 55 00 4e 00 54 00 55 00 5c 00 53 00 48 00 49 00 4d 00 58 00 36 00 34 00 2e 00 45 00 46 00 49 00 00 00 / 7f ff 04 00
    data: 00 00 42 4f
--- uname -r
7.0.0-31-generic
--- sudo dmesg
[    0.000000] Linux version 7.0.0-31-generic (buildd@lcy02-amd64-091) (x86_64-linux-gnu-gcc (Ubuntu 15.2.0-16ubuntu1) 15.2.0, GNU ld (GNU Binutils for Ubuntu) 2.46) #31-Ubuntu SMP PREEMPT_DYNAMIC Sat Aug  1 04:26:38 UTC 2026 (Ubuntu 7.0.0-31.31-generic 7.0.14)
[    0.000000] Command line: BOOT_IMAGE=/vmlinuz-7.0.0-31-generic root=/dev/mapper/ssd--vg-root ro crashkernel=2G-4G:320M,4G-32G:512M,32G-64G:1024M,64G-128G:2048M,128G-:4096M
[    0.000000] KERNEL supported cpus:
[    0.000000]   Intel GenuineIntel
[    0.000000]   AMD AuthenticAMD
[    0.000000]   Hygon HygonGenuine
[    0.000000]   Centaur CentaurHauls
[    0.000000]   zhaoxin   Shanghai  
[    0.000000] BIOS-provided physical RAM map:
[    0.000000] BIOS-e820: [mem 0x0000000000000000-0x000000000009ffff]  System RAM
[    0.000000] BIOS-e820: [mem 0x00000000000a0000-0x00000000000fffff]  device reserved
[    0.000000] BIOS-e820: [mem 0x0000000000100000-0x0000000003ffffff]  System RAM
[    0.000000] BIOS-e820: [mem 0x0000000004000000-0x0000000004016fff]  ACPI NVS
[    0.000000] BIOS-e820: [mem 0x0000000004017000-0x0000000009ceefff]  System RAM
[    0.000000] BIOS-e820: [mem 0x0000000009cef000-0x0000000009ffffff]  device reserved
[    0.000000] BIOS-e820: [mem 0x000000000a000000-0x00000000b5c30fff]  System RAM
[    0.000000] BIOS-e820: [mem 0x00000000b5c31000-0x00000000b9c06fff]  device reserved
[    0.000000] BIOS-e820: [mem 0x00000000b9c07000-0x00000000b9d0afff]  ACPI data
[    0.000000] BIOS-e820: [mem 0x00000000b9d0b000-0x00000000ba136fff]  ACPI NVS
[    0.000000] BIOS-e820: [mem 0x00000000ba137000-0x00000000bb1fefff]  device reserved
[    0.000000] BIOS-e820: [mem 0x00000000bb1ff000-0x00000000bbffffff]  System RAM
[    0.000000] BIOS-e820: [mem 0x00000000bc000000-0x00000000bfffffff]  device reserved
[    0.000000] BIOS-e820: [gap 0x00000000c0000000-0x00000000c417ffff]
[    0.000000] BIOS-e820: [mem 0x00000000c4180000-0x00000000c4180fff]  device reserved
[    0.000000] BIOS-e820: [gap 0x00000000c4181000-0x00000000c517ffff]
[    0.000000] BIOS-e820: [mem 0x00000000c5180000-0x00000000c5180fff]  device reserved
[    0.000000] BIOS-e820: [gap 0x00000000c5181000-0x00000000ce1fffff]
[    0.000000] BIOS-e820: [mem 0x00000000ce200000-0x00000000ce200fff]  device reserved
[    0.000000] BIOS-e820: [gap 0x00000000ce201000-0x00000000ce2fffff]
[    0.000000] BIOS-e820: [mem 0x00000000ce300000-0x00000000ce3fffff]  device reserved
[    0.000000] BIOS-e820: [gap 0x00000000ce400000-0x00000000dfffffff]
[    0.000000] BIOS-e820: [mem 0x00000000e0000000-0x00000000efffffff]  device reserved
[    0.000000] BIOS-e820: [gap 0x00000000f0000000-0x00000000f40fffff]
[    0.000000] BIOS-e820: [mem 0x00000000f4100000-0x00000000f41fffff]  device reserved
[    0.000000] BIOS-e820: [gap 0x00000000f4200000-0x00000000f427ffff]
[    0.000000] BIOS-e820: [mem 0x00000000f4280000-0x00000000f4280fff]  device reserved
[    0.000000] BIOS-e820: [gap 0x00000000f4281000-0x00000000fe9fffff]
[    0.000000] BIOS-e820: [mem 0x00000000fea00000-0x00000000feafffff]  device reserved
[    0.000000] BIOS-e820: [gap 0x00000000feb00000-0x00000000febfffff]
[    0.000000] BIOS-e820: [mem 0x00000000fec00000-0x00000000fec00fff]  device reserved
[    0.000000] BIOS-e820: [gap 0x00000000fec01000-0x00000000fec0ffff]
[    0.000000] BIOS-e820: [mem 0x00000000fec10000-0x00000000fec10fff]  device reserved
[    0.000000] BIOS-e820: [gap 0x00000000fec11000-0x00000000fecfffff]
[    0.000000] BIOS-e820: [mem 0x00000000fed00000-0x00000000fed00fff]  device reserved
[    0.000000] BIOS-e820: [gap 0x00000000fed01000-0x00000000fed3ffff]
[    0.000000] BIOS-e820: [mem 0x00000000fed40000-0x00000000fed44fff]  device reserved
[    0.000000] BIOS-e820: [gap 0x00000000fed45000-0x00000000fed7ffff]
[    0.000000] BIOS-e820: [mem 0x00000000fed80000-0x00000000fed8ffff]  device reserved
[    0.000000] BIOS-e820: [gap 0x00000000fed90000-0x00000000fedc1fff]
[    0.000000] BIOS-e820: [mem 0x00000000fedc2000-0x00000000fedcffff]  device reserved
[    0.000000] BIOS-e820: [gap 0x00000000fedd0000-0x00000000fedd3fff]
[    0.000000] BIOS-e820: [mem 0x00000000fedd4000-0x00000000fedd5fff]  device reserved
[    0.000000] BIOS-e820: [gap 0x00000000fedd6000-0x00000000feffffff]
[    0.000000] BIOS-e820: [mem 0x00000000ff000000-0x00000000ffffffff]  device reserved
[    0.000000] BIOS-e820: [mem 0x0000000100000000-0x000000203f2fffff]  System RAM
[    0.000000] BIOS-e820: [mem 0x000000203f300000-0x000000203fffffff]  device reserved
[    0.000000] NX (Execute Disable) protection: active
[    0.000000] APIC: Static calls initialized
[    0.000000] efi: EFI v2.8 by American Megatrends
[    0.000000] efi: ACPI=0xba118000 ACPI 2.0=0xba118014 SMBIOS=0xbaf12000 SMBIOS 3.0=0xbaf11000 MEMATTR=0xb0a8b018 ESRT=0xb0848818 MOKvar=0xbaf45000 INITRD=0xb0a91a18 RNG=0xb9cb2018 
[    0.000000] random: crng init done
[    0.000000] efi: Not removing mem122: MMIO range=[0xc4180000-0xc4180fff] (4KB) from e820 map
[    0.000000] efi: Not removing mem123: MMIO range=[0xc5180000-0xc5180fff] (4KB) from e820 map
[    0.000000] efi: Not removing mem124: MMIO range=[0xce200000-0xce200fff] (4KB) from e820 map
[    0.000000] efi: Remove mem125: MMIO range=[0xce300000-0xce3fffff] (1MB) from e820 map
[    0.000000] e820: remove [mem 0xce300000-0xce3fffff] device reserved
[    0.000000] efi: Remove mem126: MMIO range=[0xe0000000-0xefffffff] (256MB) from e820 map
[    0.000000] e820: remove [mem 0xe0000000-0xefffffff] device reserved
[    0.000000] efi: Remove mem127: MMIO range=[0xf4100000-0xf41fffff] (1MB) from e820 map
[    0.000000] e820: remove [mem 0xf4100000-0xf41fffff] device reserved
[    0.000000] efi: Not removing mem128: MMIO range=[0xf4280000-0xf4280fff] (4KB) from e820 map
[    0.000000] efi: Remove mem129: MMIO range=[0xfea00000-0xfeafffff] (1MB) from e820 map
[    0.000000] e820: remove [mem 0xfea00000-0xfeafffff] device reserved
[    0.000000] efi: Not removing mem130: MMIO range=[0xfec00000-0xfec00fff] (4KB) from e820 map
[    0.000000] efi: Not removing mem131: MMIO range=[0xfec10000-0xfec10fff] (4KB) from e820 map
[    0.000000] efi: Not removing mem132: MMIO range=[0xfed00000-0xfed00fff] (4KB) from e820 map
[    0.000000] efi: Not removing mem133: MMIO range=[0xfed40000-0xfed44fff] (20KB) from e820 map
[    0.000000] efi: Not removing mem134: MMIO range=[0xfed80000-0xfed8ffff] (64KB) from e820 map
[    0.000000] efi: Not removing mem135: MMIO range=[0xfedc2000-0xfedcffff] (56KB) from e820 map
[    0.000000] efi: Not removing mem136: MMIO range=[0xfedd4000-0xfedd5fff] (8KB) from e820 map
[    0.000000] efi: Remove mem137: MMIO range=[0xff000000-0xffffffff] (16MB) from e820 map
[    0.000000] e820: remove [mem 0xff000000-0xffffffff] device reserved
[    0.000000] SMBIOS 3.3.0 present.
[    0.000000] DMI: To Be Filled By O.E.M. WRX80D8-2T/WRX80D8-2T, BIOS 10.27 05/05/2022
[    0.000000] DMI: Memory slots populated: 8/8
[    0.000000] secureboot: Secure boot disabled
[    0.000000] tsc: Fast TSC calibration using PIT
[    0.000000] tsc: Detected 3899.670 MHz processor
[    0.000013] e820: update [mem 0x00000000-0x00000fff] System RAM ==> device reserved
[    0.000015] e820: remove [mem 0x000a0000-0x000fffff] System RAM
[    0.000023] last_pfn = 0x203f300 max_arch_pfn = 0x400000000
[    0.000030] total RAM covered: 3071M
[    0.000179] Found optimal setting for mtrr clean up
[    0.000180]  gran_size: 64K 	chunk_size: 128M 	num_reg: 3  	lose cover RAM: 0G
[    0.000183] MTRR map: 7 entries (3 fixed + 4 variable; max 20), built from 9 variable MTRRs
[    0.000185] x86/PAT: Configuration [0-7]: WB  WC  UC- UC  WB  WP  UC- WT  
[    0.000602] e820: update [mem 0xb9ed0000-0xb9edffff] System RAM ==> device reserved
[    0.000608] e820: update [mem 0xc0000000-0xffffffff] System RAM ==> device reserved
[    0.000612] last_pfn = 0xbc000 max_arch_pfn = 0x400000000
[    0.004205] esrt: Reserving ESRT space from 0x00000000b0848818 to 0x00000000b0848850.
[    0.004213] e820: update [mem 0xb0848000-0xb0848fff] System RAM ==> device reserved
[    0.004234] Using GB pages for direct mapping
[    0.004681] secureboot: Secure boot disabled
[    0.004682] RAMDISK: [mem 0xa7f2e000-0xabb0dfff]
[    0.004687] ACPI: Early table checksum verification disabled
[    0.004690] ACPI: RSDP 0x00000000BA118014 000024 (v02 AMD   )
[    0.004693] ACPI: XSDT 0x00000000BA117728 0000FC (v01 AMD    A M I    03242016 AMI  01000013)
[    0.004698] ACPI: FACP 0x00000000B9D03000 000114 (v06 AMD    A M I    03242016 AMI  00010013)
[    0.004702] ACPI: DSDT 0x00000000B9CF6000 00C7E7 (v02 AMD    A M I    03242016 INTL 20190509)
[    0.004704] ACPI: FACS 0x00000000BA112000 000040
[    0.004706] ACPI: SSDT 0x00000000B9D0A000 00092A (v02 AMD    AmdTable 00000002 MSFT 04000000)
[    0.004709] ACPI: SPMI 0x00000000B9D09000 000041 (v05 AMD    A M I    00000000 AMI. 00000000)
[    0.004711] ACPI: SPMI 0x00000000B9D08000 000041 (v05 AMD    A M I    00000000 AMI. 00000000)
[    0.004713] ACPI: SSDT 0x00000000B9D04000 003C2F (v01 AMD    AMD AOD  00000001 INTL 20190509)
[    0.004715] ACPI: FIDT 0x00000000B9CF5000 00009C (v01 AMD    A M I    03242016 AMI  00010013)
[    0.004717] ACPI: MCFG 0x00000000B9CF4000 00003C (v01 AMD    A M I    03242016 MSFT 00010013)
[    0.004719] ACPI: SSDT 0x00000000B9CF3000 000110 (v01 AMD    CPMRAS   00000001 INTL 20190509)
[    0.004722] ACPI: BERT 0x00000000B9CF2000 000030 (v01 AMD    AMD BERT 00000001 AMD  00000001)
[    0.004724] ACPI: EINJ 0x00000000B9CF0000 000150 (v01 AMD    AMD EINJ 00000001 AMD  00000001)
[    0.004726] ACPI: SSDT 0x00000000B9CEF000 0001CC (v02 AMD    CPUSSDT  03242016 AMI  03242016)
[    0.004728] ACPI: AAFT 0x00000000B9CEE000 000113 (v01 AMD    OEMAAFT  03242016 MSFT 00000097)
[    0.004730] ACPI: SSDT 0x00000000B9CED000 000024 (v01 AMD    BIXBY    00001000 INTL 20190509)
[    0.004732] ACPI: IVRS 0x00000000B9CEC000 0001F0 (v02 AMD    AmdTable 00000001 AMD  00000001)
[    0.004734] ACPI: BGRT 0x00000000B9CEB000 000038 (v01 AMD    A M I    03242016 AMI  00010013)
[    0.004737] ACPI: PCCT 0x00000000B9CEA000 00006E (v02 AMD    AmdTable 00000001 AMD  00000001)
[    0.004739] ACPI: SSDT 0x00000000B9CE1000 008033 (v02 AMD    AmdTable 00000001 AMD  00000001)
[    0.004741] ACPI: CRAT 0x00000000B9CDF000 001DD0 (v01 AMD    AmdTable 00000001 AMD  00000001)
[    0.004743] ACPI: CDIT 0x00000000B9CDE000 000029 (v01 AMD    AmdTable 00000001 AMD  00000001)
[    0.004745] ACPI: SSDT 0x00000000B9CD6000 007928 (v01 AMD    CLOUDRIP 00000001 INTL 20190509)
[    0.004747] ACPI: WSMT 0x00000000B9CD5000 000028 (v01 AMD    A M I    03242016 AMI  00010013)
[    0.004749] ACPI: APIC 0x00000000B9CD4000 000482 (v03 AMD    A M I    03242016 AMI  00010013)
[    0.004752] ACPI: HEST 0x00000000B9CB7000 01CA74 (v01 AMD    AMD HEST 00000001 AMD  00000001)
[    0.004754] ACPI: SSDT 0x00000000B9CF1000 00053D (v01 AMD    CLOUDRIP 00000001 INTL 20190509)
[    0.004756] ACPI: SSDT 0x00000000B9CB5000 0014CF (v01 AMD    CLOUDRIP 00000001 INTL 20190509)
[    0.004758] ACPI: ERST 0x00000000B9CB4000 000230 (v01 AMIER  AMI.ERST 00000000 AMI. 00000000)
[    0.004760] ACPI: FPDT 0x00000000B9CB3000 000044 (v01 AMD    A M I    01072009 AMI  01000013)
[    0.004762] ACPI: Reserving FACP table memory at [mem 0xb9d03000-0xb9d03113]
[    0.004763] ACPI: Reserving DSDT table memory at [mem 0xb9cf6000-0xb9d027e6]
[    0.004764] ACPI: Reserving FACS table memory at [mem 0xba112000-0xba11203f]
[    0.004764] ACPI: Reserving SSDT table memory at [mem 0xb9d0a000-0xb9d0a929]
[    0.004765] ACPI: Reserving SPMI table memory at [mem 0xb9d09000-0xb9d09040]
[    0.004765] ACPI: Reserving SPMI table memory at [mem 0xb9d08000-0xb9d08040]
[    0.004766] ACPI: Reserving SSDT table memory at [mem 0xb9d04000-0xb9d07c2e]
[    0.004767] ACPI: Reserving FIDT table memory at [mem 0xb9cf5000-0xb9cf509b]
[    0.004767] ACPI: Reserving MCFG table memory at [mem 0xb9cf4000-0xb9cf403b]
[    0.004768] ACPI: Reserving SSDT table memory at [mem 0xb9cf3000-0xb9cf310f]
[    0.004769] ACPI: Reserving BERT table memory at [mem 0xb9cf2000-0xb9cf202f]
[    0.004769] ACPI: Reserving EINJ table memory at [mem 0xb9cf0000-0xb9cf014f]
[    0.004770] ACPI: Reserving SSDT table memory at [mem 0xb9cef000-0xb9cef1cb]
[    0.004771] ACPI: Reserving AAFT table memory at [mem 0xb9cee000-0xb9cee112]
[    0.004772] ACPI: Reserving SSDT table memory at [mem 0xb9ced000-0xb9ced023]
[    0.004772] ACPI: Reserving IVRS table memory at [mem 0xb9cec000-0xb9cec1ef]
[    0.004773] ACPI: Reserving BGRT table memory at [mem 0xb9ceb000-0xb9ceb037]
[    0.004774] ACPI: Reserving PCCT table memory at [mem 0xb9cea000-0xb9cea06d]
[    0.004774] ACPI: Reserving SSDT table memory at [mem 0xb9ce1000-0xb9ce9032]
[    0.004775] ACPI: Reserving CRAT table memory at [mem 0xb9cdf000-0xb9ce0dcf]
[    0.004776] ACPI: Reserving CDIT table memory at [mem 0xb9cde000-0xb9cde028]
[    0.004777] ACPI: Reserving SSDT table memory at [mem 0xb9cd6000-0xb9cdd927]
[    0.004777] ACPI: Reserving WSMT table memory at [mem 0xb9cd5000-0xb9cd5027]
[    0.004778] ACPI: Reserving APIC table memory at [mem 0xb9cd4000-0xb9cd4481]
[    0.004779] ACPI: Reserving HEST table memory at [mem 0xb9cb7000-0xb9cd3a73]
[    0.004779] ACPI: Reserving SSDT table memory at [mem 0xb9cf1000-0xb9cf153c]
[    0.004780] ACPI: Reserving SSDT table memory at [mem 0xb9cb5000-0xb9cb64ce]
[    0.004781] ACPI: Reserving ERST table memory at [mem 0xb9cb4000-0xb9cb422f]
[    0.004782] ACPI: Reserving FPDT table memory at [mem 0xb9cb3000-0xb9cb3043]
[    0.004901] No NUMA configuration found
[    0.004901] Faking a node at [mem 0x0000000000000000-0x000000203f2fffff]
[    0.004912] NODE_DATA(0) allocated [mem 0x203f2d5280-0x203f2fffff]
[    0.005071] crashkernel reserved: 0x0000000027000000 - 0x00000000a7000000 (2048 MB)
[    0.005519] ACPI: PM-Timer IO Port: 0x808
[    0.005530] ACPI: LAPIC_NMI (acpi_id[0xff] high edge lint[0x1])
[    0.005543] IOAPIC[0]: apic_id 128, version 33, address 0xfec00000, GSI 0-23
[    0.005548] IOAPIC[1]: apic_id 129, version 33, address 0xce200000, GSI 24-55
[    0.005554] IOAPIC[2]: apic_id 130, version 33, address 0xc5180000, GSI 56-87
[    0.005559] IOAPIC[3]: apic_id 131, version 33, address 0xc4180000, GSI 88-119
[    0.005564] IOAPIC[4]: apic_id 132, version 33, address 0xf4280000, GSI 120-151
[    0.005565] ACPI: INT_SRC_OVR (bus 0 bus_irq 0 global_irq 2 dfl dfl)
[    0.005567] ACPI: INT_SRC_OVR (bus 0 bus_irq 9 global_irq 9 low level)
[    0.005570] ACPI: Using ACPI (MADT) for SMP configuration information
[    0.005577] e820: update [mem 0xb1423000-0xb1582fff] System RAM ==> device reserved
[    0.005588] CPU topo: Max. logical packages:   1
[    0.005588] CPU topo: Max. logical nodes:      1
[    0.005589] CPU topo: Num. nodes per package:  1
[    0.005591] CPU topo: Max. logical dies:       1
[    0.005591] CPU topo: Max. dies per package:   1
[    0.005595] CPU topo: Max. threads per core:   2
[    0.005595] CPU topo: Num. cores per package:    16
[    0.005596] CPU topo: Num. threads per package:  32
[    0.005596] CPU topo: Allowing 32 present CPUs plus 0 hotplug CPUs
[    0.005623] PM: hibernation: Registered nosave memory: [mem 0x00000000-0x00000fff]
[    0.005625] PM: hibernation: Registered nosave memory: [mem 0x000a0000-0x000fffff]
[    0.005627] PM: hibernation: Registered nosave memory: [mem 0x04000000-0x04016fff]
[    0.005628] PM: hibernation: Registered nosave memory: [mem 0x09cef000-0x09ffffff]
[    0.005630] PM: hibernation: Registered nosave memory: [mem 0xb0848000-0xb0848fff]
[    0.005632] PM: hibernation: Registered nosave memory: [mem 0xb1423000-0xb1582fff]
[    0.005633] PM: hibernation: Registered nosave memory: [mem 0xb5c31000-0xbb1fefff]
[    0.005638] PM: hibernation: Registered nosave memory: [mem 0xbc000000-0xffffffff]
[    0.005639] [gap 0xce201000-0xf427ffff] available for PCI devices
[    0.005640] Booting paravirtualized kernel on bare hardware
[    0.005642] clocksource: refined-jiffies: mask: 0xffffffff max_cycles: 0xffffffff, max_idle_ns: 1910969940391419 ns
[    0.005791] Zone ranges:
[    0.005791]   DMA      [mem 0x0000000000001000-0x0000000000ffffff]
[    0.005793]   DMA32    [mem 0x0000000001000000-0x00000000ffffffff]
[    0.005794]   Normal   [mem 0x0000000100000000-0x000000203f2fffff]
[    0.005795]   Device   empty
[    0.005796] Movable zone start for each node
[    0.005798] Early memory node ranges
[    0.005798]   node   0: [mem 0x0000000000001000-0x000000000009ffff]
[    0.005799]   node   0: [mem 0x0000000000100000-0x0000000003ffffff]
[    0.005800]   node   0: [mem 0x0000000004017000-0x0000000009ceefff]
[    0.005800]   node   0: [mem 0x000000000a000000-0x00000000b5c30fff]
[    0.005801]   node   0: [mem 0x00000000bb1ff000-0x00000000bbffffff]
[    0.005802]   node   0: [mem 0x0000000100000000-0x000000203f2fffff]
[    0.005812] Initmem setup node 0 [mem 0x0000000000001000-0x000000203f2fffff]
[    0.005818] On node 0, zone DMA: 1 pages in unavailable ranges
[    0.005835] On node 0, zone DMA: 96 pages in unavailable ranges
[    0.005976] On node 0, zone DMA32: 23 pages in unavailable ranges
[    0.008749] On node 0, zone DMA32: 785 pages in unavailable ranges
[    0.008854] On node 0, zone DMA32: 21966 pages in unavailable ranges
[    0.141418] On node 0, zone Normal: 16384 pages in unavailable ranges
[    0.141436] On node 0, zone Normal: 3328 pages in unavailable ranges
[    0.141452] setup_percpu: NR_CPUS:8192 nr_cpumask_bits:32 nr_cpu_ids:32 nr_node_ids:1
[    0.142890] percpu: Embedded 85 pages/cpu s225280 r8192 d114688 u524288
[    0.142901] pcpu-alloc: s225280 r8192 d114688 u524288 alloc=1*2097152
[    0.142904] pcpu-alloc: [0] 00 01 02 03 [0] 04 05 06 07 
[    0.142909] pcpu-alloc: [0] 08 09 10 11 [0] 12 13 14 15 
[    0.142912] pcpu-alloc: [0] 16 17 18 19 [0] 20 21 22 23 
[    0.142916] pcpu-alloc: [0] 24 25 26 27 [0] 28 29 30 31 
[    0.142938] Kernel command line: BOOT_IMAGE=/vmlinuz-7.0.0-31-generic root=/dev/mapper/ssd--vg-root ro crashkernel=2G-4G:320M,4G-32G:512M,32G-64G:1024M,64G-128G:2048M,128G-:4096M
[    0.142995] printk: log buffer data + meta data: 262144 + 1114112 = 1376256 bytes
[    0.147100] Dentry cache hash table entries: 8388608 (order: 14, 67108864 bytes, linear)
[    0.149121] Inode-cache hash table entries: 4194304 (order: 13, 33554432 bytes, linear)
[    0.149365] software IO TLB: area num 32.
[    0.157446] Fallback order for Node 0: 0 
[    0.157456] Built 1 zonelists, mobility grouping on.  Total pages: 33511849
[    0.157457] Policy zone: Normal
[    0.157466] mem auto-init: stack:all(zero), heap alloc:on, heap free:off
[    0.157473] KHO: Failed to reserve lowmem scratch buffer
[    0.157474] KHO: Failed to reserve scratch area, disabling kexec handover
[    0.379921] SLUB: HWalign=64, Order=0-3, MinObjects=0, CPUs=32, Nodes=1
[    0.389005] ftrace: allocating 63956 entries in 252 pages
[    0.389006] ftrace: allocated 252 pages with 6 groups
[    0.389543] Dynamic Preempt: lazy
[    0.389670] rcu: Preemptible hierarchical RCU implementation.
[    0.389671] rcu: 	RCU restricting CPUs from NR_CPUS=8192 to nr_cpu_ids=32.
[    0.389672] 	Trampoline variant of Tasks RCU enabled.
[    0.389672] 	Rude variant of Tasks RCU enabled.
[    0.389673] 	Tracing variant of Tasks RCU enabled.
[    0.389673] rcu: RCU calculated value of scheduler-enlistment delay is 100 jiffies.
[    0.389674] rcu: Adjusting geometry for rcu_fanout_leaf=16, nr_cpu_ids=32
[    0.389693] RCU Tasks: Setting shift to 5 and lim to 1 rcu_task_cb_adjust=1 rcu_task_cpu_ids=32.
[    0.389698] RCU Tasks Rude: Setting shift to 5 and lim to 1 rcu_task_cb_adjust=1 rcu_task_cpu_ids=32.
[    0.393829] NR_IRQS: 524544, nr_irqs: 2856, preallocated irqs: 16
[    0.394045] rcu: srcu_init: Setting srcu_struct sizes based on contention.
[    0.394073] clocksource: jiffies: mask: 0xffffffff max_cycles: 0xffffffff, max_idle_ns: 1911260446275000 ns
[    0.394159] Console: colour dummy device 80x25
[    0.394161] printk: legacy console [tty0] enabled
[    0.394526] ACPI: Core revision 20251212
[    0.394706] APIC: Switch to symmetric I/O mode setup
[    0.395074] AMD-Vi: Using global IVHD EFR:0x0, EFR2:0x0
[    1.669465] x2apic: IRQ remapping doesn't support X2APIC mode
[    1.670822] ..TIMER: vector=0x30 apic1=0 pin1=2 apic2=-1 pin2=-1
[    1.675619] clocksource: tsc-early: mask: 0xffffffffffffffff max_cycles: 0x706c474968a, max_idle_ns: 881591043123 ns
[    1.675625] Calibrating delay loop (skipped), value calculated using timer frequency.. 7799.34 BogoMIPS (lpj=3899670)
[    1.675643] x86/cpu: User Mode Instruction Prevention (UMIP) activated
[    1.675673] LVT offset 1 assigned for vector 0xf9
[    1.675675] LVT offset 2 assigned for vector 0xf4
[    1.675730] Last level iTLB entries: 4KB 1024, 2MB 1024, 4MB 512
[    1.675732] Last level dTLB entries: 4KB 2048, 2MB 2048, 4MB 1024, 1GB 0
[    1.675737] process: using mwait in idle threads
[    1.675740] mitigations: Enabled attack vectors: user_kernel, user_user, guest_host, guest_guest, SMT mitigations: auto
[    1.675745] Speculative Store Bypass: Mitigation: Speculative Store Bypass disabled via prctl
[    1.675748] Spectre V2 : Mitigation: Retpolines
[    1.675750] RETBleed: Mitigation: untrained return thunk
[    1.675752] Spectre V2 : Selecting STIBP always-on mode to complement retbleed mitigation
[    1.675754] Spectre V2 : User space: Mitigation: STIBP always-on protection
[    1.675756] Speculative Return Stack Overflow: Mitigation: Safe RET
[    1.675758] VMSCAPE: Mitigation: IBPB before exit to userspace
[    1.675760] Spectre V1 : Mitigation: usercopy/swapgs barriers and __user pointer sanitization
[    1.675763] Spectre V2 : Spectre v2 / SpectreRSB: Filling RSB on context switch and VMEXIT
[    1.675765] Spectre V2 : Enabling Speculation Barrier for firmware calls
[    1.675767] active return thunk: retbleed_return_thunk
[    1.675772] Spectre V2 : mitigation: Enabling conditional Indirect Branch Prediction Barrier
[    1.675774] active return thunk: srso_return_thunk
[    1.675780] x86/fpu: Supporting XSAVE feature 0x001: 'x87 floating point registers'
[    1.675782] x86/fpu: Supporting XSAVE feature 0x002: 'SSE registers'
[    1.675784] x86/fpu: Supporting XSAVE feature 0x004: 'AVX registers'
[    1.675787] x86/fpu: xstate_offset[2]:  576, xstate_sizes[2]:  256
[    1.675789] x86/fpu: Enabled xstate features 0x7, context size is 832 bytes, using 'compacted' format.
[    1.706870] Freeing SMP alternatives memory: 56K
[    1.706879] pid_max: default: 32768 minimum: 301
[    1.707086] landlock: Up and running.
[    1.707090] Yama: becoming mindful.
[    1.707233] AppArmor: AppArmor initialized
[    1.707237] AppArmor: AppArmor secmark mediation reserved: ready to be enabled
[    1.707535] Mount-cache hash table entries: 131072 (order: 8, 1048576 bytes, linear)
[    1.707596] Mountpoint-cache hash table entries: 131072 (order: 8, 1048576 bytes, linear)
[    1.707721] VFS: Finished mounting rootfs on nullfs
[    1.810336] smpboot: CPU0: AMD Ryzen Threadripper PRO 3955WX 16-Cores (family: 0x17, model: 0x31, stepping: 0x0)
[    1.810596] Performance Events: Fam17h+ core perfctr, AMD PMU driver.
[    1.810608] ... version:                   0
[    1.810613] ... bit width:                 48
[    1.810617] ... generic counters:          6
[    1.810621] ... generic bitmap:            000000000000003f
[    1.810622] ... fixed-purpose counters:    0
[    1.810622] ... fixed-purpose bitmap:      0000000000000000
[    1.810622] ... value mask:                0000ffffffffffff
[    1.810622] ... max period:                00007fffffffffff
[    1.810622] ... global_ctrl mask:          000000000000003f
[    1.810622] signal: max sigframe size: 1776
[    1.810622] rcu: Hierarchical SRCU implementation.
[    1.810622] rcu: 	Max phase no-delay instances is 400.
[    1.810622] Timer migration: 2 hierarchy levels; 8 children per group; 2 crossnode level
[    1.818294] NMI watchdog: Enabled. Permanently consumes one hw-PMU counter.
[    1.818571] smp: Bringing up secondary CPUs ...
[    1.818711] smpboot: x86: Booting SMP configuration:
[    1.818716] .... node  #0, CPUs:        #1  #2  #3  #4  #5  #6  #7  #8  #9 #10 #11 #12 #13 #14 #15 #16 #17 #18 #19 #20 #21 #22 #23 #24 #25 #26 #27 #28 #29 #30 #31
[    1.843820] Spectre V2 : Update user space SMT mitigation: STIBP always-on
[    1.861691] smp: Brought up 1 node, 32 CPUs
[    1.861691] smpboot: Total of 32 processors activated (249578.88 BogoMIPS)
[    1.863749] Memory: 129414556K/134047396K available (23807K kernel code, 4952K rwdata, 16764K rodata, 5292K init, 5856K bss, 4590532K reserved, 0K cma-reserved)
[    1.870809] devtmpfs: initialized
[    1.870809] x86/mm: Memory block size: 2048MB
[    1.873698] ACPI: PM: Registering ACPI NVS region [mem 0x04000000-0x04016fff] (94208 bytes)
[    1.873698] ACPI: PM: Registering ACPI NVS region [mem 0xb9d0b000-0xba136fff] (4374528 bytes)
[    1.873825] posixtimers hash table entries: 16384 (order: 6, 262144 bytes, linear)
[    1.873825] futex hash table entries: 8192 (524288 bytes on 1 NUMA nodes, total 512 KiB, linear).
[    1.874008] PM: RTC time: 19:32:56, date: 2026-09-19
[    1.874871] NET: Registered PF_NETLINK/PF_ROUTE protocol family
[    1.875360] DMA: preallocated 4096 KiB GFP_KERNEL pool for atomic allocations
[    1.875579] DMA: preallocated 4096 KiB GFP_KERNEL|GFP_DMA pool for atomic allocations
[    1.875805] DMA: preallocated 4096 KiB GFP_KERNEL|GFP_DMA32 pool for atomic allocations
[    1.875822] audit: initializing netlink subsys (disabled)
[    1.875841] audit: type=2000 audit(1789846374.208:1): state=initialized audit_enabled=0 res=1
[    1.875841] thermal_sys: Registered thermal governor 'fair_share'
[    1.875841] thermal_sys: Registered thermal governor 'bang_bang'
[    1.875841] thermal_sys: Registered thermal governor 'step_wise'
[    1.875841] thermal_sys: Registered thermal governor 'user_space'
[    1.875845] thermal_sys: Registered thermal governor 'power_allocator'
[    1.875857] cpuidle: using governor ladder
[    1.875857] cpuidle: using governor menu
[    1.875857] Detected 1 PCC Subspaces
[    1.875857] Registering PCC driver as Mailbox controller
[    1.882730] efi: Freeing EFI boot services memory: 95572K
[    1.882738] acpiphp: ACPI Hot Plug PCI Controller Driver version: 0.5
[    1.882899] PCI: ECAM [mem 0xe0000000-0xefffffff] (base 0xe0000000) for domain 0000 [bus 00-ff]
[    1.882918] PCI: Using configuration type 1 for base access
[    1.883018] kprobes: kprobe jump-optimization is enabled. All kprobes are optimized if possible.
[    1.883018] HugeTLB: registered 1.00 GiB page size, pre-allocated 0 pages
[    1.883018] HugeTLB: 16380 KiB vmemmap can be freed for a 1.00 GiB page
[    1.883018] HugeTLB: registered 2.00 MiB page size, pre-allocated 0 pages
[    1.883018] HugeTLB: 28 KiB vmemmap can be freed for a 2.00 MiB page
[    1.884978] fbcon: Taking over console
[    1.885045] ACPI: Added _OSI(Module Device)
[    1.885049] ACPI: Added _OSI(Processor Device)
[    1.885054] ACPI: Added _OSI(Processor Aggregator Device)
[    1.913766] ACPI: 10 ACPI AML tables successfully acquired and loaded
[    1.919683] ACPI: \_SB_: platform _OSC: OS support mask [006e7eff]
[    1.919814] ACPI: \_SB_: platform _OSC: OS control mask [006e7eff]
[    1.921524] ACPI: Interpreter enabled
[    1.921545] ACPI: PM: (supports S0 S4 S5)
[    1.921549] ACPI: Using IOAPIC for interrupt routing
[    1.924075] mce: HEST corrected error threshold limit: 10
[    1.924361] HEST: Table parsing has been initialized.
[    1.924517] GHES: APEI firmware first mode is enabled by APEI bit.
[    1.924525] PCI: Using host bridge windows from ACPI; if necessary, use "pci=nocrs" and report a bug
[    1.924532] PCI: Using E820 reservations for host bridge windows
[    1.925363] ACPI: Enabled 3 GPEs in block 00 to 1F
[    1.964762] ACPI: PCI Root Bridge [S0I0] (domain 0000 [bus 60-ff])
[    1.964774] acpi PNP0A08:00: _OSC: OS supports [ExtendedConfig ASPM ClockPM Segments MSI EDR HPX-Type3]
[    1.965091] acpi PNP0A08:00: _OSC: platform does not support [AER LTR DPC]
[    1.965693] acpi PNP0A08:00: _OSC: OS now controls [PCIeHotplug SHPCHotplug PME PCIeCapability]
[    1.966363] PCI host bridge to bus 0000:60
[    1.966371] pci_bus 0000:60: root bus resource [io  0x03b0-0x03df window]
[    1.966378] pci_bus 0000:60: root bus resource [io  0xa000-0xffff window]
[    1.966384] pci_bus 0000:60: root bus resource [mem 0x000a0000-0x000bffff window]
[    1.966390] pci_bus 0000:60: root bus resource [mem 0xca000000-0xcdffffff window]
[    1.966397] pci_bus 0000:60: root bus resource [mem 0x10021000000-0x14020ffffff window]
[    1.966404] pci_bus 0000:60: root bus resource [bus 60-ff]
[    1.966422] pci 0000:60:00.0: [1022:1480] type 00 class 0x060000 conventional PCI endpoint
[    1.966538] pci 0000:60:00.2: [1022:1481] type 00 class 0x080600 conventional PCI endpoint
[    1.966680] pci 0000:60:01.0: [1022:1482] type 00 class 0x060000 conventional PCI endpoint
[    1.966772] pci 0000:60:02.0: [1022:1482] type 00 class 0x060000 conventional PCI endpoint
[    1.966862] pci 0000:60:03.0: [1022:1482] type 00 class 0x060000 conventional PCI endpoint
[    1.966960] pci 0000:60:03.1: [1022:1483] type 01 class 0x060400 PCIe Root Port
[    1.966982] pci 0000:60:03.1: PCI bridge to [bus 61-66]
[    1.966992] pci 0000:60:03.1:   bridge window [mem 0xcd200000-0xcd6fffff]
[    1.967010] pci 0000:60:03.1: enabling Extended Tags
[    1.967070] pci 0000:60:03.1: PME# supported from D0 D3hot D3cold
[    1.967322] pci 0000:60:03.2: [1022:1483] type 01 class 0x060400 PCIe Root Port
[    1.967344] pci 0000:60:03.2: PCI bridge to [bus 67-68]
[    1.967353] pci 0000:60:03.2:   bridge window [io  0xf000-0xffff]
[    1.967359] pci 0000:60:03.2:   bridge window [mem 0xcc000000-0xcd0fffff]
[    1.967430] pci 0000:60:03.2: PME# supported from D0 D3hot D3cold
[    1.967628] pci 0000:60:03.3: [1022:1483] type 01 class 0x060400 PCIe Root Port
[    1.967650] pci 0000:60:03.3: PCI bridge to [bus 69-6a]
[    1.967660] pci 0000:60:03.3:   bridge window [mem 0xcd700000-0xcd7fffff]
[    1.967671] pci 0000:60:03.3:   bridge window [mem 0x1401e000000-0x14020afffff 64bit pref]
[    1.967737] pci 0000:60:03.3: PME# supported from D0 D3hot D3cold
[    1.967924] pci 0000:60:04.0: [1022:1482] type 00 class 0x060000 conventional PCI endpoint
[    1.968015] pci 0000:60:05.0: [1022:1482] type 00 class 0x060000 conventional PCI endpoint
[    1.968104] pci 0000:60:07.0: [1022:1482] type 00 class 0x060000 conventional PCI endpoint
[    1.968199] pci 0000:60:07.1: [1022:1484] type 01 class 0x060400 PCIe Root Port
[    1.968220] pci 0000:60:07.1: PCI bridge to [bus 6b]
[    1.968240] pci 0000:60:07.1: enabling Extended Tags
[    1.968293] pci 0000:60:07.1: PME# supported from D0 D3hot D3cold
[    1.968467] pci 0000:60:08.0: [1022:1482] type 00 class 0x060000 conventional PCI endpoint
[    1.968565] pci 0000:60:08.1: [1022:1484] type 01 class 0x060400 PCIe Root Port
[    1.968587] pci 0000:60:08.1: PCI bridge to [bus 6c]
[    1.968608] pci 0000:60:08.1: enabling Extended Tags
[    1.968668] pci 0000:60:08.1: PME# supported from D0 D3hot D3cold
[    1.968927] pci 0000:61:00.0: [1022:57ad] type 01 class 0x060400 PCIe Switch Upstream Port
[    1.968970] pci 0000:61:00.0: PCI bridge to [bus 62-66]
[    1.968985] pci 0000:61:00.0:   bridge window [mem 0xcd200000-0xcd6fffff]
[    1.969015] pci 0000:61:00.0: enabling Extended Tags
[    1.969112] pci 0000:61:00.0: PME# supported from D0 D3hot D3cold
[    1.969438] pci 0000:60:03.1: PCI bridge to [bus 61-66]
[    1.969903] pci 0000:62:03.0: [1022:57a3] type 01 class 0x060400 PCIe Switch Downstream Port
[    1.969946] pci 0000:62:03.0: PCI bridge to [bus 63]
[    1.969962] pci 0000:62:03.0:   bridge window [mem 0xcd600000-0xcd6fffff]
[    1.970010] pci 0000:62:03.0: enabling Extended Tags
[    1.970286] pci 0000:62:03.0: PME# supported from D0 D3hot D3cold
[    1.970925] pci 0000:62:08.0: [1022:57a4] type 01 class 0x060400 PCIe Switch Downstream Port
[    1.970967] pci 0000:62:08.0: PCI bridge to [bus 64]
[    1.970982] pci 0000:62:08.0:   bridge window [mem 0xcd200000-0xcd3fffff]
[    1.971027] pci 0000:62:08.0: enabling Extended Tags
[    1.971208] pci 0000:62:08.0: PME# supported from D0 D3hot D3cold
[    1.971565] pci 0000:62:09.0: [1022:57a4] type 01 class 0x060400 PCIe Switch Downstream Port
[    1.971607] pci 0000:62:09.0: PCI bridge to [bus 65]
[    1.971624] pci 0000:62:09.0:   bridge window [mem 0xcd500000-0xcd5fffff]
[    1.971669] pci 0000:62:09.0: enabling Extended Tags
[    1.971851] pci 0000:62:09.0: PME# supported from D0 D3hot D3cold
[    1.972144] pci 0000:62:0a.0: [1022:57a4] type 01 class 0x060400 PCIe Switch Downstream Port
[    1.972185] pci 0000:62:0a.0: PCI bridge to [bus 66]
[    1.972200] pci 0000:62:0a.0:   bridge window [mem 0xcd400000-0xcd4fffff]
[    1.972244] pci 0000:62:0a.0: enabling Extended Tags
[    1.972426] pci 0000:62:0a.0: PME# supported from D0 D3hot D3cold
[    1.972708] pci 0000:61:00.0: PCI bridge to [bus 62-66]
[    1.972899] pci 0000:63:00.0: [1e4b:1202] type 00 class 0x010802 PCIe Endpoint
[    1.972974] pci 0000:63:00.0: BAR 0 [mem 0xcd600000-0xcd603fff 64bit]
[    1.973136] pci 0000:63:00.0: PME# supported from D0 D3hot D3cold
[    1.973513] pci 0000:62:03.0: PCI bridge to [bus 63]
[    1.973703] pci 0000:64:00.0: [1022:1485] type 00 class 0x130000 PCIe Endpoint
[    1.973781] pci 0000:64:00.0: enabling Extended Tags
[    1.974009] pci 0000:64:00.0: 126.024 Gb/s available PCIe bandwidth, limited by 16.0 GT/s PCIe x8 link at 0000:60:03.1 (capable of 252.048 Gb/s with 16.0 GT/s PCIe x16 link)
[    1.974295] pci 0000:64:00.1: [1022:149c] type 00 class 0x0c0330 PCIe Endpoint
[    1.975012] pci 0000:64:00.1: BAR 0 [mem 0xcd300000-0xcd3fffff 64bit]
[    1.975127] pci 0000:64:00.1: enabling Extended Tags
[    1.975785] pci 0000:64:00.1: PME# supported from D0 D3hot D3cold
[    1.976324] pci 0000:64:00.3: [1022:149c] type 00 class 0x0c0330 PCIe Endpoint
[    1.976390] pci 0000:64:00.3: BAR 0 [mem 0xcd200000-0xcd2fffff 64bit]
[    1.976412] pci 0000:64:00.3: enabling Extended Tags
[    1.976503] pci 0000:64:00.3: PME# supported from D0 D3hot D3cold
[    1.976737] pci 0000:62:08.0: PCI bridge to [bus 64]
[    1.976894] pci 0000:65:00.0: [1022:7901] type 00 class 0x010601 PCIe Endpoint
[    1.976967] pci 0000:65:00.0: BAR 5 [mem 0xcd500000-0xcd5007ff]
[    1.976983] pci 0000:65:00.0: enabling Extended Tags
[    1.977104] pci 0000:65:00.0: PME# supported from D3hot D3cold
[    1.977232] pci 0000:65:00.0: 126.024 Gb/s available PCIe bandwidth, limited by 16.0 GT/s PCIe x8 link at 0000:60:03.1 (capable of 252.048 Gb/s with 16.0 GT/s PCIe x16 link)
[    1.977343] pci 0000:62:09.0: PCI bridge to [bus 65]
[    1.977498] pci 0000:66:00.0: [1022:7901] type 00 class 0x010601 PCIe Endpoint
[    1.977569] pci 0000:66:00.0: BAR 5 [mem 0xcd400000-0xcd4007ff]
[    1.977585] pci 0000:66:00.0: enabling Extended Tags
[    1.977707] pci 0000:66:00.0: PME# supported from D3hot D3cold
[    1.977836] pci 0000:66:00.0: 126.024 Gb/s available PCIe bandwidth, limited by 16.0 GT/s PCIe x8 link at 0000:60:03.1 (capable of 252.048 Gb/s with 16.0 GT/s PCIe x16 link)
[    1.977948] pci 0000:62:0a.0: PCI bridge to [bus 66]
[    1.978077] pci 0000:67:00.0: [1a03:1150] type 01 class 0x060400 PCIe to PCI/PCI-X bridge
[    1.978110] pci 0000:67:00.0: PCI bridge to [bus 68]
[    1.978120] pci 0000:67:00.0:   bridge window [io  0xf000-0xffff]
[    1.978128] pci 0000:67:00.0:   bridge window [mem 0xcc000000-0xcd0fffff]
[    1.978214] pci 0000:67:00.0: supports D1 D2
[    1.978219] pci 0000:67:00.0: PME# supported from D0 D1 D2 D3hot D3cold
[    1.978374] pci 0000:60:03.2: PCI bridge to [bus 67-68]
[    1.978417] pci_bus 0000:68: extended config space not accessible
[    1.978449] pci 0000:68:00.0: [1a03:2000] type 00 class 0x030000 conventional PCI endpoint
[    1.978506] pci 0000:68:00.0: BAR 0 [mem 0xcc000000-0xccffffff]
[    1.978513] pci 0000:68:00.0: BAR 1 [mem 0xcd000000-0xcd01ffff]
[    1.978520] pci 0000:68:00.0: BAR 2 [io  0xf000-0xf07f]
[    1.978545] pci 0000:68:00.0: Video device with shadowed ROM at [mem 0x000c0000-0x000dffff]
[    1.978587] pci 0000:68:00.0: supports D1 D2
[    1.978591] pci 0000:68:00.0: PME# supported from D0 D1 D2 D3hot D3cold
[    1.978705] pci 0000:67:00.0: PCI bridge to [bus 68]
[    1.978822] pci 0000:69:00.0: [8086:15ff] type 00 class 0x020000 PCIe Endpoint
[    1.978869] pci 0000:69:00.0: BAR 0 [mem 0x1401f000000-0x1401fffffff 64bit pref]
[    1.978879] pci 0000:69:00.0: BAR 3 [mem 0x14020808000-0x1402080ffff 64bit pref]
[    1.978888] pci 0000:69:00.0: ROM [mem 0xcd780000-0xcd7fffff pref]
[    1.978986] pci 0000:69:00.0: PME# supported from D0 D3hot D3cold
[    1.979042] pci 0000:69:00.0: VF BAR 0 [mem 0x14020400000-0x1402040ffff 64bit pref]
[    1.979049] pci 0000:69:00.0: VF BAR 0 [mem 0x14020400000-0x140207fffff 64bit pref]: contains BAR 0 for 64 VFs
[    1.979060] pci 0000:69:00.0: VF BAR 3 [mem 0x14020910000-0x14020913fff 64bit pref]
[    1.979066] pci 0000:69:00.0: VF BAR 3 [mem 0x14020910000-0x14020a0ffff 64bit pref]: contains BAR 3 for 64 VFs
[    1.979489] pci 0000:69:00.1: [8086:15ff] type 00 class 0x020000 PCIe Endpoint
[    1.979536] pci 0000:69:00.1: BAR 0 [mem 0x1401e000000-0x1401effffff 64bit pref]
[    1.979546] pci 0000:69:00.1: BAR 3 [mem 0x14020800000-0x14020807fff 64bit pref]
[    1.979554] pci 0000:69:00.1: ROM [mem 0xcd700000-0xcd77ffff pref]
[    1.979651] pci 0000:69:00.1: PME# supported from D0 D3hot D3cold
[    1.979700] pci 0000:69:00.1: VF BAR 0 [mem 0x14020000000-0x1402000ffff 64bit pref]
[    1.979707] pci 0000:69:00.1: VF BAR 0 [mem 0x14020000000-0x140203fffff 64bit pref]: contains BAR 0 for 64 VFs
[    1.979717] pci 0000:69:00.1: VF BAR 3 [mem 0x14020810000-0x14020813fff 64bit pref]
[    1.979724] pci 0000:69:00.1: VF BAR 3 [mem 0x14020810000-0x1402090ffff 64bit pref]: contains BAR 3 for 64 VFs
[    1.980113] pci 0000:60:03.3: PCI bridge to [bus 69-6a]
[    1.980203] pci 0000:6b:00.0: [1022:148a] type 00 class 0x130000 PCIe Endpoint
[    1.980241] pci 0000:6b:00.0: enabling Extended Tags
[    1.980445] pci 0000:60:07.1: PCI bridge to [bus 6b]
[    1.980550] pci 0000:6c:00.0: [1022:1485] type 00 class 0x130000 PCIe Endpoint
[    1.980590] pci 0000:6c:00.0: enabling Extended Tags
[    1.980815] pci 0000:60:08.1: PCI bridge to [bus 6c]
[    1.983469] ACPI: PCI Root Bridge [S0D1] (domain 0000 [bus 40-5f])
[    1.983478] acpi PNP0A08:01: _OSC: OS supports [ExtendedConfig ASPM ClockPM Segments MSI EDR HPX-Type3]
[    1.983797] acpi PNP0A08:01: _OSC: platform does not support [AER LTR DPC]
[    1.984403] acpi PNP0A08:01: _OSC: OS now controls [PCIeHotplug SHPCHotplug PME PCIeCapability]
[    1.984914] PCI host bridge to bus 0000:40
[    1.984921] pci_bus 0000:40: root bus resource [io  0x7000-0x9fff window]
[    1.984928] pci_bus 0000:40: root bus resource [mem 0xc6000000-0xc9ffffff window]
[    1.984934] pci_bus 0000:40: root bus resource [mem 0x14021000000-0x18020ffffff window]
[    1.984941] pci_bus 0000:40: root bus resource [bus 40-5f]
[    1.984956] pci 0000:40:00.0: [1022:1480] type 00 class 0x060000 conventional PCI endpoint
[    1.985066] pci 0000:40:00.2: [1022:1481] type 00 class 0x080600 conventional PCI endpoint
[    1.985205] pci 0000:40:01.0: [1022:1482] type 00 class 0x060000 conventional PCI endpoint
[    1.985304] pci 0000:40:01.1: [1022:1483] type 01 class 0x060400 PCIe Root Port
[    1.985326] pci 0000:40:01.1: PCI bridge to [bus 41-44]
[    1.985335] pci 0000:40:01.1:   bridge window [mem 0xc9c00000-0xc9efffff]
[    1.985347] pci 0000:40:01.1:   bridge window [mem 0x17000000000-0x180057fffff 64bit pref]
[    1.985414] pci 0000:40:01.1: PME# supported from D0 D3hot D3cold
[    1.985598] pci 0000:40:02.0: [1022:1482] type 00 class 0x060000 conventional PCI endpoint
[    1.985689] pci 0000:40:03.0: [1022:1482] type 00 class 0x060000 conventional PCI endpoint
[    1.985788] pci 0000:40:03.1: [1022:1483] type 01 class 0x060400 PCIe Root Port
[    1.985809] pci 0000:40:03.1: PCI bridge to [bus 45-48]
[    1.985819] pci 0000:40:03.1:   bridge window [mem 0xc9800000-0xc9afffff]
[    1.985830] pci 0000:40:03.1:   bridge window [mem 0x15800000000-0x168057fffff 64bit pref]
[    1.985897] pci 0000:40:03.1: PME# supported from D0 D3hot D3cold
[    1.986084] pci 0000:40:04.0: [1022:1482] type 00 class 0x060000 conventional PCI endpoint
[    1.986171] pci 0000:40:05.0: [1022:1482] type 00 class 0x060000 conventional PCI endpoint
[    1.986261] pci 0000:40:07.0: [1022:1482] type 00 class 0x060000 conventional PCI endpoint
[    1.986358] pci 0000:40:07.1: [1022:1484] type 01 class 0x060400 PCIe Root Port
[    1.986379] pci 0000:40:07.1: PCI bridge to [bus 49]
[    1.986399] pci 0000:40:07.1: enabling Extended Tags
[    1.986452] pci 0000:40:07.1: PME# supported from D0 D3hot D3cold
[    1.986618] pci 0000:40:08.0: [1022:1482] type 00 class 0x060000 conventional PCI endpoint
[    1.986715] pci 0000:40:08.1: [1022:1484] type 01 class 0x060400 PCIe Root Port
[    1.986737] pci 0000:40:08.1: PCI bridge to [bus 4a]
[    1.986758] pci 0000:40:08.1: enabling Extended Tags
[    1.986813] pci 0000:40:08.1: PME# supported from D0 D3hot D3cold
[    1.987063] pci 0000:41:00.0: [8086:e2ff] type 01 class 0x060400 PCIe Switch Upstream Port
[    1.987091] pci 0000:41:00.0: BAR 0 [mem 0x18005000000-0x180057fffff 64bit pref]
[    1.987099] pci 0000:41:00.0: PCI bridge to [bus 42-44]
[    1.987111] pci 0000:41:00.0:   bridge window [mem 0xc9c00000-0xc9efffff]
[    1.987125] pci 0000:41:00.0:   bridge window [mem 0x17000000000-0x18004ffffff 64bit pref]
[    1.987212] pci 0000:41:00.0: PME# supported from D0 D3hot D3cold
[    1.987327] pci 0000:41:00.0: 252.048 Gb/s available PCIe bandwidth, limited by 16.0 GT/s PCIe x16 link at 0000:40:01.1 (capable of 504.112 Gb/s with 32.0 GT/s PCIe x16 link)
[    1.987427] pci 0000:40:01.1: PCI bridge to [bus 41-44]
[    1.987505] pci 0000:42:01.0: [8086:e2f0] type 01 class 0x060400 PCIe Switch Downstream Port
[    1.987536] pci 0000:42:01.0: PCI bridge to [bus 43]
[    1.987546] pci 0000:42:01.0:   bridge window [mem 0xc9c00000-0xc9dfffff]
[    1.987561] pci 0000:42:01.0:   bridge window [mem 0x17000000000-0x18004ffffff 64bit pref]
[    1.987634] pci 0000:42:01.0: PME# supported from D0 D3hot D3cold
[    1.987781] pci 0000:42:02.0: [8086:e2f1] type 01 class 0x060400 PCIe Switch Downstream Port
[    1.987821] pci 0000:42:02.0: PCI bridge to [bus 44]
[    1.987833] pci 0000:42:02.0:   bridge window [mem 0xc9e00000-0xc9efffff]
[    1.987934] pci 0000:42:02.0: PME# supported from D0 D3hot D3cold
[    1.988091] pci 0000:41:00.0: PCI bridge to [bus 42-44]
[    1.988183] pci 0000:43:00.0: [8086:e223] type 00 class 0x030000 PCIe Endpoint
[    1.988228] pci 0000:43:00.0: BAR 0 [mem 0x18004000000-0x18004ffffff 64bit pref]
[    1.988237] pci 0000:43:00.0: BAR 2 [mem 0x17000000000-0x177ffffffff 64bit pref]
[    1.988247] pci 0000:43:00.0: ROM [mem 0xc9c00000-0xc9dfffff pref]
[    1.988345] pci 0000:43:00.0: PME# supported from D0 D3hot
[    1.988398] pci 0000:43:00.0: VF BAR 0 [mem 0x18000000000-0x18000ffffff 64bit pref]
[    1.988405] pci 0000:43:00.0: VF BAR 0 [mem 0x18000000000-0x18003ffffff 64bit pref]: contains BAR 0 for 4 VFs
[    1.988415] pci 0000:43:00.0: VF BAR 2 [mem 0x17800000000-0x179ffffffff 64bit pref]
[    1.988421] pci 0000:43:00.0: VF BAR 2 [mem 0x17800000000-0x17fffffffff 64bit pref]: contains BAR 2 for 4 VFs
[    1.988635] pci 0000:42:01.0: PCI bridge to [bus 43]
[    1.988748] pci 0000:44:00.0: [8086:e2f7] type 00 class 0x040300 PCIe Endpoint
[    1.988818] pci 0000:44:00.0: BAR 0 [mem 0xc9e00000-0xc9e03fff 64bit]
[    1.988939] pci 0000:44:00.0: PME# supported from D3hot D3cold
[    1.989106] pci 0000:42:02.0: PCI bridge to [bus 44]
[    1.989229] pci 0000:45:00.0: [8086:e2ff] type 01 class 0x060400 PCIe Switch Upstream Port
[    1.989257] pci 0000:45:00.0: BAR 0 [mem 0x16805000000-0x168057fffff 64bit pref]
[    1.989265] pci 0000:45:00.0: PCI bridge to [bus 46-48]
[    1.989277] pci 0000:45:00.0:   bridge window [mem 0xc9800000-0xc9afffff]
[    1.989291] pci 0000:45:00.0:   bridge window [mem 0x15800000000-0x16804ffffff 64bit pref]
[    1.989378] pci 0000:45:00.0: PME# supported from D0 D3hot D3cold
[    1.989495] pci 0000:45:00.0: 252.048 Gb/s available PCIe bandwidth, limited by 16.0 GT/s PCIe x16 link at 0000:40:03.1 (capable of 504.112 Gb/s with 32.0 GT/s PCIe x16 link)
[    1.989594] pci 0000:40:03.1: PCI bridge to [bus 45-48]
[    1.989673] pci 0000:46:01.0: [8086:e2f0] type 01 class 0x060400 PCIe Switch Downstream Port
[    1.989705] pci 0000:46:01.0: PCI bridge to [bus 47]
[    1.989715] pci 0000:46:01.0:   bridge window [mem 0xc9800000-0xc99fffff]
[    1.989730] pci 0000:46:01.0:   bridge window [mem 0x15800000000-0x16804ffffff 64bit pref]
[    1.989797] pci 0000:46:01.0: PME# supported from D0 D3hot D3cold
[    1.989944] pci 0000:46:02.0: [8086:e2f1] type 01 class 0x060400 PCIe Switch Downstream Port
[    1.989985] pci 0000:46:02.0: PCI bridge to [bus 48]
[    1.989997] pci 0000:46:02.0:   bridge window [mem 0xc9a00000-0xc9afffff]
[    1.990098] pci 0000:46:02.0: PME# supported from D0 D3hot D3cold
[    1.990256] pci 0000:45:00.0: PCI bridge to [bus 46-48]
[    1.990351] pci 0000:47:00.0: [8086:e223] type 00 class 0x030000 PCIe Endpoint
[    1.990397] pci 0000:47:00.0: BAR 0 [mem 0x16804000000-0x16804ffffff 64bit pref]
[    1.990405] pci 0000:47:00.0: BAR 2 [mem 0x15800000000-0x15fffffffff 64bit pref]
[    1.990415] pci 0000:47:00.0: ROM [mem 0xc9800000-0xc99fffff pref]
[    1.990514] pci 0000:47:00.0: PME# supported from D0 D3hot
[    1.990567] pci 0000:47:00.0: VF BAR 0 [mem 0x16800000000-0x16800ffffff 64bit pref]
[    1.990574] pci 0000:47:00.0: VF BAR 0 [mem 0x16800000000-0x16803ffffff 64bit pref]: contains BAR 0 for 4 VFs
[    1.990584] pci 0000:47:00.0: VF BAR 2 [mem 0x16000000000-0x161ffffffff 64bit pref]
[    1.990590] pci 0000:47:00.0: VF BAR 2 [mem 0x16000000000-0x167ffffffff 64bit pref]: contains BAR 2 for 4 VFs
[    1.990806] pci 0000:46:01.0: PCI bridge to [bus 47]
[    1.990917] pci 0000:48:00.0: [8086:e2f7] type 00 class 0x040300 PCIe Endpoint
[    1.990986] pci 0000:48:00.0: BAR 0 [mem 0xc9a00000-0xc9a03fff 64bit]
[    1.991106] pci 0000:48:00.0: PME# supported from D3hot D3cold
[    1.991271] pci 0000:46:02.0: PCI bridge to [bus 48]
[    1.991387] pci 0000:49:00.0: [1022:148a] type 00 class 0x130000 PCIe Endpoint
[    1.991424] pci 0000:49:00.0: enabling Extended Tags
[    1.991639] pci 0000:40:07.1: PCI bridge to [bus 49]
[    1.991746] pci 0000:4a:00.0: [1022:1485] type 00 class 0x130000 PCIe Endpoint
[    1.991786] pci 0000:4a:00.0: enabling Extended Tags
[    1.992007] pci 0000:40:08.1: PCI bridge to [bus 4a]
[    1.993674] ACPI: PCI Root Bridge [S0D2] (domain 0000 [bus 20-3f])
[    1.993683] acpi PNP0A08:02: _OSC: OS supports [ExtendedConfig ASPM ClockPM Segments MSI EDR HPX-Type3]
[    1.994005] acpi PNP0A08:02: _OSC: platform does not support [AER LTR DPC]
[    1.994602] acpi PNP0A08:02: _OSC: OS now controls [PCIeHotplug SHPCHotplug PME PCIeCapability]
[    1.995117] PCI host bridge to bus 0000:20
[    1.995124] pci_bus 0000:20: root bus resource [io  0x4000-0x6fff window]
[    1.995131] pci_bus 0000:20: root bus resource [mem 0xc0000000-0xc3ffffff window]
[    1.995137] pci_bus 0000:20: root bus resource [mem 0x18081000000-0x1c080ffffff window]
[    1.995144] pci_bus 0000:20: root bus resource [bus 20-3f]
[    1.995162] pci 0000:20:00.0: [1022:1480] type 00 class 0x060000 conventional PCI endpoint
[    1.995270] pci 0000:20:00.2: [1022:1481] type 00 class 0x080600 conventional PCI endpoint
[    1.995407] pci 0000:20:01.0: [1022:1482] type 00 class 0x060000 conventional PCI endpoint
[    1.995494] pci 0000:20:02.0: [1022:1482] type 00 class 0x060000 conventional PCI endpoint
[    1.995583] pci 0000:20:03.0: [1022:1482] type 00 class 0x060000 conventional PCI endpoint
[    1.995675] pci 0000:20:04.0: [1022:1482] type 00 class 0x060000 conventional PCI endpoint
[    1.995762] pci 0000:20:05.0: [1022:1482] type 00 class 0x060000 conventional PCI endpoint
[    1.995851] pci 0000:20:07.0: [1022:1482] type 00 class 0x060000 conventional PCI endpoint
[    1.995949] pci 0000:20:07.1: [1022:1484] type 01 class 0x060400 PCIe Root Port
[    1.995971] pci 0000:20:07.1: PCI bridge to [bus 21]
[    1.995991] pci 0000:20:07.1: enabling Extended Tags
[    1.996045] pci 0000:20:07.1: PME# supported from D0 D3hot D3cold
[    1.996218] pci 0000:20:08.0: [1022:1482] type 00 class 0x060000 conventional PCI endpoint
[    1.996314] pci 0000:20:08.1: [1022:1484] type 01 class 0x060400 PCIe Root Port
[    1.996336] pci 0000:20:08.1: PCI bridge to [bus 22]
[    1.996345] pci 0000:20:08.1:   bridge window [mem 0xc3d00000-0xc3ffffff]
[    1.996363] pci 0000:20:08.1: enabling Extended Tags
[    1.996418] pci 0000:20:08.1: PME# supported from D0 D3hot D3cold
[    1.996679] pci 0000:21:00.0: [1022:148a] type 00 class 0x130000 PCIe Endpoint
[    1.996717] pci 0000:21:00.0: enabling Extended Tags
[    1.996924] pci 0000:20:07.1: PCI bridge to [bus 21]
[    1.997033] pci 0000:22:00.0: [1022:1485] type 00 class 0x130000 PCIe Endpoint
[    1.997073] pci 0000:22:00.0: enabling Extended Tags
[    1.997303] pci 0000:22:00.1: [1022:1486] type 00 class 0x108000 PCIe Endpoint
[    1.997337] pci 0000:22:00.1: BAR 2 [mem 0xc3e00000-0xc3efffff]
[    1.997345] pci 0000:22:00.1: BAR 5 [mem 0xc3f08000-0xc3f09fff]
[    1.997355] pci 0000:22:00.1: enabling Extended Tags
[    1.997562] pci 0000:22:00.3: [1022:148c] type 00 class 0x0c0330 PCIe Endpoint
[    1.997597] pci 0000:22:00.3: BAR 0 [mem 0xc3d00000-0xc3dfffff 64bit]
[    1.997611] pci 0000:22:00.3: enabling Extended Tags
[    1.997671] pci 0000:22:00.3: PME# supported from D0 D3hot D3cold
[    1.997835] pci 0000:22:00.4: [1022:1487] type 00 class 0x040300 PCIe Endpoint
[    1.997867] pci 0000:22:00.4: BAR 0 [mem 0xc3f00000-0xc3f07fff]
[    1.997882] pci 0000:22:00.4: enabling Extended Tags
[    1.997936] pci 0000:22:00.4: PME# supported from D0 D3hot D3cold
[    1.998102] pci 0000:20:08.1: PCI bridge to [bus 22]
[    1.999318] ACPI: PCI Root Bridge [PCI0] (domain 0000 [bus 00-1f])
[    1.999328] acpi PNP0A08:03: _OSC: OS supports [ExtendedConfig ASPM ClockPM Segments MSI EDR HPX-Type3]
[    1.999647] acpi PNP0A08:03: _OSC: platform does not support [AER LTR DPC]
[    2.000252] acpi PNP0A08:03: _OSC: OS now controls [PCIeHotplug SHPCHotplug PME PCIeCapability]
[    2.000912] PCI host bridge to bus 0000:00
[    2.000920] pci_bus 0000:00: root bus resource [io  0x0000-0x03af window]
[    2.000927] pci_bus 0000:00: root bus resource [io  0x03e0-0x0cf7 window]
[    2.000933] pci_bus 0000:00: root bus resource [io  0x1000-0x3fff window]
[    2.000939] pci_bus 0000:00: root bus resource [mem 0x000c0000-0x000dffff window]
[    2.000945] pci_bus 0000:00: root bus resource [mem 0xf0000000-0xf3ffffff window]
[    2.000952] pci_bus 0000:00: root bus resource [mem 0x1c081000000-0x20080ffffff window]
[    2.000959] pci_bus 0000:00: root bus resource [bus 00-1f]
[    2.000977] pci 0000:00:00.0: [1022:1480] type 00 class 0x060000 conventional PCI endpoint
[    2.001083] pci 0000:00:00.2: [1022:1481] type 00 class 0x080600 conventional PCI endpoint
[    2.001224] pci 0000:00:01.0: [1022:1482] type 00 class 0x060000 conventional PCI endpoint
[    2.001324] pci 0000:00:01.1: [1022:1483] type 01 class 0x060400 PCIe Root Port
[    2.001346] pci 0000:00:01.1: PCI bridge to [bus 01-04]
[    2.001356] pci 0000:00:01.1:   bridge window [mem 0xf3a00000-0xf3cfffff]
[    2.001367] pci 0000:00:01.1:   bridge window [mem 0x1f000000000-0x200057fffff 64bit pref]
[    2.001435] pci 0000:00:01.1: PME# supported from D0 D3hot D3cold
[    2.001628] pci 0000:00:02.0: [1022:1482] type 00 class 0x060000 conventional PCI endpoint
[    2.001724] pci 0000:00:03.0: [1022:1482] type 00 class 0x060000 conventional PCI endpoint
[    2.001823] pci 0000:00:03.1: [1022:1483] type 01 class 0x060400 PCIe Root Port
[    2.001845] pci 0000:00:03.1: PCI bridge to [bus 05-08]
[    2.001855] pci 0000:00:03.1:   bridge window [mem 0xf3600000-0xf38fffff]
[    2.001866] pci 0000:00:03.1:   bridge window [mem 0x1d800000000-0x1e8057fffff 64bit pref]
[    2.001933] pci 0000:00:03.1: PME# supported from D0 D3hot D3cold
[    2.002122] pci 0000:00:04.0: [1022:1482] type 00 class 0x060000 conventional PCI endpoint
[    2.002220] pci 0000:00:05.0: [1022:1482] type 00 class 0x060000 conventional PCI endpoint
[    2.002315] pci 0000:00:07.0: [1022:1482] type 00 class 0x060000 conventional PCI endpoint
[    2.002412] pci 0000:00:07.1: [1022:1484] type 01 class 0x060400 PCIe Root Port
[    2.002434] pci 0000:00:07.1: PCI bridge to [bus 09]
[    2.002454] pci 0000:00:07.1: enabling Extended Tags
[    2.002507] pci 0000:00:07.1: PME# supported from D0 D3hot D3cold
[    2.002695] pci 0000:00:08.0: [1022:1482] type 00 class 0x060000 conventional PCI endpoint
[    2.002794] pci 0000:00:08.1: [1022:1484] type 01 class 0x060400 PCIe Root Port
[    2.002816] pci 0000:00:08.1: PCI bridge to [bus 0a]
[    2.002826] pci 0000:00:08.1:   bridge window [mem 0xf3e00000-0xf3efffff]
[    2.002843] pci 0000:00:08.1: enabling Extended Tags
[    2.002899] pci 0000:00:08.1: PME# supported from D0 D3hot D3cold
[    2.003100] pci 0000:00:14.0: [1022:790b] type 00 class 0x0c0500 conventional PCI endpoint
[    2.003249] pci 0000:00:14.3: [1022:790e] type 00 class 0x060100 conventional PCI endpoint
[    2.003419] pci 0000:00:18.0: [1022:1490] type 00 class 0x060000 conventional PCI endpoint
[    2.003486] pci 0000:00:18.1: [1022:1491] type 00 class 0x060000 conventional PCI endpoint
[    2.003550] pci 0000:00:18.2: [1022:1492] type 00 class 0x060000 conventional PCI endpoint
[    2.003611] pci 0000:00:18.3: [1022:1493] type 00 class 0x060000 conventional PCI endpoint
[    2.003678] pci 0000:00:18.4: [1022:1494] type 00 class 0x060000 conventional PCI endpoint
[    2.003741] pci 0000:00:18.5: [1022:1495] type 00 class 0x060000 conventional PCI endpoint
[    2.003803] pci 0000:00:18.6: [1022:1496] type 00 class 0x060000 conventional PCI endpoint
[    2.003867] pci 0000:00:18.7: [1022:1497] type 00 class 0x060000 conventional PCI endpoint
[    2.004020] pci 0000:01:00.0: [8086:e2ff] type 01 class 0x060400 PCIe Switch Upstream Port
[    2.004048] pci 0000:01:00.0: BAR 0 [mem 0x20005000000-0x200057fffff 64bit pref]
[    2.004057] pci 0000:01:00.0: PCI bridge to [bus 02-04]
[    2.004068] pci 0000:01:00.0:   bridge window [mem 0xf3a00000-0xf3cfffff]
[    2.004082] pci 0000:01:00.0:   bridge window [mem 0x1f000000000-0x20004ffffff 64bit pref]
[    2.004170] pci 0000:01:00.0: PME# supported from D0 D3hot D3cold
[    2.004287] pci 0000:01:00.0: 252.048 Gb/s available PCIe bandwidth, limited by 16.0 GT/s PCIe x16 link at 0000:00:01.1 (capable of 504.112 Gb/s with 32.0 GT/s PCIe x16 link)
[    2.004388] pci 0000:00:01.1: PCI bridge to [bus 01-04]
[    2.004467] pci 0000:02:01.0: [8086:e2f0] type 01 class 0x060400 PCIe Switch Downstream Port
[    2.004498] pci 0000:02:01.0: PCI bridge to [bus 03]
[    2.004508] pci 0000:02:01.0:   bridge window [mem 0xf3a00000-0xf3bfffff]
[    2.004523] pci 0000:02:01.0:   bridge window [mem 0x1f000000000-0x20004ffffff 64bit pref]
[    2.004590] pci 0000:02:01.0: PME# supported from D0 D3hot D3cold
[    2.004740] pci 0000:02:02.0: [8086:e2f1] type 01 class 0x060400 PCIe Switch Downstream Port
[    2.004781] pci 0000:02:02.0: PCI bridge to [bus 04]
[    2.004793] pci 0000:02:02.0:   bridge window [mem 0xf3c00000-0xf3cfffff]
[    2.004895] pci 0000:02:02.0: PME# supported from D0 D3hot D3cold
[    2.005054] pci 0000:01:00.0: PCI bridge to [bus 02-04]
[    2.005148] pci 0000:03:00.0: [8086:e223] type 00 class 0x030000 PCIe Endpoint
[    2.005194] pci 0000:03:00.0: BAR 0 [mem 0x20004000000-0x20004ffffff 64bit pref]
[    2.005203] pci 0000:03:00.0: BAR 2 [mem 0x1f000000000-0x1f7ffffffff 64bit pref]
[    2.005212] pci 0000:03:00.0: ROM [mem 0xf3a00000-0xf3bfffff pref]
[    2.005312] pci 0000:03:00.0: PME# supported from D0 D3hot
[    2.005365] pci 0000:03:00.0: VF BAR 0 [mem 0x20000000000-0x20000ffffff 64bit pref]
[    2.005372] pci 0000:03:00.0: VF BAR 0 [mem 0x20000000000-0x20003ffffff 64bit pref]: contains BAR 0 for 4 VFs
[    2.005381] pci 0000:03:00.0: VF BAR 2 [mem 0x1f800000000-0x1f9ffffffff 64bit pref]
[    2.005388] pci 0000:03:00.0: VF BAR 2 [mem 0x1f800000000-0x1ffffffffff 64bit pref]: contains BAR 2 for 4 VFs
[    2.005600] pci 0000:02:01.0: PCI bridge to [bus 03]
[    2.005719] pci 0000:04:00.0: [8086:e2f7] type 00 class 0x040300 PCIe Endpoint
[    2.005788] pci 0000:04:00.0: BAR 0 [mem 0xf3c00000-0xf3c03fff 64bit]
[    2.005907] pci 0000:04:00.0: PME# supported from D3hot D3cold
[    2.006074] pci 0000:02:02.0: PCI bridge to [bus 04]
[    2.006198] pci 0000:05:00.0: [8086:e2ff] type 01 class 0x060400 PCIe Switch Upstream Port
[    2.006226] pci 0000:05:00.0: BAR 0 [mem 0x1e805000000-0x1e8057fffff 64bit pref]
[    2.006235] pci 0000:05:00.0: PCI bridge to [bus 06-08]
[    2.006246] pci 0000:05:00.0:   bridge window [mem 0xf3600000-0xf38fffff]
[    2.006260] pci 0000:05:00.0:   bridge window [mem 0x1d800000000-0x1e804ffffff 64bit pref]
[    2.006349] pci 0000:05:00.0: PME# supported from D0 D3hot D3cold
[    2.006466] pci 0000:05:00.0: 252.048 Gb/s available PCIe bandwidth, limited by 16.0 GT/s PCIe x16 link at 0000:00:03.1 (capable of 504.112 Gb/s with 32.0 GT/s PCIe x16 link)
[    2.006566] pci 0000:00:03.1: PCI bridge to [bus 05-08]
[    2.006647] pci 0000:06:01.0: [8086:e2f0] type 01 class 0x060400 PCIe Switch Downstream Port
[    2.006678] pci 0000:06:01.0: PCI bridge to [bus 07]
[    2.006688] pci 0000:06:01.0:   bridge window [mem 0xf3600000-0xf37fffff]
[    2.006703] pci 0000:06:01.0:   bridge window [mem 0x1d800000000-0x1e804ffffff 64bit pref]
[    2.006771] pci 0000:06:01.0: PME# supported from D0 D3hot D3cold
[    2.006919] pci 0000:06:02.0: [8086:e2f1] type 01 class 0x060400 PCIe Switch Downstream Port
[    2.006960] pci 0000:06:02.0: PCI bridge to [bus 08]
[    2.006972] pci 0000:06:02.0:   bridge window [mem 0xf3800000-0xf38fffff]
[    2.007074] pci 0000:06:02.0: PME# supported from D0 D3hot D3cold
[    2.007233] pci 0000:05:00.0: PCI bridge to [bus 06-08]
[    2.007326] pci 0000:07:00.0: [8086:e223] type 00 class 0x030000 PCIe Endpoint
[    2.007372] pci 0000:07:00.0: BAR 0 [mem 0x1e804000000-0x1e804ffffff 64bit pref]
[    2.007381] pci 0000:07:00.0: BAR 2 [mem 0x1d800000000-0x1dfffffffff 64bit pref]
[    2.007391] pci 0000:07:00.0: ROM [mem 0xf3600000-0xf37fffff pref]
[    2.007491] pci 0000:07:00.0: PME# supported from D0 D3hot
[    2.007544] pci 0000:07:00.0: VF BAR 0 [mem 0x1e800000000-0x1e800ffffff 64bit pref]
[    2.007551] pci 0000:07:00.0: VF BAR 0 [mem 0x1e800000000-0x1e803ffffff 64bit pref]: contains BAR 0 for 4 VFs
[    2.007561] pci 0000:07:00.0: VF BAR 2 [mem 0x1e000000000-0x1e1ffffffff 64bit pref]
[    2.007567] pci 0000:07:00.0: VF BAR 2 [mem 0x1e000000000-0x1e7ffffffff 64bit pref]: contains BAR 2 for 4 VFs
[    2.007785] pci 0000:06:01.0: PCI bridge to [bus 07]
[    2.007900] pci 0000:08:00.0: [8086:e2f7] type 00 class 0x040300 PCIe Endpoint
[    2.007971] pci 0000:08:00.0: BAR 0 [mem 0xf3800000-0xf3803fff 64bit]
[    2.008092] pci 0000:08:00.0: PME# supported from D3hot D3cold
[    2.008259] pci 0000:06:02.0: PCI bridge to [bus 08]
[    2.008376] pci 0000:09:00.0: [1022:148a] type 00 class 0x130000 PCIe Endpoint
[    2.008413] pci 0000:09:00.0: enabling Extended Tags
[    2.008625] pci 0000:00:07.1: PCI bridge to [bus 09]
[    2.008732] pci 0000:0a:00.0: [1022:1485] type 00 class 0x130000 PCIe Endpoint
[    2.008773] pci 0000:0a:00.0: enabling Extended Tags
[    2.009008] pci 0000:0a:00.3: [1022:148c] type 00 class 0x0c0330 PCIe Endpoint
[    2.009043] pci 0000:0a:00.3: BAR 0 [mem 0xf3e00000-0xf3efffff 64bit]
[    2.009057] pci 0000:0a:00.3: enabling Extended Tags
[    2.009114] pci 0000:0a:00.3: PME# supported from D0 D3hot D3cold
[    2.009272] pci 0000:00:08.1: PCI bridge to [bus 0a]
[    2.011519] ACPI: PCI: Interrupt link LNKA configured for IRQ 0
[    2.011604] ACPI: PCI: Interrupt link LNKB configured for IRQ 0
[    2.011683] ACPI: PCI: Interrupt link LNKC configured for IRQ 0
[    2.011775] ACPI: PCI: Interrupt link LNKD configured for IRQ 0
[    2.011858] ACPI: PCI: Interrupt link LNKE configured for IRQ 0
[    2.011928] ACPI: PCI: Interrupt link LNKF configured for IRQ 0
[    2.011998] ACPI: PCI: Interrupt link LNKG configured for IRQ 0
[    2.012067] ACPI: PCI: Interrupt link LNKH configured for IRQ 0
[    2.013421] iommu: Default domain type: Translated
[    2.013421] iommu: DMA domain TLB invalidation policy: lazy mode
[    2.013867] SCSI subsystem initialized
[    2.013882] libata version 3.00 loaded.
[    2.013882] ACPI: bus type USB registered
[    2.013882] usbcore: registered new interface driver usbfs
[    2.013882] usbcore: registered new interface driver hub
[    2.013882] usbcore: registered new device driver usb
[    2.024780] pps_core: LinuxPPS API ver. 1 registered
[    2.024786] pps_core: Software ver. 5.3.6 - Copyright 2005-2007 Rodolfo Giometti <giometti@linux.it>
[    2.024795] PTP clock support registered
[    2.024830] EDAC MC: Ver: 3.0.0
[    2.024927] efivars: Registered efivars operations
[    2.025821] NetLabel: Initializing
[    2.025826] NetLabel:  domain hash size = 128
[    2.025830] NetLabel:  protocols = UNLABELED CIPSOv4 CALIPSO
[    2.025855] NetLabel:  unlabeled traffic allowed by default
[    2.025880] mctp: management component transport protocol core
[    2.025880] NET: Registered PF_MCTP protocol family
[    2.025880] PCI: Using ACPI for IRQ routing
[    2.028760] PCI: pci_cache_line_size set to 64 bytes
[    2.028977] e820: register RAM buffer resource [mem 0x09cef000-0x0bffffff]
[    2.028984] e820: register RAM buffer resource [mem 0xb0848000-0xb3ffffff]
[    2.028989] e820: register RAM buffer resource [mem 0xb1423000-0xb3ffffff]
[    2.028995] e820: register RAM buffer resource [mem 0xb5c31000-0xb7ffffff]
[    2.029000] e820: register RAM buffer resource [mem 0x203f300000-0x203fffffff]
[    2.029117] pci 0000:68:00.0: vgaarb: setting as boot VGA device
[    2.029117] pci 0000:68:00.0: vgaarb: bridge control possible
[    2.029117] pci 0000:68:00.0: vgaarb: VGA device added: decodes=io+mem,owns=io+mem,locks=none
[    2.029117] pci 0000:43:00.0: vgaarb: bridge control possible
[    2.029117] pci 0000:43:00.0: vgaarb: VGA device added: decodes=io+mem,owns=none,locks=none
[    2.029117] pci 0000:47:00.0: vgaarb: bridge control possible
[    2.029117] pci 0000:47:00.0: vgaarb: VGA device added: decodes=io+mem,owns=none,locks=none
[    2.029117] pci 0000:03:00.0: vgaarb: bridge control possible
[    2.029117] pci 0000:03:00.0: vgaarb: VGA device added: decodes=io+mem,owns=none,locks=none
[    2.029117] pci 0000:07:00.0: vgaarb: bridge control possible
[    2.029117] pci 0000:07:00.0: vgaarb: VGA device added: decodes=io+mem,owns=none,locks=none
[    2.029117] vgaarb: loaded
[    2.029117] clocksource: Switched to clocksource tsc-early
[    2.029117] VFS: Disk quotas dquot_6.6.0
[    2.029117] VFS: Dquot-cache hash table entries: 512 (order 0, 4096 bytes)
[    2.029158] AppArmor: AppArmor Filesystem Enabled
[    2.029212] acpi PNP0C02:00: Reserved [mem 0xf4100000-0xf41fffff]
[    2.029261] acpi PNP0C01:00: Reserved [mem 0xe0000000-0xefffffff]
[    2.029562] acpi PNP0C02:01: Reserved [io  0x0a00-0x0a0f]
[    2.029568] acpi PNP0C02:01: Reserved [io  0x0a10-0x0a1f]
[    2.029574] acpi PNP0C02:01: Reserved [io  0x0a20-0x0a2f]
[    2.029580] acpi PNP0C02:01: Reserved [io  0x0a30-0x0a3f]
[    2.029586] acpi PNP0C02:01: Reserved [io  0x0a40-0x0a4f]
[    2.029852] acpi PNP0C02:02: Skipped [io  0x0010-0x001f]
[    2.029858] acpi PNP0C02:02: Skipped [io  0x0022-0x003f]
[    2.029863] acpi PNP0C02:02: Skipped [io  0x0063]
[    2.029868] acpi PNP0C02:02: Skipped [io  0x0065]
[    2.029873] acpi PNP0C02:02: Skipped [io  0x0067-0x006f]
[    2.029878] acpi PNP0C02:02: Skipped [io  0x0072-0x007f]
[    2.029883] acpi PNP0C02:02: Skipped [io  0x0080]
[    2.029888] acpi PNP0C02:02: Skipped [io  0x0084-0x0086]
[    2.029893] acpi PNP0C02:02: Skipped [io  0x0088]
[    2.029898] acpi PNP0C02:02: Skipped [io  0x008c-0x008e]
[    2.029903] acpi PNP0C02:02: Skipped [io  0x0090-0x009f]
[    2.029908] acpi PNP0C02:02: Skipped [io  0x00a2-0x00bf]
[    2.029913] acpi PNP0C02:02: Skipped [io  0x00b1]
[    2.029918] acpi PNP0C02:02: Skipped [io  0x00e0-0x00ef]
[    2.029923] acpi PNP0C02:02: Reserved [io  0x04d0-0x04d1]
[    2.029929] acpi PNP0C02:02: Reserved [io  0x040b]
[    2.029934] acpi PNP0C02:02: Reserved [io  0x04d6]
[    2.029939] acpi PNP0C02:02: Reserved [io  0x0c00-0x0c01]
[    2.029944] acpi PNP0C02:02: Reserved [io  0x0c14]
[    2.029950] acpi PNP0C02:02: Reserved [io  0x0c50-0x0c51]
[    2.029956] acpi PNP0C02:02: Reserved [io  0x0c52]
[    2.029961] acpi PNP0C02:02: Reserved [io  0x0c6c]
[    2.029966] acpi PNP0C02:02: Reserved [io  0x0c6f]
[    2.029971] acpi PNP0C02:02: Reserved [io  0x0cd8-0x0cdf]
[    2.029976] acpi PNP0C02:02: Reserved [io  0x0800-0x089f]
[    2.029981] acpi PNP0C02:02: Reserved [io  0x0b00-0x0b0f]
[    2.029986] acpi PNP0C02:02: Reserved [io  0x0b20-0x0b3f]
[    2.029992] acpi PNP0C02:02: Reserved [io  0x0900-0x090f]
[    2.029997] acpi PNP0C02:02: Reserved [io  0x0910-0x091f]
[    2.030003] acpi PNP0C02:02: Could not reserve [mem 0xfec00000-0xfec00fff]
[    2.030009] acpi PNP0C02:02: Reserved [mem 0xfedc0000-0xfedc0fff]
[    2.030014] acpi PNP0C02:02: Reserved [mem 0xfee00000-0xfee00fff]
[    2.030020] acpi PNP0C02:02: Could not reserve [mem 0xfed80000-0xfed8ffff]
[    2.030026] acpi PNP0C02:02: Reserved [mem 0xfec10000-0xfec10fff]
[    2.030032] acpi PNP0C02:02: Reserved [mem 0xff000000-0xffffffff]
[    2.030070] pnp: PnP ACPI init
[    2.032614] pnp 00:01: [dma 0 disabled]
[    2.032986] pnp 00:02: [dma 0 disabled]
[    2.034110] pnp: PnP ACPI: found 3 devices
[    2.040601] clocksource: acpi_pm: mask: 0xffffff max_cycles: 0xffffff, max_idle_ns: 2085701024 ns
[    2.040704] NET: Registered PF_INET protocol family
[    2.040835] IP idents hash table entries: 262144 (order: 9, 2097152 bytes, linear)
[    2.060440] tcp_listen_portaddr_hash hash table entries: 65536 (order: 8, 1048576 bytes, linear)
[    2.060522] Table-perturb hash table entries: 65536 (order: 6, 262144 bytes, linear)
[    2.060753] TCP established hash table entries: 524288 (order: 10, 4194304 bytes, linear)
[    2.061194] TCP bind hash table entries: 65536 (order: 9, 2097152 bytes, linear)
[    2.061278] TCP: Hash tables configured (established 524288 bind 65536)
[    2.061506] MPTCP token hash table entries: 65536 (order: 9, 1572864 bytes, linear)
[    2.061800] UDP hash table entries: 65536 (order: 10, 4194304 bytes, linear)
[    2.062239] UDP-Lite hash table entries: 65536 (order: 10, 4194304 bytes, linear)
[    2.062578] NET: Registered PF_UNIX/PF_LOCAL protocol family
[    2.062594] NET: Registered PF_XDP protocol family
[    2.062632] pci 0000:62:03.0: PCI bridge to [bus 63]
[    2.062644] pci 0000:62:03.0:   bridge window [mem 0xcd600000-0xcd6fffff]
[    2.062661] pci 0000:62:08.0: PCI bridge to [bus 64]
[    2.062670] pci 0000:62:08.0:   bridge window [mem 0xcd200000-0xcd3fffff]
[    2.062685] pci 0000:62:09.0: PCI bridge to [bus 65]
[    2.062694] pci 0000:62:09.0:   bridge window [mem 0xcd500000-0xcd5fffff]
[    2.062709] pci 0000:62:0a.0: PCI bridge to [bus 66]
[    2.062718] pci 0000:62:0a.0:   bridge window [mem 0xcd400000-0xcd4fffff]
[    2.062733] pci 0000:61:00.0: PCI bridge to [bus 62-66]
[    2.062742] pci 0000:61:00.0:   bridge window [mem 0xcd200000-0xcd6fffff]
[    2.062757] pci 0000:60:03.1: PCI bridge to [bus 61-66]
[    2.062764] pci 0000:60:03.1:   bridge window [mem 0xcd200000-0xcd6fffff]
[    2.062775] pci 0000:67:00.0: PCI bridge to [bus 68]
[    2.062782] pci 0000:67:00.0:   bridge window [io  0xf000-0xffff]
[    2.062791] pci 0000:67:00.0:   bridge window [mem 0xcc000000-0xcd0fffff]
[    2.062803] pci 0000:60:03.2: PCI bridge to [bus 67-68]
[    2.062809] pci 0000:60:03.2:   bridge window [io  0xf000-0xffff]
[    2.062816] pci 0000:60:03.2:   bridge window [mem 0xcc000000-0xcd0fffff]
[    2.062830] pci 0000:60:03.3: PCI bridge to [bus 69-6a]
[    2.062837] pci 0000:60:03.3:   bridge window [mem 0xcd700000-0xcd7fffff]
[    2.062844] pci 0000:60:03.3:   bridge window [mem 0x1401e000000-0x14020afffff 64bit pref]
[    2.062854] pci 0000:60:07.1: PCI bridge to [bus 6b]
[    2.062865] pci 0000:60:08.1: PCI bridge to [bus 6c]
[    2.062876] pci_bus 0000:60: resource 4 [io  0x03b0-0x03df window]
[    2.062882] pci_bus 0000:60: resource 5 [io  0xa000-0xffff window]
[    2.062888] pci_bus 0000:60: resource 6 [mem 0x000a0000-0x000bffff window]
[    2.062894] pci_bus 0000:60: resource 7 [mem 0xca000000-0xcdffffff window]
[    2.062900] pci_bus 0000:60: resource 8 [mem 0x10021000000-0x14020ffffff window]
[    2.062907] pci_bus 0000:61: resource 1 [mem 0xcd200000-0xcd6fffff]
[    2.062913] pci_bus 0000:62: resource 1 [mem 0xcd200000-0xcd6fffff]
[    2.062919] pci_bus 0000:63: resource 1 [mem 0xcd600000-0xcd6fffff]
[    2.062925] pci_bus 0000:64: resource 1 [mem 0xcd200000-0xcd3fffff]
[    2.062931] pci_bus 0000:65: resource 1 [mem 0xcd500000-0xcd5fffff]
[    2.062937] pci_bus 0000:66: resource 1 [mem 0xcd400000-0xcd4fffff]
[    2.062943] pci_bus 0000:67: resource 0 [io  0xf000-0xffff]
[    2.062949] pci_bus 0000:67: resource 1 [mem 0xcc000000-0xcd0fffff]
[    2.062955] pci_bus 0000:68: resource 0 [io  0xf000-0xffff]
[    2.062961] pci_bus 0000:68: resource 1 [mem 0xcc000000-0xcd0fffff]
[    2.062967] pci_bus 0000:69: resource 1 [mem 0xcd700000-0xcd7fffff]
[    2.062972] pci_bus 0000:69: resource 2 [mem 0x1401e000000-0x14020afffff 64bit pref]
[    2.063082] pci 0000:42:01.0: PCI bridge to [bus 43]
[    2.063091] pci 0000:42:01.0:   bridge window [mem 0xc9c00000-0xc9dfffff]
[    2.063099] pci 0000:42:01.0:   bridge window [mem 0x17000000000-0x18004ffffff 64bit pref]
[    2.063110] pci 0000:42:02.0: PCI bridge to [bus 44]
[    2.063119] pci 0000:42:02.0:   bridge window [mem 0xc9e00000-0xc9efffff]
[    2.063134] pci 0000:41:00.0: PCI bridge to [bus 42-44]
[    2.063142] pci 0000:41:00.0:   bridge window [mem 0xc9c00000-0xc9efffff]
[    2.063150] pci 0000:41:00.0:   bridge window [mem 0x17000000000-0x18004ffffff 64bit pref]
[    2.063160] pci 0000:40:01.1: PCI bridge to [bus 41-44]
[    2.063167] pci 0000:40:01.1:   bridge window [mem 0xc9c00000-0xc9efffff]
[    2.063174] pci 0000:40:01.1:   bridge window [mem 0x17000000000-0x180057fffff 64bit pref]
[    2.063185] pci 0000:46:01.0: PCI bridge to [bus 47]
[    2.063193] pci 0000:46:01.0:   bridge window [mem 0xc9800000-0xc99fffff]
[    2.063201] pci 0000:46:01.0:   bridge window [mem 0x15800000000-0x16804ffffff 64bit pref]
[    2.063213] pci 0000:46:02.0: PCI bridge to [bus 48]
[    2.063222] pci 0000:46:02.0:   bridge window [mem 0xc9a00000-0xc9afffff]
[    2.063237] pci 0000:45:00.0: PCI bridge to [bus 46-48]
[    2.063245] pci 0000:45:00.0:   bridge window [mem 0xc9800000-0xc9afffff]
[    2.063252] pci 0000:45:00.0:   bridge window [mem 0x15800000000-0x16804ffffff 64bit pref]
[    2.063263] pci 0000:40:03.1: PCI bridge to [bus 45-48]
[    2.063270] pci 0000:40:03.1:   bridge window [mem 0xc9800000-0xc9afffff]
[    2.063278] pci 0000:40:03.1:   bridge window [mem 0x15800000000-0x168057fffff 64bit pref]
[    2.063288] pci 0000:40:07.1: PCI bridge to [bus 49]
[    2.063299] pci 0000:40:08.1: PCI bridge to [bus 4a]
[    2.063310] pci_bus 0000:40: resource 4 [io  0x7000-0x9fff window]
[    2.063315] pci_bus 0000:40: resource 5 [mem 0xc6000000-0xc9ffffff window]
[    2.063321] pci_bus 0000:40: resource 6 [mem 0x14021000000-0x18020ffffff window]
[    2.063328] pci_bus 0000:41: resource 1 [mem 0xc9c00000-0xc9efffff]
[    2.063334] pci_bus 0000:41: resource 2 [mem 0x17000000000-0x180057fffff 64bit pref]
[    2.063341] pci_bus 0000:42: resource 1 [mem 0xc9c00000-0xc9efffff]
[    2.063346] pci_bus 0000:42: resource 2 [mem 0x17000000000-0x18004ffffff 64bit pref]
[    2.063353] pci_bus 0000:43: resource 1 [mem 0xc9c00000-0xc9dfffff]
[    2.063359] pci_bus 0000:43: resource 2 [mem 0x17000000000-0x18004ffffff 64bit pref]
[    2.063366] pci_bus 0000:44: resource 1 [mem 0xc9e00000-0xc9efffff]
[    2.063372] pci_bus 0000:45: resource 1 [mem 0xc9800000-0xc9afffff]
[    2.063377] pci_bus 0000:45: resource 2 [mem 0x15800000000-0x168057fffff 64bit pref]
[    2.063384] pci_bus 0000:46: resource 1 [mem 0xc9800000-0xc9afffff]
[    2.063390] pci_bus 0000:46: resource 2 [mem 0x15800000000-0x16804ffffff 64bit pref]
[    2.063397] pci_bus 0000:47: resource 1 [mem 0xc9800000-0xc99fffff]
[    2.063403] pci_bus 0000:47: resource 2 [mem 0x15800000000-0x16804ffffff 64bit pref]
[    2.063410] pci_bus 0000:48: resource 1 [mem 0xc9a00000-0xc9afffff]
[    2.063469] pci 0000:20:07.1: PCI bridge to [bus 21]
[    2.063481] pci 0000:20:08.1: PCI bridge to [bus 22]
[    2.063488] pci 0000:20:08.1:   bridge window [mem 0xc3d00000-0xc3ffffff]
[    2.063498] pci_bus 0000:20: resource 4 [io  0x4000-0x6fff window]
[    2.063504] pci_bus 0000:20: resource 5 [mem 0xc0000000-0xc3ffffff window]
[    2.063510] pci_bus 0000:20: resource 6 [mem 0x18081000000-0x1c080ffffff window]
[    2.063517] pci_bus 0000:22: resource 1 [mem 0xc3d00000-0xc3ffffff]
[    2.063583] pci 0000:02:01.0: PCI bridge to [bus 03]
[    2.063592] pci 0000:02:01.0:   bridge window [mem 0xf3a00000-0xf3bfffff]
[    2.063600] pci 0000:02:01.0:   bridge window [mem 0x1f000000000-0x20004ffffff 64bit pref]
[    2.063611] pci 0000:02:02.0: PCI bridge to [bus 04]
[    2.063620] pci 0000:02:02.0:   bridge window [mem 0xf3c00000-0xf3cfffff]
[    2.063635] pci 0000:01:00.0: PCI bridge to [bus 02-04]
[    2.063643] pci 0000:01:00.0:   bridge window [mem 0xf3a00000-0xf3cfffff]
[    2.063651] pci 0000:01:00.0:   bridge window [mem 0x1f000000000-0x20004ffffff 64bit pref]
[    2.063661] pci 0000:00:01.1: PCI bridge to [bus 01-04]
[    2.063668] pci 0000:00:01.1:   bridge window [mem 0xf3a00000-0xf3cfffff]
[    2.063676] pci 0000:00:01.1:   bridge window [mem 0x1f000000000-0x200057fffff 64bit pref]
[    2.063687] pci 0000:06:01.0: PCI bridge to [bus 07]
[    2.063695] pci 0000:06:01.0:   bridge window [mem 0xf3600000-0xf37fffff]
[    2.063703] pci 0000:06:01.0:   bridge window [mem 0x1d800000000-0x1e804ffffff 64bit pref]
[    2.063714] pci 0000:06:02.0: PCI bridge to [bus 08]
[    2.063724] pci 0000:06:02.0:   bridge window [mem 0xf3800000-0xf38fffff]
[    2.063738] pci 0000:05:00.0: PCI bridge to [bus 06-08]
[    2.063746] pci 0000:05:00.0:   bridge window [mem 0xf3600000-0xf38fffff]
[    2.063754] pci 0000:05:00.0:   bridge window [mem 0x1d800000000-0x1e804ffffff 64bit pref]
[    2.063764] pci 0000:00:03.1: PCI bridge to [bus 05-08]
[    2.063771] pci 0000:00:03.1:   bridge window [mem 0xf3600000-0xf38fffff]
[    2.063779] pci 0000:00:03.1:   bridge window [mem 0x1d800000000-0x1e8057fffff 64bit pref]
[    2.063789] pci 0000:00:07.1: PCI bridge to [bus 09]
[    2.063800] pci 0000:00:08.1: PCI bridge to [bus 0a]
[    2.063807] pci 0000:00:08.1:   bridge window [mem 0xf3e00000-0xf3efffff]
[    2.063821] pci_bus 0000:00: resource 4 [io  0x0000-0x03af window]
[    2.063827] pci_bus 0000:00: resource 5 [io  0x03e0-0x0cf7 window]
[    2.063833] pci_bus 0000:00: resource 6 [io  0x1000-0x3fff window]
[    2.063839] pci_bus 0000:00: resource 7 [mem 0x000c0000-0x000dffff window]
[    2.063845] pci_bus 0000:00: resource 8 [mem 0xf0000000-0xf3ffffff window]
[    2.063851] pci_bus 0000:00: resource 9 [mem 0x1c081000000-0x20080ffffff window]
[    2.063858] pci_bus 0000:01: resource 1 [mem 0xf3a00000-0xf3cfffff]
[    2.063863] pci_bus 0000:01: resource 2 [mem 0x1f000000000-0x200057fffff 64bit pref]
[    2.063870] pci_bus 0000:02: resource 1 [mem 0xf3a00000-0xf3cfffff]
[    2.063876] pci_bus 0000:02: resource 2 [mem 0x1f000000000-0x20004ffffff 64bit pref]
[    2.063883] pci_bus 0000:03: resource 1 [mem 0xf3a00000-0xf3bfffff]
[    2.063888] pci_bus 0000:03: resource 2 [mem 0x1f000000000-0x20004ffffff 64bit pref]
[    2.063895] pci_bus 0000:04: resource 1 [mem 0xf3c00000-0xf3cfffff]
[    2.063901] pci_bus 0000:05: resource 1 [mem 0xf3600000-0xf38fffff]
[    2.063907] pci_bus 0000:05: resource 2 [mem 0x1d800000000-0x1e8057fffff 64bit pref]
[    2.063914] pci_bus 0000:06: resource 1 [mem 0xf3600000-0xf38fffff]
[    2.063920] pci_bus 0000:06: resource 2 [mem 0x1d800000000-0x1e804ffffff 64bit pref]
[    2.063926] pci_bus 0000:07: resource 1 [mem 0xf3600000-0xf37fffff]
[    2.063932] pci_bus 0000:07: resource 2 [mem 0x1d800000000-0x1e804ffffff 64bit pref]
[    2.063939] pci_bus 0000:08: resource 1 [mem 0xf3800000-0xf38fffff]
[    2.063945] pci_bus 0000:0a: resource 1 [mem 0xf3e00000-0xf3efffff]
[    2.064924] PCI: CLS 64 bytes, default 64
[    2.064951] pci 0000:60:00.2: AMD-Vi: IOMMU performance counters supported
[    2.065006] Trying to unpack rootfs image as initramfs...
[    2.065089] pci 0000:60:01.0: Adding to iommu group 0
[    2.065152] pci 0000:60:02.0: Adding to iommu group 1
[    2.065285] pci 0000:60:03.0: Adding to iommu group 2
[    2.065323] pci 0000:60:03.1: Adding to iommu group 3
[    2.065361] pci 0000:60:03.2: Adding to iommu group 4
[    2.065400] pci 0000:60:03.3: Adding to iommu group 5
[    2.065461] pci 0000:60:04.0: Adding to iommu group 6
[    2.065521] pci 0000:60:05.0: Adding to iommu group 7
[    2.065605] pci 0000:60:07.0: Adding to iommu group 8
[    2.065642] pci 0000:60:07.1: Adding to iommu group 9
[    2.065729] pci 0000:60:08.0: Adding to iommu group 10
[    2.065767] pci 0000:60:08.1: Adding to iommu group 11
[    2.065804] pci 0000:61:00.0: Adding to iommu group 12
[    2.065870] pci 0000:62:03.0: Adding to iommu group 13
[    2.065933] pci 0000:62:08.0: Adding to iommu group 14
[    2.065997] pci 0000:62:09.0: Adding to iommu group 15
[    2.066057] pci 0000:62:0a.0: Adding to iommu group 16
[    2.066106] pci 0000:63:00.0: Adding to iommu group 17
[    2.066116] pci 0000:64:00.0: Adding to iommu group 14
[    2.066126] pci 0000:64:00.1: Adding to iommu group 14
[    2.066136] pci 0000:64:00.3: Adding to iommu group 14
[    2.066145] pci 0000:65:00.0: Adding to iommu group 15
[    2.066155] pci 0000:66:00.0: Adding to iommu group 16
[    2.066195] pci 0000:67:00.0: Adding to iommu group 18
[    2.066206] pci 0000:68:00.0: Adding to iommu group 18
[    2.066247] pci 0000:69:00.0: Adding to iommu group 19
[    2.066288] pci 0000:69:00.1: Adding to iommu group 20
[    2.066325] pci 0000:6b:00.0: Adding to iommu group 21
[    2.066364] pci 0000:6c:00.0: Adding to iommu group 22
[    2.069654] pci 0000:40:00.2: AMD-Vi: IOMMU performance counters supported
[    2.069807] pci 0000:40:01.0: Adding to iommu group 23
[    2.069916] pci 0000:40:01.1: Adding to iommu group 24
[    2.069978] pci 0000:40:02.0: Adding to iommu group 25
[    2.070042] pci 0000:40:03.0: Adding to iommu group 26
[    2.070081] pci 0000:40:03.1: Adding to iommu group 27
[    2.070147] pci 0000:40:04.0: Adding to iommu group 28
[    2.070207] pci 0000:40:05.0: Adding to iommu group 29
[    2.070267] pci 0000:40:07.0: Adding to iommu group 30
[    2.070305] pci 0000:40:07.1: Adding to iommu group 31
[    2.070366] pci 0000:40:08.0: Adding to iommu group 32
[    2.070406] pci 0000:40:08.1: Adding to iommu group 33
[    2.070444] pci 0000:41:00.0: Adding to iommu group 34
[    2.070483] pci 0000:42:01.0: Adding to iommu group 35
[    2.070523] pci 0000:42:02.0: Adding to iommu group 36
[    2.070563] pci 0000:43:00.0: Adding to iommu group 37
[    2.070602] pci 0000:44:00.0: Adding to iommu group 38
[    2.070640] pci 0000:45:00.0: Adding to iommu group 39
[    2.070683] pci 0000:46:01.0: Adding to iommu group 40
[    2.070725] pci 0000:46:02.0: Adding to iommu group 41
[    2.070765] pci 0000:47:00.0: Adding to iommu group 42
[    2.070803] pci 0000:48:00.0: Adding to iommu group 43
[    2.070844] pci 0000:49:00.0: Adding to iommu group 44
[    2.070883] pci 0000:4a:00.0: Adding to iommu group 45
[    2.074785] pci 0000:20:00.2: AMD-Vi: IOMMU performance counters supported
[    2.075002] pci 0000:20:01.0: Adding to iommu group 46
[    2.075063] pci 0000:20:02.0: Adding to iommu group 47
[    2.075129] pci 0000:20:03.0: Adding to iommu group 48
[    2.075189] pci 0000:20:04.0: Adding to iommu group 49
[    2.075249] pci 0000:20:05.0: Adding to iommu group 50
[    2.075310] pci 0000:20:07.0: Adding to iommu group 51
[    2.075351] pci 0000:20:07.1: Adding to iommu group 52
[    2.075413] pci 0000:20:08.0: Adding to iommu group 53
[    2.075452] pci 0000:20:08.1: Adding to iommu group 54
[    2.075491] pci 0000:21:00.0: Adding to iommu group 55
[    2.075530] pci 0000:22:00.0: Adding to iommu group 56
[    2.075569] pci 0000:22:00.1: Adding to iommu group 57
[    2.075608] pci 0000:22:00.3: Adding to iommu group 58
[    2.075647] pci 0000:22:00.4: Adding to iommu group 59
[    2.077763] pci 0000:00:00.2: AMD-Vi: IOMMU performance counters supported
[    2.077993] pci 0000:00:01.0: Adding to iommu group 60
[    2.078033] pci 0000:00:01.1: Adding to iommu group 61
[    2.078094] pci 0000:00:02.0: Adding to iommu group 62
[    2.078155] pci 0000:00:03.0: Adding to iommu group 63
[    2.078193] pci 0000:00:03.1: Adding to iommu group 64
[    2.078254] pci 0000:00:04.0: Adding to iommu group 65
[    2.078317] pci 0000:00:05.0: Adding to iommu group 66
[    2.078378] pci 0000:00:07.0: Adding to iommu group 67
[    2.078416] pci 0000:00:07.1: Adding to iommu group 68
[    2.078478] pci 0000:00:08.0: Adding to iommu group 69
[    2.078517] pci 0000:00:08.1: Adding to iommu group 70
[    2.078601] pci 0000:00:14.0: Adding to iommu group 71
[    2.078654] pci 0000:00:14.3: Adding to iommu group 71
[    2.078884] pci 0000:00:18.0: Adding to iommu group 72
[    2.078937] pci 0000:00:18.1: Adding to iommu group 72
[    2.078991] pci 0000:00:18.2: Adding to iommu group 72
[    2.079044] pci 0000:00:18.3: Adding to iommu group 72
[    2.079097] pci 0000:00:18.4: Adding to iommu group 72
[    2.079149] pci 0000:00:18.5: Adding to iommu group 72
[    2.079202] pci 0000:00:18.6: Adding to iommu group 72
[    2.079255] pci 0000:00:18.7: Adding to iommu group 72
[    2.079293] pci 0000:01:00.0: Adding to iommu group 73
[    2.079333] pci 0000:02:01.0: Adding to iommu group 74
[    2.079375] pci 0000:02:02.0: Adding to iommu group 75
[    2.079415] pci 0000:03:00.0: Adding to iommu group 76
[    2.079455] pci 0000:04:00.0: Adding to iommu group 77
[    2.079493] pci 0000:05:00.0: Adding to iommu group 78
[    2.079533] pci 0000:06:01.0: Adding to iommu group 79
[    2.079575] pci 0000:06:02.0: Adding to iommu group 80
[    2.079614] pci 0000:07:00.0: Adding to iommu group 81
[    2.079653] pci 0000:08:00.0: Adding to iommu group 82
[    2.079695] pci 0000:09:00.0: Adding to iommu group 83
[    2.079734] pci 0000:0a:00.0: Adding to iommu group 84
[    2.079776] pci 0000:0a:00.3: Adding to iommu group 85
[    2.084187] AMD-Vi: Extended features (0x5cf77ef22294a5a, 0x0): PPR NX GT IA PC GA_vAPIC
[    2.084210] AMD-Vi: Interrupt remapping enabled
[    2.084638] PCI-DMA: Using software bounce buffering for IO (SWIOTLB)
[    2.084645] software IO TLB: mapped [mem 0x00000000ac3a5000-0x00000000b03a5000] (64MB)
[    2.084705] LVT offset 0 assigned for vector 0x400
[    2.087039] perf: AMD IBS detected (0x000003ff)
[    2.087058] perf/amd_iommu: Detected AMD IOMMU #0 (2 banks, 4 counters/bank).
[    2.087068] perf/amd_iommu: Detected AMD IOMMU #1 (2 banks, 4 counters/bank).
[    2.087079] perf/amd_iommu: Detected AMD IOMMU #2 (2 banks, 4 counters/bank).
[    2.087089] perf/amd_iommu: Detected AMD IOMMU #3 (2 banks, 4 counters/bank).
[    2.088651] Initialise system trusted keyrings
[    2.088675] Key type blacklist registered
[    2.088724] workingset: timestamp_bits=36 max_order=25 bucket_order=0
[    2.089228] squashfs: version 4.0 (2009/01/31) Phillip Lougher
[    2.089375] fuse: init (API version 7.45)
[    2.089609] integrity: Platform Keyring initialized
[    2.089618] integrity: Machine keyring initialized
[    2.101718] Key type asymmetric registered
[    2.101724] Asymmetric key parser 'x509' registered
[    2.101770] Block layer SCSI generic (bsg) driver version 0.4 loaded (major 242)
[    2.101857] io scheduler mq-deadline registered
[    2.108463] ledtrig-cpu: registered to indicate activity on CPUs
[    2.108637] pcieport 0000:60:03.1: PME: Signaling with IRQ 31
[    2.108838] pcieport 0000:60:03.2: PME: Signaling with IRQ 32
[    2.109012] pcieport 0000:60:03.3: PME: Signaling with IRQ 33
[    2.109290] pcieport 0000:60:07.1: PME: Signaling with IRQ 35
[    2.109530] pcieport 0000:60:08.1: PME: Signaling with IRQ 37
[    2.110948] pcieport 0000:40:01.1: PME: Signaling with IRQ 44
[    2.111130] pcieport 0000:40:03.1: PME: Signaling with IRQ 45
[    2.111370] pcieport 0000:40:07.1: PME: Signaling with IRQ 47
[    2.111607] pcieport 0000:40:08.1: PME: Signaling with IRQ 49
[    2.112321] pcieport 0000:20:07.1: PME: Signaling with IRQ 53
[    2.112501] pcieport 0000:20:08.1: PME: Signaling with IRQ 54
[    2.112694] pcieport 0000:00:01.1: PME: Signaling with IRQ 55
[    2.112868] pcieport 0000:00:03.1: PME: Signaling with IRQ 56
[    2.113129] pcieport 0000:00:07.1: PME: Signaling with IRQ 58
[    2.113310] pcieport 0000:00:08.1: PME: Signaling with IRQ 59
[    2.114367] input: Power Button as /devices/platform/PNP0C0C:00/input/input0
[    2.114399] ACPI: button: Power Button [PWRB]
[    2.114442] input: Power Button as /devices/platform/LNXPWRBN:00/input/input1
[    2.114478] ACPI: button: Power Button [PWRF]
[    2.114517] Monitor-Mwait will be used to enter C-1 state
[    2.124607] Estimated ratio of average max frequency by base frequency (times 1024): 1090
[    2.124879] ERST: Error Record Serialization Table (ERST) support is initialized.
[    2.124909] pstore: Using crash dump compression: deflate
[    2.124914] pstore: Registered erst as persistent store backend
[    2.125168] Serial: 8250/16550 driver, 32 ports, IRQ sharing enabled
[    2.146064] 00:01: ttyS0 at I/O 0x3f8 (irq = 4, base_baud = 115200) is a 16550A
[    2.170656] 00:02: ttyS1 at I/O 0x2f8 (irq = 3, base_baud = 115200) is a 16550A
[    2.177289] hpet_acpi_add: no address or irqs in _CRS
[    2.177304] Linux agpgart interface v0.103
[    2.185850] loop: module loaded
[    2.186206] ACPI: bus type drm_connector registered
[    2.187184] tun: Universal TUN/TAP device driver, 1.6
[    2.187242] PPP generic driver version 2.4.2
[    2.187626] xhci_hcd 0000:64:00.1: xHCI Host Controller
[    2.187639] xhci_hcd 0000:64:00.1: new USB bus registered, assigned bus number 1
[    2.187822] xhci_hcd 0000:64:00.1: hcc params 0x0278ffe5 hci version 0x110 quirks 0x0000000000000010
[    2.188456] xhci_hcd 0000:64:00.1: xHCI Host Controller
[    2.188462] xhci_hcd 0000:64:00.1: new USB bus registered, assigned bus number 2
[    2.188470] xhci_hcd 0000:64:00.1: Host supports USB 3.1 Enhanced SuperSpeed
[    2.188555] usb usb1: New USB device found, idVendor=1d6b, idProduct=0002, bcdDevice= 7.00
[    2.188563] usb usb1: New USB device strings: Mfr=3, Product=2, SerialNumber=1
[    2.188570] usb usb1: Product: xHCI Host Controller
[    2.188575] usb usb1: Manufacturer: Linux 7.0.0-31-generic xhci-hcd
[    2.188580] usb usb1: SerialNumber: 0000:64:00.1
[    2.188724] hub 1-0:1.0: USB hub found
[    2.188752] hub 1-0:1.0: 6 ports detected
[    2.189143] usb usb2: We don't know the algorithms for LPM for this host, disabling LPM.
[    2.189181] usb usb2: New USB device found, idVendor=1d6b, idProduct=0003, bcdDevice= 7.00
[    2.189189] usb usb2: New USB device strings: Mfr=3, Product=2, SerialNumber=1
[    2.189195] usb usb2: Product: xHCI Host Controller
[    2.189200] usb usb2: Manufacturer: Linux 7.0.0-31-generic xhci-hcd
[    2.189206] usb usb2: SerialNumber: 0000:64:00.1
[    2.189317] hub 2-0:1.0: USB hub found
[    2.189332] hub 2-0:1.0: 4 ports detected
[    2.189656] xhci_hcd 0000:64:00.3: xHCI Host Controller
[    2.189664] xhci_hcd 0000:64:00.3: new USB bus registered, assigned bus number 3
[    2.189831] xhci_hcd 0000:64:00.3: hcc params 0x0278ffe5 hci version 0x110 quirks 0x0000000000000010
[    2.190266] xhci_hcd 0000:64:00.3: xHCI Host Controller
[    2.190273] xhci_hcd 0000:64:00.3: new USB bus registered, assigned bus number 4
[    2.190280] xhci_hcd 0000:64:00.3: Host supports USB 3.1 Enhanced SuperSpeed
[    2.190333] usb usb3: New USB device found, idVendor=1d6b, idProduct=0002, bcdDevice= 7.00
[    2.190340] usb usb3: New USB device strings: Mfr=3, Product=2, SerialNumber=1
[    2.190347] usb usb3: Product: xHCI Host Controller
[    2.190352] usb usb3: Manufacturer: Linux 7.0.0-31-generic xhci-hcd
[    2.190358] usb usb3: SerialNumber: 0000:64:00.3
[    2.190485] hub 3-0:1.0: USB hub found
[    2.190504] hub 3-0:1.0: 6 ports detected
[    2.190875] usb usb4: We don't know the algorithms for LPM for this host, disabling LPM.
[    2.190913] usb usb4: New USB device found, idVendor=1d6b, idProduct=0003, bcdDevice= 7.00
[    2.190920] usb usb4: New USB device strings: Mfr=3, Product=2, SerialNumber=1
[    2.190926] usb usb4: Product: xHCI Host Controller
[    2.190931] usb usb4: Manufacturer: Linux 7.0.0-31-generic xhci-hcd
[    2.190937] usb usb4: SerialNumber: 0000:64:00.3
[    2.191045] hub 4-0:1.0: USB hub found
[    2.191060] hub 4-0:1.0: 4 ports detected
[    2.191217] usb: port power management may be unreliable
[    2.191406] xhci_hcd 0000:22:00.3: xHCI Host Controller
[    2.191415] xhci_hcd 0000:22:00.3: new USB bus registered, assigned bus number 5
[    2.191516] xhci_hcd 0000:22:00.3: hcc params 0x0260ffe5 hci version 0x110 quirks 0x0004000000000010
[    2.191834] xhci_hcd 0000:22:00.3: xHCI Host Controller
[    2.191841] xhci_hcd 0000:22:00.3: new USB bus registered, assigned bus number 6
[    2.191848] xhci_hcd 0000:22:00.3: Host supports USB 3.1 Enhanced SuperSpeed
[    2.191898] usb usb5: New USB device found, idVendor=1d6b, idProduct=0002, bcdDevice= 7.00
[    2.191905] usb usb5: New USB device strings: Mfr=3, Product=2, SerialNumber=1
[    2.191911] usb usb5: Product: xHCI Host Controller
[    2.191916] usb usb5: Manufacturer: Linux 7.0.0-31-generic xhci-hcd
[    2.191922] usb usb5: SerialNumber: 0000:22:00.3
[    2.192018] hub 5-0:1.0: USB hub found
[    2.192029] hub 5-0:1.0: 2 ports detected
[    2.192148] usb usb6: We don't know the algorithms for LPM for this host, disabling LPM.
[    2.192185] usb usb6: New USB device found, idVendor=1d6b, idProduct=0003, bcdDevice= 7.00
[    2.192192] usb usb6: New USB device strings: Mfr=3, Product=2, SerialNumber=1
[    2.192198] usb usb6: Product: xHCI Host Controller
[    2.192203] usb usb6: Manufacturer: Linux 7.0.0-31-generic xhci-hcd
[    2.192208] usb usb6: SerialNumber: 0000:22:00.3
[    2.192306] hub 6-0:1.0: USB hub found
[    2.192317] hub 6-0:1.0: 2 ports detected
[    2.192651] xhci_hcd 0000:0a:00.3: xHCI Host Controller
[    2.192659] xhci_hcd 0000:0a:00.3: new USB bus registered, assigned bus number 7
[    2.192760] xhci_hcd 0000:0a:00.3: hcc params 0x0260ffe5 hci version 0x110 quirks 0x0004000000000010
[    2.193072] xhci_hcd 0000:0a:00.3: xHCI Host Controller
[    2.193079] xhci_hcd 0000:0a:00.3: new USB bus registered, assigned bus number 8
[    2.193086] xhci_hcd 0000:0a:00.3: Host supports USB 3.1 Enhanced SuperSpeed
[    2.193142] usb usb7: New USB device found, idVendor=1d6b, idProduct=0002, bcdDevice= 7.00
[    2.193149] usb usb7: New USB device strings: Mfr=3, Product=2, SerialNumber=1
[    2.193155] usb usb7: Product: xHCI Host Controller
[    2.193160] usb usb7: Manufacturer: Linux 7.0.0-31-generic xhci-hcd
[    2.193166] usb usb7: SerialNumber: 0000:0a:00.3
[    2.193326] hub 7-0:1.0: USB hub found
[    2.193338] hub 7-0:1.0: 2 ports detected
[    2.193512] usb usb8: We don't know the algorithms for LPM for this host, disabling LPM.
[    2.193549] usb usb8: New USB device found, idVendor=1d6b, idProduct=0003, bcdDevice= 7.00
[    2.193556] usb usb8: New USB device strings: Mfr=3, Product=2, SerialNumber=1
[    2.193563] usb usb8: Product: xHCI Host Controller
[    2.193568] usb usb8: Manufacturer: Linux 7.0.0-31-generic xhci-hcd
[    2.193573] usb usb8: SerialNumber: 0000:0a:00.3
[    2.193671] hub 8-0:1.0: USB hub found
[    2.193682] hub 8-0:1.0: 2 ports detected
[    2.193919] i8042: PNP: No PS/2 controller found.
[    2.193990] mousedev: PS/2 mouse device common for all mice
[    2.194108] rtc_cmos 00:00: RTC can wake from S4
[    2.194362] rtc_cmos 00:00: registered as rtc0
[    2.194394] rtc_cmos 00:00: setting system clock to 2026-09-19T19:32:56 UTC (1789846376)
[    2.194436] rtc_cmos 00:00: alarms up to one month, y3k, 114 bytes nvram
[    2.194449] i2c_dev: i2c /dev entries driver
[    2.194515] device-mapper: core: CONFIG_IMA_DISABLE_HTABLE is disabled. Duplicate IMA measurements will not be recorded in the IMA log.
[    2.194541] device-mapper: uevent: version 1.0.3
[    2.194611] device-mapper: ioctl: 4.50.0-ioctl (2025-04-28) initialised: dm-devel@lists.linux.dev
[    2.222333] Freeing initrd memory: 61312K
[    2.355583] simple-framebuffer simple-framebuffer.0: [drm] Registered 1 planes with drm panic
[    2.355617] [drm] Initialized simpledrm 1.0.0 for simple-framebuffer.0 on minor 0
[    2.365461] Console: switching to colour frame buffer device 128x48
[    2.381970] simple-framebuffer simple-framebuffer.0: [drm] fb0: simpledrmdrmfb frame buffer device
[    2.384371] drop_monitor: Initializing network drop monitor service
[    2.386520] NET: Registered PF_INET6 protocol family
[    2.388473] Segment Routing with IPv6
[    2.388498] In-situ OAM (IOAM) with IPv6
[    2.388539] NET: Registered PF_PACKET protocol family
[    2.388904] Key type dns_resolver registered
[    2.391394] microcode: Current revision: 0x0830107c
[    2.391406] microcode: Updated early from: 0x0830104d
[    2.392429] resctrl: L3 allocation detected
[    2.392440] resctrl: MB allocation detected
[    2.392449] resctrl: L3 monitoring detected
[    2.392497] IPI shorthand broadcast: enabled
[    2.395766] sched_clock: Marking stable (1121411337, 1273549999)->(2434473514, -39512178)
[    2.396947] registered taskstats version 1
[    2.398272] Loading compiled-in X.509 certificates
[    2.398886] Loaded X.509 cert 'Build time autogenerated kernel key: b8d00030077d78a920acb19b13449e508d0cd78d'
[    2.399704] Loaded X.509 cert 'Canonical Ltd. Live Patch Signing 2025 Kmod: d541cef61dc7e793b7eb7e899970a2eef0b5dc8c'
[    2.400448] Loaded X.509 cert 'Canonical Ltd. Live Patch Signing: 14df34d1a87cf37625abec039ef2bf521249b969'
[    2.400861] Loaded X.509 cert 'Canonical Ltd. Kernel Module Signing 2025 Kmod: 4627603d2357a2a3f81006370894c221175893e9'
[    2.401785] Loaded X.509 cert 'Canonical Ltd. Kernel Module Signing: 88f752e560a1e0737e31163a466ad7b70a850c19'
[    2.401803] blacklist: Loading compiled-in revocation X.509 certificates
[    2.401845] Loaded X.509 cert 'Canonical Ltd. Secure Boot Signing: 61482aa2830d0ab2ad5af10b7250da9033ddcef0'
[    2.405040] Loaded X.509 cert 'Canonical Ltd. Secure Boot Signing (2017): 242ade75ac4a15e50d50c84b0d45ff3eae707a03'
[    2.405476] Loaded X.509 cert 'Canonical Ltd. Secure Boot Signing (ESM 2018): 365188c1d374d6b07c3c8f240f8ef722433d6a8b'
[    2.405775] Loaded X.509 cert 'Canonical Ltd. Secure Boot Signing (2019): c0746fd6c5da3ae827864651ad66ae47fe24b3e8'
[    2.406036] Loaded X.509 cert 'Canonical Ltd. Secure Boot Signing (2021 v1): a8d54bbb3825cfb94fa13c9f8a594a195c107b8d'
[    2.406285] Loaded X.509 cert 'Canonical Ltd. Secure Boot Signing (2021 v2): 4cf046892d6fd3c9a5b03f98d845f90851dc6a8c'
[    2.406526] Loaded X.509 cert 'Canonical Ltd. Secure Boot Signing (2021 v3): 100437bb6de6e469b581e61cd66bce3ef4ed53af'
[    2.406769] Loaded X.509 cert 'Canonical Ltd. Secure Boot Signing (Ubuntu Core 2019): c1d57b8f6b743f23ee41f4f7ee292f06eecadfb9'
[    2.415416] Demotion targets for Node 0: null
[    2.417566] Key type .fscrypt registered
[    2.417920] Key type fscrypt-provisioning registered
[    2.418301] Key type big_key registered
[    2.428383] usb 5-2: new high-speed USB device number 2 using xhci_hcd
[    2.438949] Key type encrypted registered
[    2.440545] AppArmor: AppArmor sha256 policy hashing enabled
[    2.444973] ima: No TPM chip found, activating TPM-bypass!
[    2.449350] Loading compiled-in module X.509 certificates
[    2.455858] Loaded X.509 cert 'Build time autogenerated kernel key: b8d00030077d78a920acb19b13449e508d0cd78d'
[    2.459844] ima: Allocated hash algorithm: sha256
[    2.464853] ima: No architecture policies found
[    2.469848] evm: Initialising EVM extended attributes:
[    2.473853] evm: security.selinux
[    2.477769] evm: security.SMACK64
[    2.481849] evm: security.SMACK64EXEC
[    2.485578] evm: security.SMACK64TRANSMUTE
[    2.489518] evm: security.SMACK64MMAP
[    2.492847] evm: security.apparmor
[    2.496849] evm: security.ima
[    2.500158] evm: security.capability
[    2.503974] evm: HMAC attrs: 0x1
[    2.513090] PM:   Magic number: 10:939:546
[    2.517070] tty ttyS22: hash matches
[    2.521510] port serial8250:0.21: hash matches
[    2.525164] pcie_bwctrl 0000:40:08.1:pcie010: hash matches
[    2.529973] mem null: hash matches
[    2.538045] RAS: Correctable Errors collector initialized.
[    2.544771] clk: Disabling unused clocks
[    2.548853] PM: genpd: Disabling unused power domains
[    2.558326] usb 5-2: New USB device found, idVendor=046b, idProduct=ff01, bcdDevice= 1.00
[    2.560979] Freeing unused decrypted memory: 2028K
[    2.562989] usb 5-2: New USB device strings: Mfr=1, Product=2, SerialNumber=3
[    2.571081] usb 5-2: Product: Virtual Hub
[    2.574628] usb 5-2: Manufacturer: American Megatrends Inc.
[    2.578853] usb 5-2: SerialNumber: serial
[    2.580945] Freeing unused kernel image (initmem) memory: 5292K
[    2.587113] Write protecting the kernel read-only data: 43008k
[    2.593845] Freeing unused kernel image (text/rodata gap) memory: 768K
[    2.601972] Freeing unused kernel image (rodata/data gap) memory: 1668K
[    2.640800] hub 5-2:1.0: USB hub found
[    2.645401] hub 5-2:1.0: 5 ports detected
[    2.678587] x86/mm: Checked W+X mappings: passed, no W+X pages found.
[    2.678862] Run /init as init process
[    2.679040]   with arguments:
[    2.679042]     /init
[    2.679044]   with environment:
[    2.679046]     HOME=/
[    2.679047]     TERM=linux
[    2.692151] systemd[1]: Inserted module 'autofs4'
[    2.713249] systemd[1]: Successfully made /usr/ read-only.
[    2.721065] systemd[1]: systemd 259.5-0ubuntu3.4 running in system mode (+PAM +AUDIT +SELINUX +APPARMOR +IMA +IPE +SMACK +SECCOMP +GCRYPT -GNUTLS +OPENSSL +ACL +BLKID +CURL +ELFUTILS +FIDO2 +IDN2 -IDN +KMOD +LIBCRYPTSETUP +LIBCRYPTSETUP_PLUGINS +LIBFDISK +PCRE2 +PWQUALITY +P11KIT +QRENCODE +TPM2 +BZIP2 +LZ4 +XZ +ZLIB +ZSTD +BPF_FRAMEWORK +BTF -XKBCOMMON -UTMP +SYSVINIT +LIBARCHIVE)
[    2.741952] systemd[1]: Detected architecture x86-64.
[    2.746878] systemd[1]: Running in initrd.
[    2.761973] systemd[1]: Hostname set to <jobe>.
[    2.863669] systemd[1]: bpf-restrict-fs: BPF LSM hook not enabled in the kernel, BPF LSM not supported.
[    2.926449] systemd[1]: Queued start job for default target initrd.target.
[    2.931595] usb 5-2.3: new high-speed USB device number 3 using xhci_hcd
[    2.945146] systemd[1]: Started systemd-ask-password-console.path - Dispatch Password Requests to Console Directory Watch.
[    2.945889] systemd[1]: Expecting device dev-disk-by\x2duuid-25094d26\x2db9fc\x2d48df\x2db94b\x2d391ec2d71260.device - /dev/disk/by-uuid/25094d26-b9fc-48df-b94b-391ec2d71260...
[    2.946988] systemd[1]: Expecting device dev-disk-by\x2duuid-5D24\x2dB9A8.device - /dev/disk/by-uuid/5D24-B9A8...
[    2.947581] systemd[1]: Expecting device dev-mapper-ssd\x2d\x2dvg\x2droot.device - /dev/mapper/ssd--vg-root...
[    2.948171] systemd[1]: Reached target initrd-usr-fs.target - Initrd /usr File System.
[    2.948765] systemd[1]: Reached target paths.target - Path Units.
[    2.949341] systemd[1]: Reached target slices.target - Slice Units.
[    2.949942] systemd[1]: Reached target swap.target - Swaps.
[    2.950546] systemd[1]: Reached target timers.target - Timer Units.
[    2.951256] systemd[1]: Listening on systemd-journald-dev-log.socket - Journal Socket (/dev/log).
[    2.951993] systemd[1]: Listening on systemd-journald.socket - Journal Sockets.
[    2.952747] systemd[1]: Listening on systemd-networkd.socket - Network Management Netlink Socket.
[    2.953419] systemd[1]: Listening on systemd-udevd-control.socket - udev Control Socket.
[    2.954098] systemd[1]: Listening on systemd-udevd-kernel.socket - udev Kernel Socket.
[    2.954752] systemd[1]: Reached target sockets.target - Socket Units.
[    2.956331] systemd[1]: Starting dracut-cmdline-ask.service - dracut ask for additional cmdline parameters...
[    2.957890] systemd[1]: Starting kmod-static-nodes.service - Create List of Static Device Nodes...
[    2.959599] systemd[1]: systemd-battery-check.service - Early Battery Level Check skipped, unmet condition check ConditionDirectoryNotEmpty=/sys/class/power_supply
[    2.962343] systemd[1]: Starting systemd-journald.service - Journal Service...
[    2.963979] systemd[1]: Starting systemd-modules-load.service - Load Kernel Modules...
[    2.967409] systemd[1]: Starting systemd-network-generator.service - Generate Network Units from Kernel Command Line...
[    2.968496] systemd[1]: systemd-pcrphase-initrd.service - TPM PCR Barrier (initrd) skipped, unmet condition check ConditionSecurity=measured-uki
[    2.969994] systemd[1]: Finished dracut-cmdline-ask.service - dracut ask for additional cmdline parameters.
[    2.971485] systemd[1]: Finished kmod-static-nodes.service - Create List of Static Device Nodes.
[    2.973924] systemd[1]: Starting dracut-cmdline.service - dracut cmdline hook...
[    2.975394] systemd[1]: Starting systemd-tmpfiles-setup-dev-early.service - Create Static Device Nodes in /dev gracefully...
[    2.976989] systemd[1]: Finished systemd-network-generator.service - Generate Network Units from Kernel Command Line.
[    2.977138] systemd-journald[338]: Collecting audit messages is disabled.
[    2.978457] systemd[1]: Reached target network-pre.target - Preparation for Network.
[    2.979500] systemd[1]: Listening on systemd-networkd-resolve-hook.socket - Network Management Resolve Hook Socket.
[    2.984379] systemd[1]: Finished systemd-tmpfiles-setup-dev-early.service - Create Static Device Nodes in /dev gracefully.
[    2.986495] systemd[1]: Starting systemd-tmpfiles-setup-dev.service - Create Static Device Nodes in /dev...
[    2.994447] systemd[1]: Finished systemd-tmpfiles-setup-dev.service - Create Static Device Nodes in /dev.
[    2.995652] systemd[1]: Reached target local-fs-pre.target - Preparation for Local File Systems.
[    2.996421] systemd[1]: Reached target local-fs.target - Local File Systems.
[    3.021082] systemd[1]: Finished systemd-modules-load.service - Load Kernel Modules.
[    3.028077] usb 5-2.3: New USB device found, idVendor=046b, idProduct=ffb0, bcdDevice= 1.00
[    3.032703] systemd[1]: Starting systemd-sysctl.service - Apply Kernel Variables...
[    3.034164] usb 5-2.3: New USB device strings: Mfr=1, Product=2, SerialNumber=3
[    3.034233] usb 5-2.3: Product: Virtual Ethernet
[    3.034245] usb 5-2.3: Manufacturer: American Megatrends Inc.
[    3.034265] usb 5-2.3: SerialNumber: 1234567890
[    3.054514] systemd[1]: Finished systemd-sysctl.service - Apply Kernel Variables.
[    3.065980] systemd[1]: Finished dracut-cmdline.service - dracut cmdline hook.
[    3.068560] systemd[1]: Starting dracut-pre-udev.service - dracut pre-udev hook...
[    3.108561] tsc: Refined TSC clocksource calibration: 3899.999 MHz
[    3.108574] clocksource: tsc: mask: 0xffffffffffffffff max_cycles: 0x706eb38f3d8, max_idle_ns: 881591117856 ns
[    3.108630] clocksource: Switched to clocksource tsc
[    3.114850] systemd[1]: Finished dracut-pre-udev.service - dracut pre-udev hook.
[    3.124534] systemd[1]: Starting systemd-udevd.service - Rule-based Manager for Device Events and Files...
[    3.161562] usb 5-2.4: new low-speed USB device number 4 using xhci_hcd
[    3.169238] systemd[1]: Started systemd-journald.service - Journal Service.
[    3.266563] usb 5-2.4: New USB device found, idVendor=046b, idProduct=ff10, bcdDevice= 1.00
[    3.266579] usb 5-2.4: New USB device strings: Mfr=1, Product=2, SerialNumber=0
[    3.266592] usb 5-2.4: Product: Virtual Keyboard and Mouse
[    3.266605] usb 5-2.4: Manufacturer: American Megatrends Inc.
[    3.359695] hid: raw HID events driver (C) Jiri Kosina
[    3.371177] usbcore: registered new interface driver usbhid
[    3.371180] usbhid: USB HID core driver
[    3.375411] input: American Megatrends Inc. Virtual Keyboard and Mouse as /devices/pci0000:20/0000:20:08.1/0000:22:00.3/usb5/5-2/5-2.4/5-2.4:1.0/0003:046B:FF10.0001/input/input2
[    3.375529] hid-generic 0003:046B:FF10.0001: input,hidraw0: USB HID v1.10 Keyboard [American Megatrends Inc. Virtual Keyboard and Mouse] on usb-0000:22:00.3-2.4/input0
[    3.375665] input: American Megatrends Inc. Virtual Keyboard and Mouse as /devices/pci0000:20/0000:20:08.1/0000:22:00.3/usb5/5-2/5-2.4/5-2.4:1.1/0003:046B:FF10.0002/input/input3
[    3.375806] hid-generic 0003:046B:FF10.0002: input,hidraw1: USB HID v1.10 Mouse [American Megatrends Inc. Virtual Keyboard and Mouse] on usb-0000:22:00.3-2.4/input1
[    3.670564] ccp 0000:22:00.1: enabling device (0000 -> 0002)
[    3.688099] ccp 0000:22:00.1: ccp enabled
[    3.688218] ccp 0000:22:00.1: psp enabled
[    3.703411] i40e: Intel(R) Ethernet Connection XL710 Network Driver
[    3.703418] i40e: Copyright (c) 2013 - 2019 Intel Corporation.
[    3.719698] i40e 0000:69:00.0: fw 8.2.64244 api 1.13 nvm 8.20 0x8000a057 1.2879.0 [8086:15ff] [1849:0000]
[    3.731975] ahci 0000:65:00.0: AHCI vers 0001.0301, 32 command slots, 6 Gbps, SATA mode
[    3.731983] ahci 0000:65:00.0: 1/1 ports implemented (port mask 0x1)
[    3.731986] ahci 0000:65:00.0: flags: 64bit ncq sntf ilck pm led clo only pmp fbs pio slum part 
[    3.732350] scsi host0: ahci
[    3.732546] ata1: SATA max UDMA/133 abar m2048@0xcd500000 port 0xcd500100 irq 93 lpm-pol 4
[    3.733047] ahci 0000:66:00.0: AHCI vers 0001.0301, 32 command slots, 6 Gbps, SATA mode
[    3.733051] ahci 0000:66:00.0: 1/1 ports implemented (port mask 0x10)
[    3.733054] ahci 0000:66:00.0: flags: 64bit ncq sntf ilck pm led clo only pmp fbs pio slum part 
[    3.733335] Key type psk registered
[    3.733939] scsi host1: ahci
[    3.734142] scsi host2: ahci
[    3.734308] scsi host3: ahci
[    3.734493] scsi host4: ahci
[    3.734785] scsi host5: ahci
[    3.734878] ata2: DUMMY
[    3.734880] ata3: DUMMY
[    3.734882] ata4: DUMMY
[    3.734884] ata5: DUMMY
[    3.734887] ata6: SATA max UDMA/133 abar m2048@0xcd400000 port 0xcd400300 irq 98 lpm-pol 4
[    3.821289] i40e 0000:69:00.0: MAC address: 54:fb:66:00:a0:91
[    3.821622] i40e 0000:69:00.0: FW LLDP is enabled
[    3.831595] i40e 0000:69:00.0 eth0: NIC Link is Up, 1000 Mbps Full Duplex, Flow Control: None, EEE: Enabled
[    3.833249] i40e 0000:69:00.0: PCI-Express: Speed 8.0GT/s Width x4
[    3.833252] i40e 0000:69:00.0: PCI-Express bandwidth available for this device may be insufficient for optimal performance.
[    3.833255] i40e 0000:69:00.0: Please move the device to a different PCI-e link with more lanes and/or higher transfer rate.
[    3.835600] i40e 0000:69:00.0: Features: PF-id[0] VFs: 64 VSIs: 66 QP: 32 RSS FD_ATR FD_SB NTUPLE DCB VxLAN Geneve PTP VEPA
[    3.851703] i40e 0000:69:00.1: fw 8.2.64244 api 1.13 nvm 8.20 0x8000a057 1.2879.0 [8086:15ff] [1849:0000]
[    3.953196] i40e 0000:69:00.1: MAC address: 54:fb:66:00:a0:92
[    3.953458] i40e 0000:69:00.1: FW LLDP is enabled
[    3.962225] i40e 0000:69:00.1: PCI-Express: Speed 8.0GT/s Width x4
[    3.962229] i40e 0000:69:00.1: PCI-Express bandwidth available for this device may be insufficient for optimal performance.
[    3.962232] i40e 0000:69:00.1: Please move the device to a different PCI-e link with more lanes and/or higher transfer rate.
[    3.964518] i40e 0000:69:00.1: Features: PF-id[1] VFs: 64 VSIs: 66 QP: 32 RSS FD_ATR FD_SB NTUPLE DCB VxLAN Geneve PTP VEPA
[    4.042847] ata1: SATA link down (SStatus 0 SControl 300)
[    4.195584] ata6: SATA link up 6.0 Gbps (SStatus 133 SControl 300)
[    4.196166] ata6.00: ATA-11: WDC  WDS100T2B0A-00SM50, 401000WD, max UDMA/133
[    4.196655] ata6.00: 1953525168 sectors, multi 1: LBA48 NCQ (depth 32), AA
[    4.199037] ata6.00: Features: Dev-Sleep DIPM
[    4.203159] ata6.00: configured for UDMA/133
[    4.213522] scsi 5:0:0:0: Direct-Access     ATA      WDC  WDS100T2B0A 00WD PQ: 0 ANSI: 5
[    4.213923] sd 5:0:0:0: Attached scsi generic sg0 type 0
[    4.213984] sd 5:0:0:0: [sda] 1953525168 512-byte logical blocks: (1.00 TB/932 GiB)
[    4.214002] sd 5:0:0:0: [sda] Write Protect is off
[    4.214005] sd 5:0:0:0: [sda] Mode Sense: 00 3a 00 00
[    4.214024] sd 5:0:0:0: [sda] Write cache: enabled, read cache: enabled, doesn't support DPO or FUA
[    4.214081] sd 5:0:0:0: [sda] Preferred minimum I/O size 512 bytes
[    4.232240]  sda: sda1 sda2 sda3
[    4.232426] sd 5:0:0:0: [sda] Attached SCSI disk
[    4.235993] i40e 0000:69:00.1 enp105s0f1np1: renamed from eth1
[    4.236161] i40e 0000:69:00.0 enp105s0f0np0: renamed from eth0
[    4.249542] nvme nvme0: pci function 0000:63:00.0
[    4.258378] nvme nvme0: allocated 8 MiB host memory buffer (1 segment).
[    4.261481] nvme nvme0: 8/0/0 default/read/poll queues
[    4.262646] nvme nvme0: Ignoring bogus Namespace Identifiers
[    4.264455]  nvme0n1: p1
[    5.193904] EXT4-fs (dm-0): orphan cleanup on readonly fs
[    5.194480] EXT4-fs (dm-0): mounted filesystem 72bfbf26-bbd7-4bf5-9f17-3bae487ddb71 ro with ordered data mode. Quota mode: none.
[    5.708079] systemd-journald[338]: Received SIGTERM from PID 1 (systemd).
[    5.798753] systemd[1]: systemd 259.5-0ubuntu3.4 running in system mode (+PAM +AUDIT +SELINUX +APPARMOR +IMA +IPE +SMACK +SECCOMP +GCRYPT -GNUTLS +OPENSSL +ACL +BLKID +CURL +ELFUTILS +FIDO2 +IDN2 -IDN +KMOD +LIBCRYPTSETUP +LIBCRYPTSETUP_PLUGINS +LIBFDISK +PCRE2 +PWQUALITY +P11KIT +QRENCODE +TPM2 +BZIP2 +LZ4 +XZ +ZLIB +ZSTD +BPF_FRAMEWORK +BTF -XKBCOMMON -UTMP +SYSVINIT +LIBARCHIVE)
[    5.798761] systemd[1]: Detected architecture x86-64.
[    5.915884] systemd[1]: bpf-restrict-fs: BPF LSM hook not enabled in the kernel, BPF LSM not supported.
[    6.079290] systemd[1]: /usr/lib/systemd/system/xfs_scrub_all.service:26: Support for option CPUAccounting= has been removed and it is ignored
[    6.079821] systemd[1]: /usr/lib/systemd/system/system-xfs_scrub.slice:15: Support for option CPUAccounting= has been removed and it is ignored
[    6.182505] systemd[1]: initrd-switch-root.service: Deactivated successfully.
[    6.182716] systemd[1]: Stopped initrd-switch-root.service - Switch Root.
[    6.185729] systemd[1]: systemd-journald.service: Scheduled restart job, restart counter is at 1.
[    6.186502] systemd[1]: Created slice system-systemd\x2dfsck.slice - Slice /system/systemd-fsck.
[    6.187672] systemd[1]: Created slice system-xfs_scrub.slice - xfs_scrub background service slice.
[    6.188473] systemd[1]: Created slice user.slice - User and Session Slice.
[    6.188872] systemd[1]: Started systemd-ask-password-wall.path - Forward Password Requests to Wall Directory Watch.
[    6.189389] systemd[1]: Set up automount proc-sys-fs-binfmt_misc.automount - Arbitrary Executable File Formats File System Automount Point.
[    6.189739] systemd[1]: Expecting device dev-disk-by\x2duuid-25094d26\x2db9fc\x2d48df\x2db94b\x2d391ec2d71260.device - /dev/disk/by-uuid/25094d26-b9fc-48df-b94b-391ec2d71260...
[    6.190048] systemd[1]: Expecting device dev-disk-by\x2duuid-5D24\x2dB9A8.device - /dev/disk/by-uuid/5D24-B9A8...
[    6.190350] systemd[1]: Expecting device dev-disk-by\x2duuid-a87f17fd\x2dbba7\x2d4970\x2da797\x2d7916f19bd50d.device - /dev/disk/by-uuid/a87f17fd-bba7-4970-a797-7916f19bd50d...
[    6.190721] systemd[1]: Reached target imports.target - Image Downloads.
[    6.191045] systemd[1]: Stopped target initrd-switch-root.target - Switch Root.
[    6.191361] systemd[1]: Stopped target initrd-fs.target - Initrd File Systems.
[    6.191663] systemd[1]: Stopped target initrd-root-fs.target - Initrd Root File System.
[    6.191952] systemd[1]: Reached target integritysetup.target - Local Integrity Protected Volumes.
[    6.192275] systemd[1]: Reached target slices.target - Slice Units.
[    6.192600] systemd[1]: Reached target snapd.mounts-pre.target - Mounting snaps.
[    6.192905] systemd[1]: Reached target snapd.mounts.target - Mounted snaps.
[    6.193222] systemd[1]: Reached target time-set.target - System Time Set.
[    6.193547] systemd[1]: Reached target veritysetup.target - Local Verity Protected Volumes.
[    6.193933] systemd[1]: Listening on dm-event.socket - Device-mapper event daemon FIFOs.
[    6.194296] systemd[1]: Listening on lvm2-lvmpolld.socket - LVM2 poll daemon socket.
[    6.194671] systemd[1]: Listening on syslog.socket - Syslog Socket.
[    6.197237] systemd[1]: Listening on systemd-ask-password.socket - Query the User Interactively for a Password.
[    6.199012] systemd[1]: Listening on systemd-creds.socket - Credential Encryption/Decryption.
[    6.200493] systemd[1]: Listening on systemd-factory-reset.socket - Factory Reset Management.
[    6.203764] systemd[1]: Listening on systemd-mute-console.socket - Console Output Muting Service Socket.
[    6.204318] systemd[1]: Listening on systemd-networkd-varlink.socket - Network Management Varlink Socket.
[    6.204779] systemd[1]: Listening on systemd-networkd.socket - Network Management Netlink Socket.
[    6.205154] systemd[1]: systemd-pcrextend.socket - TPM PCR Measurements skipped, unmet condition check ConditionSecurity=measured-uki
[    6.205168] systemd[1]: systemd-pcrlock.socket - Make TPM PCR Policy skipped, unmet condition check ConditionSecurity=measured-uki
[    6.205233] systemd[1]: Listening on systemd-resolved-monitor.socket - Resolve Monitor Varlink Socket.
[    6.205596] systemd[1]: Listening on systemd-resolved-varlink.socket - Resolve Service Varlink Socket.
[    6.205962] systemd[1]: Listening on systemd-udevd-control.socket - udev Control Socket.
[    6.206311] systemd[1]: Listening on systemd-udevd-varlink.socket - udev Varlink Socket.
[    6.208374] systemd[1]: Mounting dev-hugepages.mount - Huge Pages File System...
[    6.209464] systemd[1]: Mounting dev-mqueue.mount - POSIX Message Queue File System...
[    6.210571] systemd[1]: Mounting sys-kernel-debug.mount - Kernel Debug File System...
[    6.211631] systemd[1]: Mounting sys-kernel-tracing.mount - Kernel Trace File System...
[    6.214090] systemd[1]: Starting systemd-journald.service - Journal Service...
[    6.228510] systemd[1]: Starting keyboard-setup.service - Set the console keyboard layout...
[    6.231458] systemd[1]: Starting kmod-static-nodes.service - Create List of Static Device Nodes...
[    6.232918] systemd[1]: Starting lvm2-monitor.service - Monitoring of LVM2 mirrors, snapshots etc. using dmeventd or progress polling...
[    6.233414] systemd[1]: modprobe@configfs.service - Load Kernel Module configfs skipped, unmet condition check ConditionKernelModuleLoaded=!configfs
[    6.234313] systemd[1]: Starting modprobe@dm_multipath.service - Load Kernel Module dm_multipath...
[    6.234874] systemd[1]: modprobe@drm.service - Load Kernel Module drm skipped, unmet condition check ConditionKernelModuleLoaded=!drm
[    6.236138] systemd[1]: Starting modprobe@efi_pstore.service - Load Kernel Module efi_pstore...
[    6.237849] systemd[1]: modprobe@fuse.service - Load Kernel Module fuse skipped, unmet condition check ConditionKernelModuleLoaded=!fuse
[    6.238859] systemd[1]: Mounting sys-fs-fuse-connections.mount - FUSE Control File System...
[    6.239337] systemd[1]: netplan-ovs-cleanup.service - OpenVSwitch configuration for cleanup skipped, unmet condition check ConditionFileIsExecutable=/usr/bin/ovs-vsctl
[    6.239497] systemd[1]: systemd-hibernate-clear.service - Clear Stale Hibernate Storage Info skipped, unmet condition check ConditionPathExists=/sys/firmware/efi/efivars/HibernateLocation-8cf2644b-4b0b-428f-9387-6d876050dc67
[    6.241745] systemd[1]: Starting systemd-modules-load.service - Load Kernel Modules...
[    6.242233] systemd[1]: systemd-pcrmachine.service - TPM PCR Machine ID Measurement skipped, unmet condition check ConditionSecurity=measured-uki
[    6.242262] systemd[1]: systemd-pcrproduct.service - TPM NvPCR Product ID Measurement skipped, unmet condition check ConditionSecurity=measured-uki
[    6.243225] systemd[1]: Starting systemd-remount-fs.service - Remount Root and Kernel File Systems...
[    6.243747] systemd[1]: systemd-tpm2-setup-early.service - Early TPM SRK Setup skipped, unmet condition check ConditionSecurity=measured-uki
[    6.244868] systemd[1]: Starting systemd-udev-load-credentials.service - Load udev Rules from Credentials...
[    6.246125] systemd-journald[866]: Collecting audit messages is disabled.
[    6.246316] systemd[1]: Starting systemd-udev-trigger.service - Coldplug All udev Devices...
[    6.248845] systemd[1]: Mounted dev-hugepages.mount - Huge Pages File System.
[    6.249415] systemd[1]: Mounted dev-mqueue.mount - POSIX Message Queue File System.
[    6.249935] systemd[1]: Mounted sys-kernel-debug.mount - Kernel Debug File System.
[    6.250337] systemd[1]: Mounted sys-kernel-tracing.mount - Kernel Trace File System.
[    6.250715] systemd[1]: Started systemd-journald.service - Journal Service.
[    6.258300] pstore: backend 'erst' already in use: ignoring 'efi_pstore'
[    6.270621] EXT4-fs (dm-0): re-mounted 72bfbf26-bbd7-4bf5-9f17-3bae487ddb71 r/w.
[    6.286985] systemd-journald[866]: Received client request to flush runtime journal.
[    6.292854] Adding 100663292k swap on /swapfile.  Priority:-1 extents:67 across:115851260k SS
[    6.780135] piix4_smbus 0000:00:14.0: SMBus Host Controller at 0xb00, revision 0
[    6.780142] piix4_smbus 0000:00:14.0: Using register 0x02 for SMBus port selection
[    6.782284] IPMI message handler: version 39.2
[    6.792475] ipmi device interface
[    6.802174] piix4_smbus 0000:00:14.0: Auxiliary SMBus Host Controller at 0xb20
[    6.802634] ipmi_si: IPMI System Interface driver
[    6.802667] ipmi_si dmi-ipmi-si.0: ipmi_platform: probing via SMBIOS
[    6.802672] ipmi_platform: ipmi_si: SMBIOS: io 0xca2 regsize 1 spacing 1 irq 0
[    6.802677] ipmi_si: Adding SMBIOS-specified kcs state machine
[    6.806458] ipmi_si IPI0001:00: ipmi_platform: probing via ACPI
[    6.806654] ipmi_si IPI0001:00: ipmi_platform: [io  0x0ca2] regsize 1 spacing 1 irq 0
[    6.806855] ipmi_si dmi-ipmi-si.0: Removing SMBIOS-specified kcs state machine in favor of ACPI
[    6.806859] ipmi_si: Adding ACPI-specified kcs state machine
[    6.808158] i2c i2c-3: Successfully instantiated SPD at 0x50
[    6.809590] i2c i2c-3: Successfully instantiated SPD at 0x51
[    6.809862] ipmi_si: Trying ACPI-specified kcs state machine at i/o address 0xca2, slave address 0x20, irq 0
[    6.812650] i2c i2c-3: Successfully instantiated SPD at 0x52
[    6.815986] i2c i2c-3: Successfully instantiated SPD at 0x53
[    6.822686] i2c i2c-3: Successfully instantiated SPD at 0x54
[    6.824631] i2c i2c-3: Successfully instantiated SPD at 0x55
[    6.827992] i2c i2c-3: Successfully instantiated SPD at 0x56
[    6.831213] i2c i2c-3: Successfully instantiated SPD at 0x57
[    6.935895] cdc_ether 5-2.3:2.0 usb0: register 'cdc_ether' at usb-0000:22:00.3-2.3, CDC Ethernet Device, d2:c1:30:54:08:d7
[    6.935966] usbcore: registered new interface driver cdc_ether
[    6.936261] snd_hda_intel 0000:44:00.0: enabling device (0000 -> 0002)
[    6.936882] snd_hda_intel 0000:48:00.0: enabling device (0000 -> 0002)
[    6.938075] snd_hda_intel 0000:22:00.4: enabling device (0000 -> 0002)
[    6.939247] snd_hda_intel 0000:04:00.0: enabling device (0000 -> 0002)
[    6.941084] snd_hda_intel 0000:08:00.0: enabling device (0000 -> 0002)
[    6.941783] snd_hda_intel 0000:22:00.4: no codecs found!
[    6.977212] Console: switching to colour dummy device 80x25
[    6.987203] ast 0000:68:00.0: vgaarb: deactivate vga console
[    6.989856] ast 0000:68:00.0: Using P2A bridge for configuration
[    6.989860] ast 0000:68:00.0: AST 2500 detected
[    6.989903] ast 0000:68:00.0: [drm] Using analog VGA
[    6.991862] RAPL PMU: API unit is 2^-32 Joules, 2 fixed counters, 163840 ms ovfl timer
[    6.991870] RAPL PMU: hw unit of domain package 2^-16 Joules
[    6.991872] RAPL PMU: hw unit of domain core 2^-16 Joules
[    7.003839] ast 0000:68:00.0: [drm] Registered 1 planes with drm panic
[    7.012019] cdc_ether 5-2.3:2.0 enxd2c1305408d7: renamed from usb0
[    7.015229] ee1004 3-0050: 512 byte EE1004-compliant SPD EEPROM, read-only
[    7.017191] ee1004 3-0051: 512 byte EE1004-compliant SPD EEPROM, read-only
[    7.018648] ee1004 3-0052: 512 byte EE1004-compliant SPD EEPROM, read-only
[    7.020160] ee1004 3-0053: 512 byte EE1004-compliant SPD EEPROM, read-only
[    7.021636] ee1004 3-0054: 512 byte EE1004-compliant SPD EEPROM, read-only
[    7.022627] [drm] Initialized ast 0.1.0 for 0000:68:00.0 on minor 0
[    7.023320] ee1004 3-0055: 512 byte EE1004-compliant SPD EEPROM, read-only
[    7.025023] ee1004 3-0056: 512 byte EE1004-compliant SPD EEPROM, read-only
[    7.026636] ee1004 3-0057: 512 byte EE1004-compliant SPD EEPROM, read-only
[    7.027281] fbcon: astdrmfb (fb0) is primary device
[    7.037556] ipmi_si IPI0001:00: IPMI message handler: Found new BMC (man_id: 0x00c1d6, prod_id: 0x1040, dev_id: 0x20)
[    7.053618] Console: switching to colour frame buffer device 128x48
[    7.064149] ast 0000:68:00.0: [drm] fb0: astdrmfb frame buffer device
[    7.205386] EXT4-fs (sda2): mounted filesystem 25094d26-b9fc-48df-b94b-391ec2d71260 r/w with ordered data mode. Quota mode: none.
[    7.222982] EXT4-fs (nvme0n1p1): mounted filesystem a87f17fd-bba7-4970-a797-7916f19bd50d r/w with ordered data mode. Quota mode: none.
[    7.277521] ipmi_si IPI0001:00: IPMI kcs interface initialized
[    7.465426] ipmi_ssif: IPMI SSIF Interface driver
[    7.465744] kvm_amd: TSC scaling supported
[    7.465747] kvm_amd: Nested Virtualization enabled
[    7.465750] kvm_amd: Nested Paging enabled
[    7.465753] kvm_amd: LBR virtualization supported
[    7.465758] kvm_amd: SEV disabled (ASIDs 1 - 509)
[    7.465760] kvm_amd: SEV-ES disabled (ASIDs 0 - 0)
[    7.465763] kvm_amd: Virtual VMLOAD VMSAVE supported
[    7.465764] kvm_amd: Virtual GIF supported
[    7.469614] xe 0000:43:00.0: [drm] Running in SR-IOV PF mode
[    7.469793] xe 0000:43:00.0: [drm] Found battlemage (device ID e223) discrete display version 14.01 stepping C0
[    7.471216] xe 0000:43:00.0: [drm] VISIBLE VRAM: 0x0000017000000000, 0x0000000800000000
[    7.471242] xe 0000:43:00.0: [drm] VRAM[0]: Actual physical size 0x0000000800000000, usable size exclude stolen 0x00000007f9000000, CPU accessible size 0x00000007f9000000
[    7.471246] xe 0000:43:00.0: [drm] VRAM[0]: DPA range: [0x0000000000000000-800000000], io range: [0x0000017000000000-177f9000000]
[    7.471250] xe 0000:43:00.0: [drm] VRAM[0]: Actual physical size 0x0000000800000000, usable size exclude stolen 0x00000007f9000000, CPU accessible size 0x00000007f9000000
[    7.471254] xe 0000:43:00.0: [drm] VRAM[0]: DPA range: [0x0000000000000000-800000000], io range: [0x0000017000000000-177f9000000]
[    7.489144] MCE: In-kernel MCE decoding enabled.
[    7.499671] xe 0000:43:00.0: vgaarb: VGA decodes changed: olddecodes=io+mem,decodes=none:owns=none
[    7.509368] xe 0000:43:00.0: [drm] Tile0: GT0: Using GuC firmware from xe/bmg_guc_70.bin version 70.58.0
[    7.520855] xe 0000:43:00.0: [drm] Finished loading DMC firmware i915/bmg_dmc.bin (v2.6)
[    7.566118] amd_atl: AMD Address Translation Library initialized
[    7.566370] audit: type=1400 audit(1789846381.870:2): apparmor="STATUS" operation="profile_load" profile="unconfined" name="Discord" pid=1652 comm="apparmor_parser"
[    7.566410] audit: type=1400 audit(1789846381.870:3): apparmor="STATUS" operation="profile_load" profile="unconfined" name="QtWebEngineProcess" pid=1654 comm="apparmor_parser"
[    7.566453] audit: type=1400 audit(1789846381.870:4): apparmor="STATUS" operation="profile_load" profile="unconfined" name="epiphany" pid=1677 comm="apparmor_parser"
[    7.566507] audit: type=1400 audit(1789846381.870:5): apparmor="STATUS" operation="profile_load" profile="unconfined" name="flatpak" pid=1681 comm="apparmor_parser"
[    7.566708] audit: type=1400 audit(1789846381.871:6): apparmor="STATUS" operation="profile_load" profile="unconfined" name="ch-run" pid=1667 comm="apparmor_parser"
[    7.567438] audit: type=1400 audit(1789846381.871:7): apparmor="STATUS" operation="profile_load" profile="unconfined" name="buildah" pid=1663 comm="apparmor_parser"
[    7.567444] audit: type=1400 audit(1789846381.871:8): apparmor="STATUS" operation="profile_load" profile="unconfined" name="element-desktop" pid=1676 comm="apparmor_parser"
[    7.567467] audit: type=1400 audit(1789846381.871:9): apparmor="STATUS" operation="profile_load" profile="unconfined" name="ch-checkns" pid=1666 comm="apparmor_parser"
[    7.567509] audit: type=1400 audit(1789846381.871:10): apparmor="STATUS" operation="profile_load" profile="unconfined" name=4D6F6E676F444220436F6D70617373 pid=1653 comm="apparmor_parser"
[    7.567563] audit: type=1400 audit(1789846381.871:11): apparmor="STATUS" operation="profile_load" profile="unconfined" name="balena-etcher" pid=1659 comm="apparmor_parser"
[    7.662478] intel_rapl_common: Found RAPL domain package
[    7.662484] intel_rapl_common: Found RAPL domain core
[    7.863304] cfg80211: Loading compiled-in X.509 certificates for regulatory database
[    7.863596] Loaded X.509 cert 'sforshee: 00b28ddf47aef9cea7'
[    7.863739] Loaded X.509 cert 'wens: 61c038651aabdcf94bd0ac7ff06c7248db18c600'
[    7.903805] xe 0000:43:00.0: [drm] Tile0: GT0: ccs1 fused off
[    7.903813] xe 0000:43:00.0: [drm] Tile0: GT0: ccs2 fused off
[    7.903816] xe 0000:43:00.0: [drm] Tile0: GT0: ccs3 fused off
[    7.945749] xe 0000:43:00.0: [drm] Tile0: GT1: Using GuC firmware from xe/bmg_guc_70.bin version 70.58.0
[    7.952190] xe 0000:43:00.0: [drm] Tile0: GT1: Using HuC firmware from xe/bmg_huc.bin version 8.2.10
[    7.965237] xe 0000:43:00.0: [drm] Tile0: GT1: vcs1 fused off
[    7.965353] xe 0000:43:00.0: [drm] Tile0: GT1: vcs3 fused off
[    7.965359] xe 0000:43:00.0: [drm] Tile0: GT1: vcs4 fused off
[    7.965362] xe 0000:43:00.0: [drm] Tile0: GT1: vcs5 fused off
[    7.965367] xe 0000:43:00.0: [drm] Tile0: GT1: vcs6 fused off
[    7.965372] xe 0000:43:00.0: [drm] Tile0: GT1: vcs7 fused off
[    7.965378] xe 0000:43:00.0: [drm] Tile0: GT1: vecs2 fused off
[    7.965385] xe 0000:43:00.0: [drm] Tile0: GT1: vecs3 fused off
[    8.036736] xe 0000:43:00.0: [drm] Registered 4 planes with drm panic
[    8.036743] [drm] Initialized xe 1.1.0 for 0000:43:00.0 on minor 1
[    8.069155] xe 0000:43:00.0: [drm] Cannot find any crtc or sizes
[    8.078594] xe 0000:43:00.0: [drm] Using mailbox commands for power limits
[    8.079187] xe 0000:43:00.0: [drm] PL2 is supported on channel 0
[    8.082422] xe 0000:47:00.0: [drm] Running in SR-IOV PF mode
[    8.082549] xe 0000:47:00.0: [drm] Found battlemage (device ID e223) discrete display version 14.01 stepping C0
[    8.083949] xe 0000:47:00.0: [drm] VISIBLE VRAM: 0x0000015800000000, 0x0000000800000000
[    8.083970] xe 0000:47:00.0: [drm] VRAM[0]: Actual physical size 0x0000000800000000, usable size exclude stolen 0x00000007f9000000, CPU accessible size 0x00000007f9000000
[    8.083974] xe 0000:47:00.0: [drm] VRAM[0]: DPA range: [0x0000000000000000-800000000], io range: [0x0000015800000000-15ff9000000]
[    8.083978] xe 0000:47:00.0: [drm] VRAM[0]: Actual physical size 0x0000000800000000, usable size exclude stolen 0x00000007f9000000, CPU accessible size 0x00000007f9000000
[    8.083981] xe 0000:47:00.0: [drm] VRAM[0]: DPA range: [0x0000000000000000-800000000], io range: [0x0000015800000000-15ff9000000]
[    8.109572] nvme nvme0: using unchecked data buffer
[    8.121188] xe 0000:47:00.0: [drm] Finished loading DMC firmware i915/bmg_dmc.bin (v2.6)
[    8.123968] xe 0000:47:00.0: [drm] Tile0: GT0: Using GuC firmware from xe/bmg_guc_70.bin version 70.58.0
[    8.134577] xe 0000:43:00.0: [drm] Cannot find any crtc or sizes
[    8.134576] snd_hda_intel 0000:44:00.0: bound 0000:43:00.0 (ops intel_audio_component_bind_ops [xe])
[    8.139105] snd_hda_intel 0000:44:00.0: Unknown capability 0
[    8.167652] xe 0000:43:00.0: [drm] Cannot find any crtc or sizes
[    8.188596] input: HDA Intel PCH HDMI/DP,pcm=3 as /devices/pci0000:40/0000:40:01.1/0000:41:00.0/0000:42:02.0/0000:44:00.0/sound/card1/input4
[    8.188693] input: HDA Intel PCH HDMI/DP,pcm=7 as /devices/pci0000:40/0000:40:01.1/0000:41:00.0/0000:42:02.0/0000:44:00.0/sound/card1/input5
[    8.188762] input: HDA Intel PCH HDMI/DP,pcm=8 as /devices/pci0000:40/0000:40:01.1/0000:41:00.0/0000:42:02.0/0000:44:00.0/sound/card1/input6
[    8.188921] input: HDA Intel PCH HDMI/DP,pcm=9 as /devices/pci0000:40/0000:40:01.1/0000:41:00.0/0000:42:02.0/0000:44:00.0/sound/card1/input7
[    8.200010] NET: Registered PF_QIPCRTR protocol family
[    8.336584] loop0: detected capacity change from 0 to 8
[    8.478925] xe 0000:47:00.0: [drm] Tile0: GT0: ccs1 fused off
[    8.478933] xe 0000:47:00.0: [drm] Tile0: GT0: ccs2 fused off
[    8.478936] xe 0000:47:00.0: [drm] Tile0: GT0: ccs3 fused off
[    8.508079] xe 0000:47:00.0: [drm] Tile0: GT1: Using GuC firmware from xe/bmg_guc_70.bin version 70.58.0
[    8.511077] xe 0000:47:00.0: [drm] Tile0: GT1: Using HuC firmware from xe/bmg_huc.bin version 8.2.10
[    8.522860] xe 0000:47:00.0: [drm] Tile0: GT1: vcs1 fused off
[    8.522866] xe 0000:47:00.0: [drm] Tile0: GT1: vcs3 fused off
[    8.522869] xe 0000:47:00.0: [drm] Tile0: GT1: vcs4 fused off
[    8.522872] xe 0000:47:00.0: [drm] Tile0: GT1: vcs5 fused off
[    8.522874] xe 0000:47:00.0: [drm] Tile0: GT1: vcs6 fused off
[    8.522877] xe 0000:47:00.0: [drm] Tile0: GT1: vcs7 fused off
[    8.522879] xe 0000:47:00.0: [drm] Tile0: GT1: vecs2 fused off
[    8.522882] xe 0000:47:00.0: [drm] Tile0: GT1: vecs3 fused off
[    8.584565] xe 0000:47:00.0: [drm] Registered 4 planes with drm panic
[    8.584572] [drm] Initialized xe 1.1.0 for 0000:47:00.0 on minor 2
[    8.616938] xe 0000:47:00.0: [drm] Cannot find any crtc or sizes
[    8.626256] xe 0000:47:00.0: [drm] Using mailbox commands for power limits
[    8.626865] xe 0000:47:00.0: [drm] PL2 is supported on channel 0
[    8.632590] xe 0000:03:00.0: [drm] Running in SR-IOV PF mode
[    8.633551] xe 0000:03:00.0: [drm] Found battlemage (device ID e223) discrete display version 14.01 stepping C0
[    8.636340] xe 0000:03:00.0: [drm] VISIBLE VRAM: 0x000001f000000000, 0x0000000800000000
[    8.636363] xe 0000:03:00.0: [drm] VRAM[0]: Actual physical size 0x0000000800000000, usable size exclude stolen 0x00000007f9000000, CPU accessible size 0x00000007f9000000
[    8.636366] xe 0000:03:00.0: [drm] VRAM[0]: DPA range: [0x0000000000000000-800000000], io range: [0x000001f000000000-1f7f9000000]
[    8.636370] xe 0000:03:00.0: [drm] VRAM[0]: Actual physical size 0x0000000800000000, usable size exclude stolen 0x00000007f9000000, CPU accessible size 0x00000007f9000000
[    8.636373] xe 0000:03:00.0: [drm] VRAM[0]: DPA range: [0x0000000000000000-800000000], io range: [0x000001f000000000-1f7f9000000]
[    8.666216] xe 0000:03:00.0: [drm] Finished loading DMC firmware i915/bmg_dmc.bin (v2.6)
[    8.668886] xe 0000:03:00.0: [drm] Tile0: GT0: Using GuC firmware from xe/bmg_guc_70.bin version 70.58.0
[    8.682938] xe 0000:47:00.0: [drm] Cannot find any crtc or sizes
[    8.682941] snd_hda_intel 0000:48:00.0: bound 0000:47:00.0 (ops intel_audio_component_bind_ops [xe])
[    8.687598] snd_hda_intel 0000:48:00.0: Unknown capability 0
[    8.712247] input: HDA Intel PCH HDMI/DP,pcm=3 as /devices/pci0000:40/0000:40:03.1/0000:45:00.0/0000:46:02.0/0000:48:00.0/sound/card2/input8
[    8.712348] input: HDA Intel PCH HDMI/DP,pcm=7 as /devices/pci0000:40/0000:40:03.1/0000:45:00.0/0000:46:02.0/0000:48:00.0/sound/card2/input9
[    8.712447] input: HDA Intel PCH HDMI/DP,pcm=8 as /devices/pci0000:40/0000:40:03.1/0000:45:00.0/0000:46:02.0/0000:48:00.0/sound/card2/input10
[    8.712522] input: HDA Intel PCH HDMI/DP,pcm=9 as /devices/pci0000:40/0000:40:03.1/0000:45:00.0/0000:46:02.0/0000:48:00.0/sound/card2/input11
[    8.715327] xe 0000:47:00.0: [drm] Cannot find any crtc or sizes
[    8.994199] xe 0000:03:00.0: [drm] Tile0: GT0: ccs1 fused off
[    8.994204] xe 0000:03:00.0: [drm] Tile0: GT0: ccs2 fused off
[    8.994207] xe 0000:03:00.0: [drm] Tile0: GT0: ccs3 fused off
[    9.023307] xe 0000:03:00.0: [drm] Tile0: GT1: Using GuC firmware from xe/bmg_guc_70.bin version 70.58.0
[    9.026358] xe 0000:03:00.0: [drm] Tile0: GT1: Using HuC firmware from xe/bmg_huc.bin version 8.2.10
[    9.038347] xe 0000:03:00.0: [drm] Tile0: GT1: vcs1 fused off
[    9.038352] xe 0000:03:00.0: [drm] Tile0: GT1: vcs3 fused off
[    9.038355] xe 0000:03:00.0: [drm] Tile0: GT1: vcs4 fused off
[    9.038358] xe 0000:03:00.0: [drm] Tile0: GT1: vcs5 fused off
[    9.038361] xe 0000:03:00.0: [drm] Tile0: GT1: vcs6 fused off
[    9.038363] xe 0000:03:00.0: [drm] Tile0: GT1: vcs7 fused off
[    9.038366] xe 0000:03:00.0: [drm] Tile0: GT1: vecs2 fused off
[    9.038369] xe 0000:03:00.0: [drm] Tile0: GT1: vecs3 fused off
[    9.102075] xe 0000:03:00.0: [drm] Registered 4 planes with drm panic
[    9.102080] [drm] Initialized xe 1.1.0 for 0000:03:00.0 on minor 3
[    9.134484] xe 0000:03:00.0: [drm] Cannot find any crtc or sizes
[    9.143826] xe 0000:03:00.0: [drm] Using mailbox commands for power limits
[    9.144400] xe 0000:03:00.0: [drm] PL2 is supported on channel 0
[    9.147572] xe 0000:07:00.0: [drm] Running in SR-IOV PF mode
[    9.147722] xe 0000:07:00.0: [drm] Found battlemage (device ID e223) discrete display version 14.01 stepping C0
[    9.149097] xe 0000:07:00.0: [drm] VISIBLE VRAM: 0x000001d800000000, 0x0000000800000000
[    9.149118] xe 0000:07:00.0: [drm] VRAM[0]: Actual physical size 0x0000000800000000, usable size exclude stolen 0x00000007f9000000, CPU accessible size 0x00000007f9000000
[    9.149121] xe 0000:07:00.0: [drm] VRAM[0]: DPA range: [0x0000000000000000-800000000], io range: [0x000001d800000000-1dff9000000]
[    9.149125] xe 0000:07:00.0: [drm] VRAM[0]: Actual physical size 0x0000000800000000, usable size exclude stolen 0x00000007f9000000, CPU accessible size 0x00000007f9000000
[    9.149128] xe 0000:07:00.0: [drm] VRAM[0]: DPA range: [0x0000000000000000-800000000], io range: [0x000001d800000000-1dff9000000]
[    9.185161] xe 0000:07:00.0: [drm] Finished loading DMC firmware i915/bmg_dmc.bin (v2.6)
[    9.187897] xe 0000:07:00.0: [drm] Tile0: GT0: Using GuC firmware from xe/bmg_guc_70.bin version 70.58.0
[    9.199696] xe 0000:03:00.0: [drm] Cannot find any crtc or sizes
[    9.199702] snd_hda_intel 0000:04:00.0: bound 0000:03:00.0 (ops intel_audio_component_bind_ops [xe])
[    9.204603] snd_hda_intel 0000:04:00.0: Unknown capability 0
[    9.231799] input: HDA Intel PCH HDMI/DP,pcm=3 as /devices/pci0000:00/0000:00:01.1/0000:01:00.0/0000:02:02.0/0000:04:00.0/sound/card3/input12
[    9.231906] input: HDA Intel PCH HDMI/DP,pcm=7 as /devices/pci0000:00/0000:00:01.1/0000:01:00.0/0000:02:02.0/0000:04:00.0/sound/card3/input13
[    9.232002] input: HDA Intel PCH HDMI/DP,pcm=8 as /devices/pci0000:00/0000:00:01.1/0000:01:00.0/0000:02:02.0/0000:04:00.0/sound/card3/input14
[    9.232099] input: HDA Intel PCH HDMI/DP,pcm=9 as /devices/pci0000:00/0000:00:01.1/0000:01:00.0/0000:02:02.0/0000:04:00.0/sound/card3/input15
[    9.232627] xe 0000:03:00.0: [drm] Cannot find any crtc or sizes
[    9.514195] xe 0000:07:00.0: [drm] Tile0: GT0: ccs1 fused off
[    9.514203] xe 0000:07:00.0: [drm] Tile0: GT0: ccs2 fused off
[    9.514206] xe 0000:07:00.0: [drm] Tile0: GT0: ccs3 fused off
[    9.543431] xe 0000:07:00.0: [drm] Tile0: GT1: Using GuC firmware from xe/bmg_guc_70.bin version 70.58.0
[    9.546425] xe 0000:07:00.0: [drm] Tile0: GT1: Using HuC firmware from xe/bmg_huc.bin version 8.2.10
[    9.558328] xe 0000:07:00.0: [drm] Tile0: GT1: vcs1 fused off
[    9.558332] xe 0000:07:00.0: [drm] Tile0: GT1: vcs3 fused off
[    9.558335] xe 0000:07:00.0: [drm] Tile0: GT1: vcs4 fused off
[    9.558338] xe 0000:07:00.0: [drm] Tile0: GT1: vcs5 fused off
[    9.558341] xe 0000:07:00.0: [drm] Tile0: GT1: vcs6 fused off
[    9.558344] xe 0000:07:00.0: [drm] Tile0: GT1: vcs7 fused off
[    9.558347] xe 0000:07:00.0: [drm] Tile0: GT1: vecs2 fused off
[    9.558349] xe 0000:07:00.0: [drm] Tile0: GT1: vecs3 fused off
[    9.620502] xe 0000:07:00.0: [drm] Registered 4 planes with drm panic
[    9.620507] [drm] Initialized xe 1.1.0 for 0000:07:00.0 on minor 4
[    9.652915] xe 0000:07:00.0: [drm] Cannot find any crtc or sizes
[    9.654190] xe 0000:07:00.0: [drm] Using mailbox commands for power limits
[    9.654783] xe 0000:07:00.0: [drm] PL2 is supported on channel 0
[    9.680788] Creating 4 MTD partitions on "xe.nvm.17152":
[    9.680796] 0x000000000000-0x000000001000 : "xe.nvm.17152.DESCRIPTOR"
[    9.691535] 0x000000001000-0x00000054e000 : "xe.nvm.17152.GSC"
[    9.695380] 0x00000054e000-0x00000074e000 : "xe.nvm.17152.OptionROM"
[    9.697414] 0x00000074e000-0x00000075e000 : "xe.nvm.17152.DAM"
[    9.706037] Creating 4 MTD partitions on "xe.nvm.18176":
[    9.706043] 0x000000000000-0x000000001000 : "xe.nvm.18176.DESCRIPTOR"
[    9.707745] 0x000000001000-0x00000054e000 : "xe.nvm.18176.GSC"
[    9.709624] 0x00000054e000-0x00000074e000 : "xe.nvm.18176.OptionROM"
[    9.711264] 0x00000074e000-0x00000075e000 : "xe.nvm.18176.DAM"
[    9.714239] Creating 4 MTD partitions on "xe.nvm.768":
[    9.714245] 0x000000000000-0x000000001000 : "xe.nvm.768.DESCRIPTOR"
[    9.715795] 0x000000001000-0x00000054e000 : "xe.nvm.768.GSC"
[    9.717356] 0x00000054e000-0x00000074e000 : "xe.nvm.768.OptionROM"
[    9.719054] 0x00000074e000-0x00000075e000 : "xe.nvm.768.DAM"
[    9.719428] xe 0000:07:00.0: [drm] Cannot find any crtc or sizes
[    9.722829] Creating 4 MTD partitions on "xe.nvm.1792":
[    9.722835] 0x000000000000-0x000000001000 : "xe.nvm.1792.DESCRIPTOR"
[    9.724371] 0x000000001000-0x00000054e000 : "xe.nvm.1792.GSC"
[    9.726072] 0x00000054e000-0x00000074e000 : "xe.nvm.1792.OptionROM"
[    9.727832] 0x00000074e000-0x00000075e000 : "xe.nvm.1792.DAM"
[    9.751659] xe 0000:07:00.0: [drm] Cannot find any crtc or sizes
[    9.751665] snd_hda_intel 0000:08:00.0: bound 0000:07:00.0 (ops intel_audio_component_bind_ops [xe])
[    9.758407] snd_hda_intel 0000:08:00.0: Unknown capability 0
[    9.804425] mei_lb xe.mei-gscfi.18176-e2c2afa2-3817-4d19-9d95-06b16b588a5d: bound 0000:47:00.0 (ops xe_late_bind_component_ops [xe])
[    9.804801] mei_lb xe.mei-gscfi.17152-e2c2afa2-3817-4d19-9d95-06b16b588a5d: bound 0000:43:00.0 (ops xe_late_bind_component_ops [xe])
[    9.804916] input: HDA Intel PCH HDMI/DP,pcm=3 as /devices/pci0000:00/0000:00:03.1/0000:05:00.0/0000:06:02.0/0000:08:00.0/sound/card4/input16
[    9.804956] mei_lb xe.mei-gscfi.768-e2c2afa2-3817-4d19-9d95-06b16b588a5d: bound 0000:03:00.0 (ops xe_late_bind_component_ops [xe])
[    9.805247] mei_lb xe.mei-gscfi.1792-e2c2afa2-3817-4d19-9d95-06b16b588a5d: bound 0000:07:00.0 (ops xe_late_bind_component_ops [xe])
[    9.805530] input: HDA Intel PCH HDMI/DP,pcm=7 as /devices/pci0000:00/0000:00:03.1/0000:05:00.0/0000:06:02.0/0000:08:00.0/sound/card4/input17
[    9.806193] input: HDA Intel PCH HDMI/DP,pcm=8 as /devices/pci0000:00/0000:00:03.1/0000:05:00.0/0000:06:02.0/0000:08:00.0/sound/card4/input18
[    9.806429] input: HDA Intel PCH HDMI/DP,pcm=9 as /devices/pci0000:00/0000:00:03.1/0000:05:00.0/0000:06:02.0/0000:08:00.0/sound/card4/input19
[  127.958550] kauditd_printk_skb: 175 callbacks suppressed
[  127.958555] audit: type=1400 audit(1789846502.925:187): apparmor="STATUS" operation="profile_load" profile="unconfined" name="docker-default" pid=2767 comm="apparmor_parser"
[  128.184425] Initializing XFRM netlink socket
[  128.206329] bridge: filtering via arp/ip/ip6tables is no longer available by default. Update your scripts to load br_netfilter if you need this.
[  128.771732] audit: type=1400 audit(1789846503.738:188): apparmor="DENIED" operation="open" class="file" profile="who" name="/usr/share/coreutils/locales/uucore/en-US.ftl" pid=3003 comm="who" requested_mask="r" denied_mask="r" fsuid=0 ouid=0
[  129.194036] evm: overlay not supported
[  129.388837] docker0: port 1(vethe475a4d) entered blocking state
[  129.388845] docker0: port 1(vethe475a4d) entered disabled state
[  129.388855] vethe475a4d: entered allmulticast mode
[  129.388963] vethe475a4d: entered promiscuous mode
[  129.395538] eth0: renamed from veth2cbefa2
[  129.397301] docker0: port 1(vethe475a4d) entered blocking state
[  129.397306] docker0: port 1(vethe475a4d) entered forwarding state
[  129.516573] veth2cbefa2: renamed from eth0
[  129.516760] docker0: port 1(vethe475a4d) entered disabled state
[  129.560919] docker0: port 1(vethe475a4d) entered disabled state
[  129.561267] vethe475a4d (unregistering): left allmulticast mode
[  129.561273] vethe475a4d (unregistering): left promiscuous mode
[  129.561276] docker0: port 1(vethe475a4d) entered disabled state
[  129.769778] docker0: port 1(veth7d4c9d9) entered blocking state
[  129.769791] docker0: port 1(veth7d4c9d9) entered disabled state
[  129.769810] veth7d4c9d9: entered allmulticast mode
[  129.769886] veth7d4c9d9: entered promiscuous mode
[  129.774961] eth0: renamed from veth7be2a1d
[  129.775686] docker0: port 1(veth7d4c9d9) entered blocking state
[  129.775696] docker0: port 1(veth7d4c9d9) entered forwarding state
[  129.845546] docker0: port 1(veth7d4c9d9) entered disabled state
[  129.845602] veth7be2a1d: renamed from eth0
[  129.880957] docker0: port 1(veth7d4c9d9) entered disabled state
[  129.881272] veth7d4c9d9 (unregistering): left allmulticast mode
[  129.881278] veth7d4c9d9 (unregistering): left promiscuous mode
[  129.881281] docker0: port 1(veth7d4c9d9) entered disabled state
[  154.612691] docker0: port 1(veth48a587f) entered blocking state
[  154.612699] docker0: port 1(veth48a587f) entered disabled state
[  154.612710] veth48a587f: entered allmulticast mode
[  154.612817] veth48a587f: entered promiscuous mode
[  154.618380] eth0: renamed from vethcd44f0e
[  154.619032] docker0: port 1(veth48a587f) entered blocking state
[  154.619038] docker0: port 1(veth48a587f) entered forwarding state
[  154.690330] docker0: port 1(veth48a587f) entered disabled state
[  154.690381] vethcd44f0e: renamed from eth0
[  154.740348] docker0: port 1(veth48a587f) entered disabled state
[  154.741104] veth48a587f (unregistering): left allmulticast mode
[  154.741110] veth48a587f (unregistering): left promiscuous mode
[  154.741115] docker0: port 1(veth48a587f) entered disabled state
[  178.775420] docker0: port 1(veth2eaba23) entered blocking state
[  178.775428] docker0: port 1(veth2eaba23) entered disabled state
[  178.775439] veth2eaba23: entered allmulticast mode
[  178.775502] veth2eaba23: entered promiscuous mode
[  178.780776] eth0: renamed from veth6af807b
[  178.781315] docker0: port 1(veth2eaba23) entered blocking state
[  178.781320] docker0: port 1(veth2eaba23) entered forwarding state
[  230.120477] audit: type=1400 audit(1789846605.085:189): apparmor="DENIED" operation="open" class="file" profile="who" name="/usr/share/coreutils/locales/uucore/en-US.ftl" pid=4811 comm="who" requested_mask="r" denied_mask="r" fsuid=0 ouid=0
[  247.694331] xe 0000:03:00.0: Using 46-bit DMA addresses
[  247.930893] xe 0000:43:00.0: Using 46-bit DMA addresses
[  247.931300] xe 0000:47:00.0: Using 46-bit DMA addresses
[  374.389661] xe 0000:07:00.0: Using 46-bit DMA addresses
[  666.934703] audit: type=1400 audit(1789847041.891:190): apparmor="DENIED" operation="open" class="file" profile="who" name="/usr/share/coreutils/locales/uucore/en-US.ftl" pid=7551 comm="who" requested_mask="r" denied_mask="r" fsuid=0 ouid=0
[  921.344260] workqueue: delayed_fput hogged CPU for >10000us 4 times, consider switching to WQ_UNBOUND
[  953.803010] docker0: port 1(veth2eaba23) entered disabled state
[  953.803066] veth6af807b: renamed from eth0
[  953.841586] docker0: port 1(veth2eaba23) entered disabled state
[  953.842397] veth2eaba23 (unregistering): left allmulticast mode
[  953.842402] veth2eaba23 (unregistering): left promiscuous mode
[  953.842407] docker0: port 1(veth2eaba23) entered disabled state
[ 1111.001032] audit: type=1400 audit(1789847485.950:191): apparmor="DENIED" operation="open" class="file" profile="who" name="/usr/share/coreutils/locales/uucore/en-US.ftl" pid=9664 comm="who" requested_mask="r" denied_mask="r" fsuid=0 ouid=0
[ 1149.861147] docker0: port 1(veth1bd7e2b) entered blocking state
[ 1149.861155] docker0: port 1(veth1bd7e2b) entered disabled state
[ 1149.861164] veth1bd7e2b: entered allmulticast mode
[ 1149.861225] veth1bd7e2b: entered promiscuous mode
[ 1149.867620] eth0: renamed from veth1f36f47
[ 1149.869755] docker0: port 1(veth1bd7e2b) entered blocking state
[ 1149.869760] docker0: port 1(veth1bd7e2b) entered forwarding state
[ 1201.664919] audit: type=1400 audit(1789847576.613:192): apparmor="DENIED" operation="open" class="file" profile="who" name="/usr/share/coreutils/locales/uucore/en-US.ftl" pid=10999 comm="who" requested_mask="r" denied_mask="r" fsuid=0 ouid=0
[ 1495.221288] audit: type=1400 audit(1789847870.165:193): apparmor="DENIED" operation="open" class="file" profile="who" name="/usr/share/coreutils/locales/uucore/en-US.ftl" pid=12883 comm="who" requested_mask="r" denied_mask="r" fsuid=0 ouid=0
[ 1934.493263] audit: type=1400 audit(1789848309.430:194): apparmor="DENIED" operation="open" class="file" profile="who" name="/usr/share/coreutils/locales/uucore/en-US.ftl" pid=15746 comm="who" requested_mask="r" denied_mask="r" fsuid=0 ouid=0
[ 2395.744440] audit: type=1400 audit(1789848770.674:195): apparmor="DENIED" operation="open" class="file" profile="who" name="/usr/share/coreutils/locales/uucore/en-US.ftl" pid=17610 comm="who" requested_mask="r" denied_mask="r" fsuid=0 ouid=0
[ 2526.152635] audit: type=1400 audit(1789848901.080:196): apparmor="DENIED" operation="open" class="file" profile="who" name="/usr/share/coreutils/locales/uucore/en-US.ftl" pid=18427 comm="who" requested_mask="r" denied_mask="r" fsuid=0 ouid=0
[ 2983.720676] audit: type=1400 audit(1789849358.641:197): apparmor="DENIED" operation="open" class="file" profile="who" name="/usr/share/coreutils/locales/uucore/en-US.ftl" pid=20154 comm="who" requested_mask="r" denied_mask="r" fsuid=0 ouid=0
[ 3400.182954] audit: type=1400 audit(1789849775.096:198): apparmor="DENIED" operation="open" class="file" profile="who" name="/usr/share/coreutils/locales/uucore/en-US.ftl" pid=21692 comm="who" requested_mask="r" denied_mask="r" fsuid=0 ouid=0
[ 3453.893801] workqueue: delayed_fput hogged CPU for >10000us 5 times, consider switching to WQ_UNBOUND
[ 3453.922809] workqueue: delayed_fput hogged CPU for >10000us 7 times, consider switching to WQ_UNBOUND
[ 3454.196657] docker0: port 1(veth1bd7e2b) entered disabled state
[ 3454.196713] veth1f36f47: renamed from eth0
[ 3454.240349] docker0: port 1(veth1bd7e2b) entered disabled state
[ 3454.240649] veth1bd7e2b (unregistering): left allmulticast mode
[ 3454.240654] veth1bd7e2b (unregistering): left promiscuous mode
[ 3454.240657] docker0: port 1(veth1bd7e2b) entered disabled state
[ 3459.938183] docker0: port 1(vethc833e5e) entered blocking state
[ 3459.938192] docker0: port 1(vethc833e5e) entered disabled state
[ 3459.938219] vethc833e5e: entered allmulticast mode
[ 3459.938379] vethc833e5e: entered promiscuous mode
[ 3459.944661] eth0: renamed from veth5de75b8
[ 3459.946109] docker0: port 1(vethc833e5e) entered blocking state
[ 3459.946114] docker0: port 1(vethc833e5e) entered forwarding state
[ 3514.521244] audit: type=1400 audit(1789849889.434:199): apparmor="DENIED" operation="open" class="file" profile="who" name="/usr/share/coreutils/locales/uucore/en-US.ftl" pid=23507 comm="who" requested_mask="r" denied_mask="r" fsuid=0 ouid=0
[ 3931.435031] audit: type=1400 audit(1789850306.340:200): apparmor="DENIED" operation="open" class="file" profile="who" name="/usr/share/coreutils/locales/uucore/en-US.ftl" pid=26046 comm="who" requested_mask="r" denied_mask="r" fsuid=0 ouid=0
[ 4090.873840] xe 0000:03:00.0: [drm] Tile0: GT0: 
               	ASID: 49
               	Faulted Address: 0x0000e000e99ff000
               	FaultType: 0
               	AccessType: 0
               	FaultLevel: 0
               	EngineClass: 5 ccs
               	EngineInstance: 0
[ 4090.873851] xe 0000:03:00.0: [drm] Tile0: GT0: Fault response: Unsuccessful -ENOENT
[ 4090.873910] xe 0000:03:00.0: [drm] Tile0: GT0: Engine memory CAT error [18]: class=ccs, logical_mask: 0x1, guc_id=22
[ 4090.876425] xe 0000:03:00.0: [drm] Tile0: GT0: Engine reset: engine_class=ccs, logical_mask: 0x1, guc_id=22, state=0x249
[ 4090.876444] xe 0000:03:00.0: [drm] Tile0: GT0: Timedout job: seqno=95, lrc_seqno=95, guc_id=22, flags=0x20 in python3 [23186]
[ 4090.876461] kworker/u128:6: page allocation failure: order:9, mode:0x40820(GFP_ATOMIC|__GFP_COMP), nodemask=(null),cpuset=/,mems_allowed=0
[ 4090.876470] xe 0000:43:00.0: [drm] Tile0: GT0: 
               	ASID: 55
               	Faulted Address: 0x0000f555941ff000
               	FaultType: 0
               	AccessType: 0
               	FaultLevel: 0
               	EngineClass: 5 ccs
               	EngineInstance: 0
[ 4090.876474] CPU: 28 UID: 0 PID: 8984 Comm: kworker/u128:6 Not tainted 7.0.0-31-generic #31-Ubuntu PREEMPT(lazy) 
[ 4090.876478] Hardware name: To Be Filled By O.E.M. WRX80D8-2T/WRX80D8-2T, BIOS 10.27 05/05/2022
[ 4090.876482] xe 0000:43:00.0: [drm] Tile0: GT0: Fault response: Unsuccessful -ENOENT
[ 4090.876480] Workqueue: gt-ordered-wq drm_sched_job_timedout [gpu_sched]
[ 4090.876490] Call Trace:
[ 4090.876493]  <TASK>
[ 4090.876496]  show_stack+0x49/0x60
[ 4090.876502]  dump_stack_lvl+0x5f/0x90
[ 4090.876507]  dump_stack+0x10/0x18
[ 4090.876509]  warn_alloc+0x172/0x1a0
[ 4090.876517]  __alloc_pages_slowpath.constprop.0+0x59c/0x9b0
[ 4090.876524]  __alloc_frozen_pages_noprof+0x327/0x360
[ 4090.876529]  alloc_pages_mpol+0x88/0x1b0
[ 4090.876534]  alloc_frozen_pages_noprof+0x59/0xe0
[ 4090.876537]  ? srso_return_thunk+0x5/0x5f
[ 4090.876539] xe 0000:43:00.0: [drm] Tile0: GT0: Engine memory CAT error [18]: class=ccs, logical_mask: 0x1, guc_id=42
[ 4090.876540]  ? srso_return_thunk+0x5/0x5f
[ 4090.876542]  ___kmalloc_large_node+0xf6/0x140
[ 4090.876546]  __kmalloc_large_node_noprof+0x1f/0x110
[ 4090.876550]  ? xe_guc_log_snapshot_alloc+0xec/0x160 [xe]
[ 4090.876652]  __kmalloc_noprof+0x40e/0x5e0
[ 4090.876655]  ? __kmalloc_cache_noprof+0x12c/0x4b0
[ 4090.876658]  ? srso_return_thunk+0x5/0x5f
[ 4090.876661]  xe_guc_log_snapshot_alloc+0xec/0x160 [xe]
[ 4090.876751]  xe_guc_log_snapshot_capture+0x3c/0x1a0 [xe]
[ 4090.876841]  devcoredump_snapshot+0xfb/0x190 [xe]
[ 4090.876926]  xe_devcoredump+0x124/0x140 [xe]
[ 4090.877009]  ? _dev_notice+0x7b/0xb0
[ 4090.877015]  ? schedule_timeout+0x91/0x110
[ 4090.877020]  guc_exec_queue_timedout_job+0x3f6/0xc60 [xe]
[ 4090.877110]  ? __pfx_autoremove_wake_function+0x10/0x10
[ 4090.877116]  drm_sched_job_timedout+0x8c/0x1a0 [gpu_sched]
[ 4090.877122]  process_one_work+0x1ac/0x3d0
[ 4090.877127]  worker_thread+0x1b8/0x360
[ 4090.877130]  ? __pfx_worker_thread+0x10/0x10
[ 4090.877133]  kthread+0xf7/0x130
[ 4090.877136]  ? __pfx_kthread+0x10/0x10
[ 4090.877140]  ret_from_fork+0x195/0x2a0
[ 4090.877143]  ? __pfx_kthread+0x10/0x10
[ 4090.877146]  ? __pfx_kthread+0x10/0x10
[ 4090.877149]  ret_from_fork_asm+0x1a/0x30
[ 4090.877156]  </TASK>
[ 4090.877168] Mem-Info:
[ 4090.877173] active_anon:745621 inactive_anon:1750977 isolated_anon:0
                active_file:243136 inactive_file:1845438 isolated_file:0
                unevictable:2882 dirty:106 writeback:0
                slab_reclaimable:71208 slab_unreclaimable:337555
                mapped:308766 shmem:154893 pagetables:27207
                sec_pagetables:7965 bounce:0
                kernel_misc_reclaimable:0
                free:600527 free_pcp:9723 free_cma:0
[ 4090.877179] Node 0 active_anon:2982484kB inactive_anon:7003908kB active_file:973048kB inactive_file:7381752kB unevictable:11528kB isolated(anon):0kB isolated(file):0kB mapped:1235064kB dirty:424kB writeback:0kB shmem:619572kB shmem_thp:0kB shmem_pmdmapped:0kB anon_thp:0kB kernel_stack:25680kB pagetables:108828kB sec_pagetables:31860kB all_unreclaimable? no Balloon:0kB
[ 4090.877185] Node 0 DMA free:11268kB boost:0kB min:8kB low:20kB high:32kB reserved_highatomic:0KB free_highatomic:0KB active_anon:0kB inactive_anon:0kB active_file:0kB inactive_file:0kB unevictable:0kB writepending:0kB zspages:0kB present:15996kB managed:15364kB mlocked:0kB bounce:0kB free_pcp:0kB local_pcp:0kB free_cma:0kB
[ 4090.877192] lowmem_reserve[]: 0 787 126570 126570 126570
[ 4090.877201] Node 0 DMA32 free:503504kB boost:0kB min:388kB low:1132kB high:1876kB reserved_highatomic:0KB free_highatomic:0KB active_anon:0kB inactive_anon:0kB active_file:0kB inactive_file:0kB unevictable:0kB writepending:0kB zspages:0kB present:2972712kB managed:806820kB mlocked:0kB bounce:0kB free_pcp:0kB local_pcp:0kB free_cma:0kB
[ 4090.877207] lowmem_reserve[]: 0 0 125782 125782 125782
[ 4090.877216] Node 0 Normal free:1887336kB boost:136932kB min:204116kB low:332904kB high:461692kB reserved_highatomic:0KB free_highatomic:0KB active_anon:2982484kB inactive_anon:7003908kB active_file:973552kB inactive_file:7380744kB unevictable:11528kB writepending:424kB zspages:0kB present:131058688kB managed:128801320kB mlocked:8456kB bounce:0kB free_pcp:38884kB local_pcp:772kB free_cma:0kB
[ 4090.877223] lowmem_reserve[]: 0 0 0 0 0
[ 4090.877231] Node 0 DMA: 1*4kB (U) 0*8kB 0*16kB 0*32kB 0*64kB 0*128kB 0*256kB 0*512kB 1*1024kB (U) 1*2048kB (M) 2*4096kB (M) = 11268kB
[ 4090.877255] Node 0 DMA32: 12*4kB (UM) 12*8kB (UM) 12*16kB (UM) 20*32kB (UM) 16*64kB (UM) 14*128kB (UM) 10*256kB (UM) 5*512kB (UM) 3*1024kB (UM) 8*2048kB (UM) 116*4096kB (UM) = 503504kB
[ 4090.877287] Node 0 Normal: 36038*4kB (UME) 27690*8kB (UME) 15634*16kB (UME) 11223*32kB (UME) 6352*64kB (UME) 2646*128kB (UME) 541*256kB (UM) 54*512kB (UM) 1*1024kB (U) 0*2048kB 0*4096kB = 1887336kB
[ 4090.877321] Node 0 hugepages_total=0 hugepages_free=0 hugepages_surp=0 hugepages_size=1048576kB
[ 4090.877324] Node 0 hugepages_total=0 hugepages_free=0 hugepages_surp=0 hugepages_size=2048kB
[ 4090.877326] 2461790 total pagecache pages
[ 4090.877328] 216574 pages in swap cache
[ 4090.877330] Free swap  = 89402600kB
[ 4090.877331] Total swap = 100663292kB
[ 4090.877333] 33511849 pages RAM
[ 4090.877335] 0 pages HighMem/MovableOnly
[ 4090.877336] 1105973 pages reserved
[ 4090.877338] 0 pages cma reserved
[ 4090.877340] 0 pages hwpoisoned
[ 4090.877341] Memory cgroup min protection 0kB -- low protection 0kB
[ 4090.878843] xe 0000:07:00.0: [drm] Tile0: GT0: 
               	ASID: 52
               	Faulted Address: 0x0000eaab3edff000
               	FaultType: 0
               	AccessType: 0
               	FaultLevel: 0
               	EngineClass: 5 ccs
               	EngineInstance: 0
[ 4090.878850] xe 0000:07:00.0: [drm] Tile0: GT0: Fault response: Unsuccessful -ENOENT
[ 4090.878907] xe 0000:07:00.0: [drm] Tile0: GT0: Engine memory CAT error [18]: class=ccs, logical_mask: 0x1, guc_id=32
[ 4090.879030] xe 0000:43:00.0: [drm] Tile0: GT0: Engine reset: engine_class=ccs, logical_mask: 0x1, guc_id=42, state=0x249
[ 4090.879059] xe 0000:43:00.0: [drm] Tile0: GT0: Timedout job: seqno=63, lrc_seqno=63, guc_id=42, flags=0x20 in python3 [23383]
[ 4090.881405] xe 0000:07:00.0: [drm] Tile0: GT0: Engine reset: engine_class=ccs, logical_mask: 0x1, guc_id=32, state=0x249
[ 4090.881510] xe 0000:07:00.0: [drm] Tile0: GT0: Timedout job: seqno=51, lrc_seqno=51, guc_id=32, flags=0x20 in python3 [23276]
[ 4090.881528] xe 0000:47:00.0: [drm] Tile0: GT0: 
               	ASID: 58
               	Faulted Address: 0x0000ffffe95ff000
               	FaultType: 0
               	AccessType: 0
               	FaultLevel: 0
               	EngineClass: 5 ccs
               	EngineInstance: 0
[ 4090.881536] xe 0000:47:00.0: [drm] Tile0: GT0: Fault response: Unsuccessful -ENOENT
[ 4090.881587] xe 0000:47:00.0: [drm] Tile0: GT0: Engine memory CAT error [18]: class=ccs, logical_mask: 0x1, guc_id=52
[ 4090.883067] xe 0000:03:00.0: [drm] Xe device coredump has been created
[ 4090.883071] xe 0000:03:00.0: [drm] Check your /sys/class/drm/card3/device/devcoredump/data
[ 4090.884081] xe 0000:47:00.0: [drm] Tile0: GT0: Engine reset: engine_class=ccs, logical_mask: 0x1, guc_id=52, state=0x249
[ 4090.884102] xe 0000:47:00.0: [drm] Tile0: GT0: Timedout job: seqno=355, lrc_seqno=355, guc_id=52, flags=0x20 in python3 [23478]
[ 4090.884855] xe 0000:43:00.0: [drm] Xe device coredump has been created
[ 4090.884859] xe 0000:43:00.0: [drm] Check your /sys/class/drm/card1/device/devcoredump/data
[ 4090.887476] xe 0000:07:00.0: [drm] Xe device coredump has been created
[ 4090.887480] xe 0000:07:00.0: [drm] Check your /sys/class/drm/card4/device/devcoredump/data
[ 4090.889819] xe 0000:47:00.0: [drm] Xe device coredump has been created
[ 4090.889823] xe 0000:47:00.0: [drm] Check your /sys/class/drm/card2/device/devcoredump/data
[ 4383.832495] audit: type=1400 audit(1789850758.731:201): apparmor="DENIED" operation="open" class="file" profile="who" name="/usr/share/coreutils/locales/uucore/en-US.ftl" pid=28776 comm="who" requested_mask="r" denied_mask="r" fsuid=0 ouid=0
[ 4429.857162] xe 0000:43:00.0: [drm] Tile0: GT0: 
               	ASID: 55
               	Faulted Address: 0x0000caac54fb4000
               	FaultType: 0
               	AccessType: 0
               	FaultLevel: 4
               	EngineClass: 3 bcs
               	EngineInstance: 0
[ 4429.857174] xe 0000:43:00.0: [drm] Tile0: GT0: Fault response: Unsuccessful -ENOENT
[ 4429.857211] xe 0000:43:00.0: [drm] Tile0: GT0: Engine reset: engine_class=bcs, logical_mask: 0x1, guc_id=46, state=0x289
[ 4429.898683] xe 0000:03:00.0: [drm] Tile0: GT0: 
               	ASID: 49
               	Faulted Address: 0x0000b557aa5b4000
               	FaultType: 0
               	AccessType: 0
               	FaultLevel: 4
               	EngineClass: 3 bcs
               	EngineInstance: 0
[ 4429.898694] xe 0000:03:00.0: [drm] Tile0: GT0: Fault response: Unsuccessful -ENOENT
[ 4429.898776] xe 0000:03:00.0: [drm] Tile0: GT0: Engine reset: engine_class=bcs, logical_mask: 0x1, guc_id=26, state=0x289
[ 4430.172025] docker0: port 1(vethc833e5e) entered disabled state
[ 4430.172085] veth5de75b8: renamed from eth0
[ 4430.207130] docker0: port 1(vethc833e5e) entered disabled state
[ 4430.207415] vethc833e5e (unregistering): left allmulticast mode
[ 4430.207421] vethc833e5e (unregistering): left promiscuous mode
[ 4430.207425] docker0: port 1(vethc833e5e) entered disabled state
[ 4436.291597] docker0: port 1(veth417057b) entered blocking state
[ 4436.291605] docker0: port 1(veth417057b) entered disabled state
[ 4436.291618] veth417057b: entered allmulticast mode
[ 4436.291683] veth417057b: entered promiscuous mode
[ 4436.297807] eth0: renamed from veth42abb36
[ 4436.298616] docker0: port 1(veth417057b) entered blocking state
[ 4436.298620] docker0: port 1(veth417057b) entered forwarding state
[ 4457.065057] hrtimer: interrupt took 6160 ns
[ 4487.210469] audit: type=1400 audit(1789850862.108:202): apparmor="DENIED" operation="open" class="file" profile="who" name="/usr/share/coreutils/locales/uucore/en-US.ftl" pid=30282 comm="who" requested_mask="r" denied_mask="r" fsuid=0 ouid=0
[ 4920.664663] audit: type=1400 audit(1789851295.555:203): apparmor="DENIED" operation="open" class="file" profile="who" name="/usr/share/coreutils/locales/uucore/en-US.ftl" pid=32969 comm="who" requested_mask="r" denied_mask="r" fsuid=0 ouid=0
[ 5355.064147] audit: type=1400 audit(1789851729.948:204): apparmor="DENIED" operation="open" class="file" profile="who" name="/usr/share/coreutils/locales/uucore/en-US.ftl" pid=35354 comm="who" requested_mask="r" denied_mask="r" fsuid=0 ouid=0
[ 5433.443907] audit: type=1400 audit(1789851808.327:205): apparmor="DENIED" operation="open" class="file" profile="who" name="/usr/share/coreutils/locales/uucore/en-US.ftl" pid=35919 comm="who" requested_mask="r" denied_mask="r" fsuid=0 ouid=0
[ 5746.352952] audit: type=1400 audit(1789852121.231:206): apparmor="DENIED" operation="open" class="file" profile="who" name="/usr/share/coreutils/locales/uucore/en-US.ftl" pid=37598 comm="who" requested_mask="r" denied_mask="r" fsuid=0 ouid=0
[ 5823.682914] audit: type=1400 audit(1789852198.560:207): apparmor="DENIED" operation="open" class="file" profile="who" name="/usr/share/coreutils/locales/uucore/en-US.ftl" pid=38093 comm="who" requested_mask="r" denied_mask="r" fsuid=0 ouid=0
[ 6002.860915] audit: type=1400 audit(1789852377.735:208): apparmor="DENIED" operation="open" class="file" profile="who" name="/usr/share/coreutils/locales/uucore/en-US.ftl" pid=39634 comm="who" requested_mask="r" denied_mask="r" fsuid=0 ouid=0
[ 6066.584291] audit: type=1400 audit(1789852441.457:209): apparmor="DENIED" operation="open" class="file" profile="who" name="/usr/share/coreutils/locales/uucore/en-US.ftl" pid=40376 comm="who" requested_mask="r" denied_mask="r" fsuid=0 ouid=0
[ 6127.039387] audit: type=1400 audit(1789852501.912:210): apparmor="DENIED" operation="open" class="file" profile="who" name="/usr/share/coreutils/locales/uucore/en-US.ftl" pid=40769 comm="who" requested_mask="r" denied_mask="r" fsuid=0 ouid=0
[ 6205.875655] audit: type=1400 audit(1789852580.747:211): apparmor="DENIED" operation="open" class="file" profile="who" name="/usr/share/coreutils/locales/uucore/en-US.ftl" pid=41321 comm="who" requested_mask="r" denied_mask="r" fsuid=0 ouid=0
[ 6580.546260] audit: type=1400 audit(1789852955.411:212): apparmor="DENIED" operation="open" class="file" profile="who" name="/usr/share/coreutils/locales/uucore/en-US.ftl" pid=43371 comm="who" requested_mask="r" denied_mask="r" fsuid=0 ouid=0
[ 6834.078711] audit: type=1400 audit(1789853208.940:213): apparmor="DENIED" operation="open" class="file" profile="who" name="/usr/share/coreutils/locales/uucore/en-US.ftl" pid=44658 comm="who" requested_mask="r" denied_mask="r" fsuid=0 ouid=0
[ 6928.940892] audit: type=1400 audit(1789853303.801:214): apparmor="DENIED" operation="open" class="file" profile="who" name="/usr/share/coreutils/locales/uucore/en-US.ftl" pid=45717 comm="who" requested_mask="r" denied_mask="r" fsuid=0 ouid=0
[ 7132.322011] audit: type=1400 audit(1789853507.179:215): apparmor="DENIED" operation="open" class="file" profile="who" name="/usr/share/coreutils/locales/uucore/en-US.ftl" pid=46896 comm="who" requested_mask="r" denied_mask="r" fsuid=0 ouid=0
[ 7313.893209] audit: type=1400 audit(1789853688.747:216): apparmor="DENIED" operation="open" class="file" profile="who" name="/usr/share/coreutils/locales/uucore/en-US.ftl" pid=48150 comm="who" requested_mask="r" denied_mask="r" fsuid=0 ouid=0
[ 7616.650482] audit: type=1400 audit(1789853991.501:217): apparmor="DENIED" operation="open" class="file" profile="who" name="/usr/share/coreutils/locales/uucore/en-US.ftl" pid=49913 comm="who" requested_mask="r" denied_mask="r" fsuid=0 ouid=0
[ 7634.216016] workqueue: delayed_fput hogged CPU for >10000us 11 times, consider switching to WQ_UNBOUND
[ 7634.589972] docker0: port 1(veth417057b) entered disabled state
[ 7634.590647] veth42abb36: renamed from eth0
[ 7634.630543] docker0: port 1(veth417057b) entered disabled state
[ 7634.630817] veth417057b (unregistering): left allmulticast mode
[ 7634.630822] veth417057b (unregistering): left promiscuous mode
[ 7634.630826] docker0: port 1(veth417057b) entered disabled state
[ 7635.324448] docker0: port 1(vetha7d990a) entered blocking state
[ 7635.324457] docker0: port 1(vetha7d990a) entered disabled state
[ 7635.324483] vetha7d990a: entered allmulticast mode
[ 7635.324574] vetha7d990a: entered promiscuous mode
[ 7635.329994] eth0: renamed from veth9f798b7
[ 7635.330761] docker0: port 1(vetha7d990a) entered blocking state
[ 7635.330766] docker0: port 1(vetha7d990a) entered forwarding state
[ 7685.492576] audit: type=1400 audit(1789854060.342:218): apparmor="DENIED" operation="open" class="file" profile="who" name="/usr/share/coreutils/locales/uucore/en-US.ftl" pid=51361 comm="who" requested_mask="r" denied_mask="r" fsuid=0 ouid=0
[ 7903.302063] xe 0000:07:00.0: [drm] Xe device coredump has been deleted.
[ 7903.302065] xe 0000:03:00.0: [drm] Xe device coredump has been deleted.
[ 7903.302087] xe 0000:43:00.0: [drm] Xe device coredump has been deleted.
[ 7903.302122] xe 0000:47:00.0: [drm] Xe device coredump has been deleted.
[ 8190.359975] audit: type=1400 audit(1789854565.201:219): apparmor="DENIED" operation="open" class="file" profile="who" name="/usr/share/coreutils/locales/uucore/en-US.ftl" pid=54383 comm="who" requested_mask="r" denied_mask="r" fsuid=0 ouid=0
[ 8271.594456] audit: type=1400 audit(1789854646.435:220): apparmor="DENIED" operation="open" class="file" profile="who" name="/usr/share/coreutils/locales/uucore/en-US.ftl" pid=55037 comm="who" requested_mask="r" denied_mask="r" fsuid=0 ouid=0
[ 8341.254454] audit: type=1400 audit(1789854716.094:221): apparmor="DENIED" operation="open" class="file" profile="who" name="/usr/share/coreutils/locales/uucore/en-US.ftl" pid=55850 comm="who" requested_mask="r" denied_mask="r" fsuid=0 ouid=0
[ 8790.904396] audit: type=1400 audit(1789855165.737:222): apparmor="DENIED" operation="open" class="file" profile="who" name="/usr/share/coreutils/locales/uucore/en-US.ftl" pid=57679 comm="who" requested_mask="r" denied_mask="r" fsuid=0 ouid=0
[ 9103.874161] audit: type=1400 audit(1789855478.702:223): apparmor="DENIED" operation="open" class="file" profile="who" name="/usr/share/coreutils/locales/uucore/en-US.ftl" pid=59195 comm="who" requested_mask="r" denied_mask="r" fsuid=0 ouid=0
[ 9558.334189] audit: type=1400 audit(1789855933.155:224): apparmor="DENIED" operation="open" class="file" profile="who" name="/usr/share/coreutils/locales/uucore/en-US.ftl" pid=60895 comm="who" requested_mask="r" denied_mask="r" fsuid=0 ouid=0
[ 9601.793401] docker0: port 1(vetha7d990a) entered disabled state
[ 9601.795282] veth9f798b7: renamed from eth0
[ 9601.834114] docker0: port 1(vetha7d990a) entered disabled state
[ 9601.834413] vetha7d990a (unregistering): left allmulticast mode
[ 9601.834419] vetha7d990a (unregistering): left promiscuous mode
[ 9601.834423] docker0: port 1(vetha7d990a) entered disabled state
[ 9608.495283] docker0: port 1(veth6dd2545) entered blocking state
[ 9608.495291] docker0: port 1(veth6dd2545) entered disabled state
[ 9608.495304] veth6dd2545: entered allmulticast mode
[ 9608.495379] veth6dd2545: entered promiscuous mode
[ 9608.501070] eth0: renamed from vethd022c0c
[ 9608.502549] docker0: port 1(veth6dd2545) entered blocking state
[ 9608.502555] docker0: port 1(veth6dd2545) entered forwarding state
[ 9660.951902] audit: type=1400 audit(1789856035.772:225): apparmor="DENIED" operation="open" class="file" profile="who" name="/usr/share/coreutils/locales/uucore/en-US.ftl" pid=62495 comm="who" requested_mask="r" denied_mask="r" fsuid=0 ouid=0
[10046.621538] audit: type=1400 audit(1789856421.436:226): apparmor="DENIED" operation="open" class="file" profile="who" name="/usr/share/coreutils/locales/uucore/en-US.ftl" pid=64802 comm="who" requested_mask="r" denied_mask="r" fsuid=0 ouid=0
[10476.121782] audit: type=1400 audit(1789856850.929:227): apparmor="DENIED" operation="open" class="file" profile="who" name="/usr/share/coreutils/locales/uucore/en-US.ftl" pid=67389 comm="who" requested_mask="r" denied_mask="r" fsuid=0 ouid=0
[10952.381404] audit: type=1400 audit(1789857327.181:228): apparmor="DENIED" operation="open" class="file" profile="who" name="/usr/share/coreutils/locales/uucore/en-US.ftl" pid=69466 comm="who" requested_mask="r" denied_mask="r" fsuid=0 ouid=0
[11052.476721] audit: type=1400 audit(1789857427.275:229): apparmor="DENIED" operation="open" class="file" profile="who" name="/usr/share/coreutils/locales/uucore/en-US.ftl" pid=69887 comm="who" requested_mask="r" denied_mask="r" fsuid=0 ouid=0
[11490.202963] audit: type=1400 audit(1789857864.995:230): apparmor="DENIED" operation="open" class="file" profile="who" name="/usr/share/coreutils/locales/uucore/en-US.ftl" pid=71612 comm="who" requested_mask="r" denied_mask="r" fsuid=0 ouid=0
[11507.983204] workqueue: delayed_fput hogged CPU for >10000us 19 times, consider switching to WQ_UNBOUND
[11508.324957] docker0: port 1(veth6dd2545) entered disabled state
[11508.326501] vethd022c0c: renamed from eth0
[11508.361675] docker0: port 1(veth6dd2545) entered disabled state
[11508.361990] veth6dd2545 (unregistering): left allmulticast mode
[11508.361997] veth6dd2545 (unregistering): left promiscuous mode
[11508.362001] docker0: port 1(veth6dd2545) entered disabled state
[11509.081362] docker0: port 1(veth8cec74a) entered blocking state
[11509.081370] docker0: port 1(veth8cec74a) entered disabled state
[11509.081382] veth8cec74a: entered allmulticast mode
[11509.081458] veth8cec74a: entered promiscuous mode
[11509.087049] eth0: renamed from veth958d1ca
[11509.088317] docker0: port 1(veth8cec74a) entered blocking state
[11509.088322] docker0: port 1(veth8cec74a) entered forwarding state
[11558.623271] audit: type=1400 audit(1789857933.414:231): apparmor="DENIED" operation="open" class="file" profile="who" name="/usr/share/coreutils/locales/uucore/en-US.ftl" pid=73118 comm="who" requested_mask="r" denied_mask="r" fsuid=0 ouid=0
[11988.431156] audit: type=1400 audit(1789858363.215:232): apparmor="DENIED" operation="open" class="file" profile="who" name="/usr/share/coreutils/locales/uucore/en-US.ftl" pid=75686 comm="who" requested_mask="r" denied_mask="r" fsuid=0 ouid=0
[12180.233700] xe 0000:47:00.0: [drm] Tile0: GT0: 
               	ASID: 142
               	Faulted Address: 0x0000ffffe91ff000
               	FaultType: 0
               	AccessType: 0
               	FaultLevel: 1
               	EngineClass: 5 ccs
               	EngineInstance: 0
[12180.233712] xe 0000:47:00.0: [drm] Tile0: GT0: Fault response: Unsuccessful -ENOENT
[12180.233761] xe 0000:47:00.0: [drm] Tile0: GT0: Engine memory CAT error [18]: class=ccs, logical_mask: 0x1, guc_id=52
[12180.236167] xe 0000:43:00.0: [drm] Tile0: GT0: 
               	ASID: 139
               	Faulted Address: 0x0000f55593dff000
               	FaultType: 0
               	AccessType: 0
               	FaultLevel: 1
               	EngineClass: 5 ccs
               	EngineInstance: 0
[12180.236173] xe 0000:43:00.0: [drm] Tile0: GT0: Fault response: Unsuccessful -ENOENT
[12180.236177] xe 0000:47:00.0: [drm] Tile0: GT0: Engine reset: engine_class=ccs, logical_mask: 0x1, guc_id=52, state=0x249
[12180.236195] xe 0000:47:00.0: [drm] Tile0: GT0: Timedout job: seqno=591, lrc_seqno=591, guc_id=52, flags=0x20 in python3 [73186]
[12180.236219] xe 0000:43:00.0: [drm] Tile0: GT0: Engine memory CAT error [18]: class=ccs, logical_mask: 0x1, guc_id=42
[12180.238466] xe 0000:07:00.0: [drm] Tile0: GT0: 
               	ASID: 136
               	Faulted Address: 0x0000eaab3e9ff000
               	FaultType: 0
               	AccessType: 0
               	FaultLevel: 1
               	EngineClass: 5 ccs
               	EngineInstance: 0
[12180.238477] xe 0000:07:00.0: [drm] Tile0: GT0: Fault response: Unsuccessful -ENOENT
[12180.238525] xe 0000:07:00.0: [drm] Tile0: GT0: Engine memory CAT error [18]: class=ccs, logical_mask: 0x1, guc_id=32
[12180.238652] xe 0000:43:00.0: [drm] Tile0: GT0: Engine reset: engine_class=ccs, logical_mask: 0x1, guc_id=42, state=0x249
[12180.238670] xe 0000:43:00.0: [drm] Tile0: GT0: Timedout job: seqno=65, lrc_seqno=65, guc_id=42, flags=0x20 in python3 [73000]
[12180.240605] xe 0000:03:00.0: [drm] Tile0: GT0: 
               	ASID: 133
               	Faulted Address: 0x0000e000e95ff000
               	FaultType: 0
               	AccessType: 0
               	FaultLevel: 1
               	EngineClass: 5 ccs
               	EngineInstance: 0
[12180.240612] xe 0000:03:00.0: [drm] Tile0: GT0: Fault response: Unsuccessful -ENOENT
[12180.240671] xe 0000:03:00.0: [drm] Tile0: GT0: Engine memory CAT error [18]: class=ccs, logical_mask: 0x1, guc_id=22
[12180.241058] xe 0000:07:00.0: [drm] Tile0: GT0: Engine reset: engine_class=ccs, logical_mask: 0x1, guc_id=32, state=0x249
[12180.241076] xe 0000:07:00.0: [drm] Tile0: GT0: Timedout job: seqno=59, lrc_seqno=59, guc_id=32, flags=0x20 in python3 [72909]
[12180.243362] xe 0000:03:00.0: [drm] Tile0: GT0: Engine reset: engine_class=ccs, logical_mask: 0x1, guc_id=22, state=0x249
[12180.243380] xe 0000:03:00.0: [drm] Tile0: GT0: Timedout job: seqno=75, lrc_seqno=75, guc_id=22, flags=0x20 in python3 [72823]
[12180.285418] xe 0000:47:00.0: [drm] Xe device coredump has been created
[12180.285422] xe 0000:47:00.0: [drm] Check your /sys/class/drm/card2/device/devcoredump/data
[12180.287997] xe 0000:43:00.0: [drm] Xe device coredump has been created
[12180.288005] xe 0000:43:00.0: [drm] Check your /sys/class/drm/card1/device/devcoredump/data
[12180.291019] xe 0000:07:00.0: [drm] Xe device coredump has been created
[12180.291023] xe 0000:07:00.0: [drm] Check your /sys/class/drm/card4/device/devcoredump/data
[12180.293898] xe 0000:03:00.0: [drm] Xe device coredump has been created
[12180.293903] xe 0000:03:00.0: [drm] Check your /sys/class/drm/card3/device/devcoredump/data
[12190.670482] xe 0000:47:00.0: [drm] exec queue reset detected
[12190.739346] xe 0000:07:00.0: [drm] exec queue reset detected
[12191.165228] xe 0000:43:00.0: [drm] exec queue reset detected
[12191.172140] xe 0000:47:00.0: [drm] exec queue reset detected
[12191.666771] xe 0000:43:00.0: [drm] exec queue reset detected
[12198.747984] xe 0000:07:00.0: [drm] exec queue reset detected
[12201.180917] xe 0000:43:00.0: [drm] exec queue reset detected
[12201.190886] xe 0000:47:00.0: [drm] exec queue reset detected
[12201.250644] xe 0000:07:00.0: [drm] exec queue reset detected
[12245.223993] docker0: port 1(veth8cec74a) entered disabled state
[12245.224052] veth958d1ca: renamed from eth0
[12245.258903] docker0: port 1(veth8cec74a) entered disabled state
[12245.259257] veth8cec74a (unregistering): left allmulticast mode
[12245.259267] veth8cec74a (unregistering): left promiscuous mode
[12245.259271] docker0: port 1(veth8cec74a) entered disabled state
[12299.657198] audit: type=1400 audit(1789858674.436:233): apparmor="DENIED" operation="open" class="file" profile="who" name="/usr/share/coreutils/locales/uucore/en-US.ftl" pid=77459 comm="who" requested_mask="r" denied_mask="r" fsuid=0 ouid=0
[12318.859048] docker0: port 1(veth6af4c66) entered blocking state
[12318.859056] docker0: port 1(veth6af4c66) entered disabled state
[12318.859068] veth6af4c66: entered allmulticast mode
[12318.859145] veth6af4c66: entered promiscuous mode
[12318.865875] eth0: renamed from veth1441e17
[12318.867458] docker0: port 1(veth6af4c66) entered blocking state
[12318.867463] docker0: port 1(veth6af4c66) entered forwarding state
[12731.999296] audit: type=1400 audit(1789859106.772:234): apparmor="DENIED" operation="open" class="file" profile="who" name="/usr/share/coreutils/locales/uucore/en-US.ftl" pid=80220 comm="who" requested_mask="r" denied_mask="r" fsuid=0 ouid=0
[12976.687622] xe 0000:07:00.0: [drm] Tile0: GT0: 
               	ASID: 157
               	Faulted Address: 0x0000eaab3e9ff000
               	FaultType: 0
               	AccessType: 0
               	FaultLevel: 1
               	EngineClass: 5 ccs
               	EngineInstance: 0
[12976.687632] xe 0000:07:00.0: [drm] Tile0: GT0: Fault response: Unsuccessful -ENOENT
[12976.687685] xe 0000:07:00.0: [drm] Tile0: GT0: Engine memory CAT error [18]: class=ccs, logical_mask: 0x1, guc_id=32
[12976.689208] xe 0000:07:00.0: [drm] Tile0: GT0: Engine reset: engine_class=ccs, logical_mask: 0x1, guc_id=32, state=0x249
[12976.689235] xe 0000:07:00.0: [drm] Tile0: GT0: Timedout job: seqno=584, lrc_seqno=584, guc_id=32, flags=0x20 in python3 [78488]
[12976.690628] xe 0000:03:00.0: [drm] Tile0: GT0: 
               	ASID: 154
               	Faulted Address: 0x0000e000e95ff000
               	FaultType: 0
               	AccessType: 0
               	FaultLevel: 1
               	EngineClass: 5 ccs
               	EngineInstance: 0
[12976.690637] xe 0000:03:00.0: [drm] Tile0: GT0: Fault response: Unsuccessful -ENOENT
[12976.690685] xe 0000:03:00.0: [drm] Tile0: GT0: Engine memory CAT error [18]: class=ccs, logical_mask: 0x1, guc_id=22
[12976.692162] xe 0000:03:00.0: [drm] Tile0: GT0: Engine reset: engine_class=ccs, logical_mask: 0x1, guc_id=22, state=0x249
[12976.692179] xe 0000:03:00.0: [drm] Tile0: GT0: Timedout job: seqno=77, lrc_seqno=77, guc_id=22, flags=0x20 in python3 [78418]
[12976.692653] xe 0000:47:00.0: [drm] Tile0: GT0: 
               	ASID: 163
               	Faulted Address: 0x0000ffffe91ff000
               	FaultType: 0
               	AccessType: 0
               	FaultLevel: 1
               	EngineClass: 5 ccs
               	EngineInstance: 0
[12976.692660] xe 0000:47:00.0: [drm] Tile0: GT0: Fault response: Unsuccessful -ENOENT
[12976.692712] xe 0000:47:00.0: [drm] Tile0: GT0: Engine memory CAT error [18]: class=ccs, logical_mask: 0x1, guc_id=52
[12976.694207] xe 0000:47:00.0: [drm] Tile0: GT0: Engine reset: engine_class=ccs, logical_mask: 0x1, guc_id=52, state=0x249
[12976.694236] xe 0000:47:00.0: [drm] Tile0: GT0: Timedout job: seqno=67, lrc_seqno=67, guc_id=52, flags=0x20 in python3 [78688]
[12976.695036] xe 0000:43:00.0: [drm] Tile0: GT0: 
               	ASID: 160
               	Faulted Address: 0x0000f55593dff000
               	FaultType: 0
               	AccessType: 0
               	FaultLevel: 1
               	EngineClass: 5 ccs
               	EngineInstance: 0
[12976.695045] xe 0000:43:00.0: [drm] Tile0: GT0: Fault response: Unsuccessful -ENOENT
[12976.695095] xe 0000:43:00.0: [drm] Tile0: GT0: Engine memory CAT error [18]: class=ccs, logical_mask: 0x1, guc_id=42
[12976.696587] xe 0000:43:00.0: [drm] Tile0: GT0: Engine reset: engine_class=ccs, logical_mask: 0x1, guc_id=42, state=0x249
[12976.696608] xe 0000:43:00.0: [drm] Tile0: GT0: Timedout job: seqno=63, lrc_seqno=63, guc_id=42, flags=0x20 in python3 [78597]
[12986.923310] xe 0000:43:00.0: [drm] exec queue reset detected
[12987.233174] xe 0000:07:00.0: [drm] exec queue reset detected
[12987.306076] xe 0000:47:00.0: [drm] exec queue reset detected
[12987.424963] xe 0000:43:00.0: [drm] exec queue reset detected
[12992.243356] xe 0000:07:00.0: [drm] exec queue reset detected
[12995.825064] xe 0000:47:00.0: [drm] exec queue reset detected
[12997.435200] xe 0000:43:00.0: [drm] exec queue reset detected
[12997.749537] xe 0000:07:00.0: [drm] exec queue reset detected
[12997.832205] xe 0000:47:00.0: [drm] exec queue reset detected
[13040.768181] docker0: port 1(veth6af4c66) entered disabled state
[13040.768296] veth1441e17: renamed from eth0
[13040.799050] docker0: port 1(veth6af4c66) entered disabled state
[13040.799378] veth6af4c66 (unregistering): left allmulticast mode
[13040.799385] veth6af4c66 (unregistering): left promiscuous mode
[13040.799389] docker0: port 1(veth6af4c66) entered disabled state
[13046.755675] audit: type=1400 audit(1789859421.523:235): apparmor="DENIED" operation="open" class="file" profile="who" name="/usr/share/coreutils/locales/uucore/en-US.ftl" pid=81549 comm="who" requested_mask="r" denied_mask="r" fsuid=0 ouid=0
[13112.127149] audit: type=1400 audit(1789859486.894:236): apparmor="DENIED" operation="open" class="file" profile="who" name="/usr/share/coreutils/locales/uucore/en-US.ftl" pid=81868 comm="who" requested_mask="r" denied_mask="r" fsuid=0 ouid=0
[13162.731726] docker0: port 1(vethdf5b3b6) entered blocking state
[13162.731735] docker0: port 1(vethdf5b3b6) entered disabled state
[13162.731760] vethdf5b3b6: entered allmulticast mode
[13162.731870] vethdf5b3b6: entered promiscuous mode
[13162.737894] eth0: renamed from veth83df2da
[13162.739255] docker0: port 1(vethdf5b3b6) entered blocking state
[13162.739260] docker0: port 1(vethdf5b3b6) entered forwarding state
[13202.320304] audit: type=1400 audit(1789859577.086:237): apparmor="DENIED" operation="open" class="file" profile="who" name="/usr/share/coreutils/locales/uucore/en-US.ftl" pid=83180 comm="who" requested_mask="r" denied_mask="r" fsuid=0 ouid=0
[13221.010434] docker0: port 1(vethdf5b3b6) entered disabled state
[13221.010484] veth83df2da: renamed from eth0
[13221.048859] docker0: port 1(vethdf5b3b6) entered disabled state
[13221.049600] vethdf5b3b6 (unregistering): left allmulticast mode
[13221.049605] vethdf5b3b6 (unregistering): left promiscuous mode
[13221.049608] docker0: port 1(vethdf5b3b6) entered disabled state
[13239.914136] docker0: port 1(veth1dc106f) entered blocking state
[13239.914143] docker0: port 1(veth1dc106f) entered disabled state
[13239.914156] veth1dc106f: entered allmulticast mode
[13239.914216] veth1dc106f: entered promiscuous mode
[13239.919779] eth0: renamed from vethedab815
[13239.920255] docker0: port 1(veth1dc106f) entered blocking state
[13239.920260] docker0: port 1(veth1dc106f) entered forwarding state
[13291.520052] audit: type=1400 audit(1789859666.284:238): apparmor="DENIED" operation="open" class="file" profile="who" name="/usr/share/coreutils/locales/uucore/en-US.ftl" pid=84854 comm="who" requested_mask="r" denied_mask="r" fsuid=0 ouid=0
[13587.606893] audit: type=1400 audit(1789859962.366:239): apparmor="DENIED" operation="open" class="file" profile="who" name="/usr/share/coreutils/locales/uucore/en-US.ftl" pid=86758 comm="who" requested_mask="r" denied_mask="r" fsuid=0 ouid=0
[13651.821594] audit: type=1400 audit(1789860026.580:240): apparmor="DENIED" operation="open" class="file" profile="who" name="/usr/share/coreutils/locales/uucore/en-US.ftl" pid=87659 comm="who" requested_mask="r" denied_mask="r" fsuid=0 ouid=0
[13747.995205] audit: type=1400 audit(1789860122.752:241): apparmor="DENIED" operation="open" class="file" profile="who" name="/usr/share/coreutils/locales/uucore/en-US.ftl" pid=88548 comm="who" requested_mask="r" denied_mask="r" fsuid=0 ouid=0
[14179.863400] audit: type=1400 audit(1789860554.614:242): apparmor="DENIED" operation="open" class="file" profile="who" name="/usr/share/coreutils/locales/uucore/en-US.ftl" pid=91089 comm="who" requested_mask="r" denied_mask="r" fsuid=0 ouid=0
[14640.447864] audit: type=1400 audit(1789861015.191:243): apparmor="DENIED" operation="open" class="file" profile="who" name="/usr/share/coreutils/locales/uucore/en-US.ftl" pid=93064 comm="who" requested_mask="r" denied_mask="r" fsuid=0 ouid=0
[14719.967282] audit: type=1400 audit(1789861094.710:244): apparmor="DENIED" operation="open" class="file" profile="who" name="/usr/share/coreutils/locales/uucore/en-US.ftl" pid=93361 comm="who" requested_mask="r" denied_mask="r" fsuid=0 ouid=0
[14847.410369] audit: type=1400 audit(1789861222.151:245): apparmor="DENIED" operation="open" class="file" profile="who" name="/usr/share/coreutils/locales/uucore/en-US.ftl" pid=93938 comm="who" requested_mask="r" denied_mask="r" fsuid=0 ouid=0
[14947.510095] audit: type=1400 audit(1789861322.248:246): apparmor="DENIED" operation="open" class="file" profile="who" name="/usr/share/coreutils/locales/uucore/en-US.ftl" pid=94400 comm="who" requested_mask="r" denied_mask="r" fsuid=0 ouid=0
[15397.362596] audit: type=1400 audit(1789861772.094:247): apparmor="DENIED" operation="open" class="file" profile="who" name="/usr/share/coreutils/locales/uucore/en-US.ftl" pid=96045 comm="who" requested_mask="r" denied_mask="r" fsuid=0 ouid=0
[15730.775531] audit: type=1400 audit(1789862105.501:248): apparmor="DENIED" operation="open" class="file" profile="who" name="/usr/share/coreutils/locales/uucore/en-US.ftl" pid=97448 comm="who" requested_mask="r" denied_mask="r" fsuid=0 ouid=0
[16029.890702] xe 0000:43:00.0: [drm] Xe device coredump has been deleted.
[16029.890711] xe 0000:47:00.0: [drm] Xe device coredump has been deleted.
[16029.890744] xe 0000:07:00.0: [drm] Xe device coredump has been deleted.
[16029.891656] xe 0000:03:00.0: [drm] Xe device coredump has been deleted.
[16355.182284] audit: type=1400 audit(1789862729.898:249): apparmor="DENIED" operation="open" class="file" profile="who" name="/usr/share/coreutils/locales/uucore/en-US.ftl" pid=99750 comm="who" requested_mask="r" denied_mask="r" fsuid=0 ouid=0
[16462.462268] audit: type=1400 audit(1789862837.177:250): apparmor="DENIED" operation="open" class="file" profile="who" name="/usr/share/coreutils/locales/uucore/en-US.ftl" pid=100289 comm="who" requested_mask="r" denied_mask="r" fsuid=0 ouid=0
[16588.925032] audit: type=1400 audit(1789862963.637:251): apparmor="DENIED" operation="open" class="file" profile="who" name="/usr/share/coreutils/locales/uucore/en-US.ftl" pid=100813 comm="who" requested_mask="r" denied_mask="r" fsuid=0 ouid=0
[16809.489211] audit: type=1400 audit(1789863184.198:252): apparmor="DENIED" operation="open" class="file" profile="who" name="/usr/share/coreutils/locales/uucore/en-US.ftl" pid=101577 comm="who" requested_mask="r" denied_mask="r" fsuid=0 ouid=0
[16935.637570] audit: type=1400 audit(1789863310.344:253): apparmor="DENIED" operation="open" class="file" profile="who" name="/usr/share/coreutils/locales/uucore/en-US.ftl" pid=102214 comm="who" requested_mask="r" denied_mask="r" fsuid=0 ouid=0
[17106.689788] audit: type=1400 audit(1789863481.393:254): apparmor="DENIED" operation="open" class="file" profile="who" name="/usr/share/coreutils/locales/uucore/en-US.ftl" pid=102955 comm="who" requested_mask="r" denied_mask="r" fsuid=0 ouid=0
[17240.277115] audit: type=1400 audit(1789863614.979:255): apparmor="DENIED" operation="open" class="file" profile="who" name="/usr/share/coreutils/locales/uucore/en-US.ftl" pid=103686 comm="who" requested_mask="r" denied_mask="r" fsuid=0 ouid=0
[17240.553846] overlayfs: lowerdir is in-use as upperdir/workdir of another mount, accessing files from both mounts will result in undefined behavior.
[17416.671967] audit: type=1400 audit(1789863791.371:256): apparmor="DENIED" operation="open" class="file" profile="who" name="/usr/share/coreutils/locales/uucore/en-US.ftl" pid=104347 comm="who" requested_mask="r" denied_mask="r" fsuid=0 ouid=0
[17482.087407] audit: type=1400 audit(1789863856.785:257): apparmor="DENIED" operation="open" class="file" profile="who" name="/usr/share/coreutils/locales/uucore/en-US.ftl" pid=104658 comm="who" requested_mask="r" denied_mask="r" fsuid=0 ouid=0
[17606.686550] audit: type=1400 audit(1789863981.382:258): apparmor="DENIED" operation="open" class="file" profile="who" name="/usr/share/coreutils/locales/uucore/en-US.ftl" pid=105592 comm="who" requested_mask="r" denied_mask="r" fsuid=0 ouid=0
[17806.077914] audit: type=1400 audit(1789864180.769:259): apparmor="DENIED" operation="open" class="file" profile="who" name="/usr/share/coreutils/locales/uucore/en-US.ftl" pid=106475 comm="who" requested_mask="r" denied_mask="r" fsuid=0 ouid=0
--- sudo dmesg
[    0.000000] Linux version 7.0.0-31-generic (buildd@lcy02-amd64-091) (x86_64-linux-gnu-gcc (Ubuntu 15.2.0-16ubuntu1) 15.2.0, GNU ld (GNU Binutils for Ubuntu) 2.46) #31-Ubuntu SMP PREEMPT_DYNAMIC Sat Aug  1 04:26:38 UTC 2026 (Ubuntu 7.0.0-31.31-generic 7.0.14)
[    0.000000] Command line: BOOT_IMAGE=/vmlinuz-7.0.0-31-generic root=/dev/mapper/ssd--vg-root ro crashkernel=2G-4G:320M,4G-32G:512M,32G-64G:1024M,64G-128G:2048M,128G-:4096M
[    0.000000] KERNEL supported cpus:
[    0.000000]   Intel GenuineIntel
[    0.000000]   AMD AuthenticAMD
[    0.000000]   Hygon HygonGenuine
[    0.000000]   Centaur CentaurHauls
[    0.000000]   zhaoxin   Shanghai  
[    0.000000] BIOS-provided physical RAM map:
[    0.000000] BIOS-e820: [mem 0x0000000000000000-0x000000000009ffff]  System RAM
[    0.000000] BIOS-e820: [mem 0x00000000000a0000-0x00000000000fffff]  device reserved
[    0.000000] BIOS-e820: [mem 0x0000000000100000-0x0000000003ffffff]  System RAM
[    0.000000] BIOS-e820: [mem 0x0000000004000000-0x0000000004016fff]  ACPI NVS
[    0.000000] BIOS-e820: [mem 0x0000000004017000-0x0000000009ceefff]  System RAM
[    0.000000] BIOS-e820: [mem 0x0000000009cef000-0x0000000009ffffff]  device reserved
[    0.000000] BIOS-e820: [mem 0x000000000a000000-0x00000000b5c30fff]  System RAM
[    0.000000] BIOS-e820: [mem 0x00000000b5c31000-0x00000000b9c06fff]  device reserved
[    0.000000] BIOS-e820: [mem 0x00000000b9c07000-0x00000000b9d0afff]  ACPI data
[    0.000000] BIOS-e820: [mem 0x00000000b9d0b000-0x00000000ba136fff]  ACPI NVS
[    0.000000] BIOS-e820: [mem 0x00000000ba137000-0x00000000bb1fefff]  device reserved
[    0.000000] BIOS-e820: [mem 0x00000000bb1ff000-0x00000000bbffffff]  System RAM
[    0.000000] BIOS-e820: [mem 0x00000000bc000000-0x00000000bfffffff]  device reserved
[    0.000000] BIOS-e820: [gap 0x00000000c0000000-0x00000000c417ffff]
[    0.000000] BIOS-e820: [mem 0x00000000c4180000-0x00000000c4180fff]  device reserved
[    0.000000] BIOS-e820: [gap 0x00000000c4181000-0x00000000c517ffff]
[    0.000000] BIOS-e820: [mem 0x00000000c5180000-0x00000000c5180fff]  device reserved
[    0.000000] BIOS-e820: [gap 0x00000000c5181000-0x00000000ce1fffff]
[    0.000000] BIOS-e820: [mem 0x00000000ce200000-0x00000000ce200fff]  device reserved
[    0.000000] BIOS-e820: [gap 0x00000000ce201000-0x00000000ce2fffff]
[    0.000000] BIOS-e820: [mem 0x00000000ce300000-0x00000000ce3fffff]  device reserved
[    0.000000] BIOS-e820: [gap 0x00000000ce400000-0x00000000dfffffff]
[    0.000000] BIOS-e820: [mem 0x00000000e0000000-0x00000000efffffff]  device reserved
[    0.000000] BIOS-e820: [gap 0x00000000f0000000-0x00000000f40fffff]
[    0.000000] BIOS-e820: [mem 0x00000000f4100000-0x00000000f41fffff]  device reserved
[    0.000000] BIOS-e820: [gap 0x00000000f4200000-0x00000000f427ffff]
[    0.000000] BIOS-e820: [mem 0x00000000f4280000-0x00000000f4280fff]  device reserved
[    0.000000] BIOS-e820: [gap 0x00000000f4281000-0x00000000fe9fffff]
[    0.000000] BIOS-e820: [mem 0x00000000fea00000-0x00000000feafffff]  device reserved
[    0.000000] BIOS-e820: [gap 0x00000000feb00000-0x00000000febfffff]
[    0.000000] BIOS-e820: [mem 0x00000000fec00000-0x00000000fec00fff]  device reserved
[    0.000000] BIOS-e820: [gap 0x00000000fec01000-0x00000000fec0ffff]
[    0.000000] BIOS-e820: [mem 0x00000000fec10000-0x00000000fec10fff]  device reserved
[    0.000000] BIOS-e820: [gap 0x00000000fec11000-0x00000000fecfffff]
[    0.000000] BIOS-e820: [mem 0x00000000fed00000-0x00000000fed00fff]  device reserved
[    0.000000] BIOS-e820: [gap 0x00000000fed01000-0x00000000fed3ffff]
[    0.000000] BIOS-e820: [mem 0x00000000fed40000-0x00000000fed44fff]  device reserved
[    0.000000] BIOS-e820: [gap 0x00000000fed45000-0x00000000fed7ffff]
[    0.000000] BIOS-e820: [mem 0x00000000fed80000-0x00000000fed8ffff]  device reserved
[    0.000000] BIOS-e820: [gap 0x00000000fed90000-0x00000000fedc1fff]
[    0.000000] BIOS-e820: [mem 0x00000000fedc2000-0x00000000fedcffff]  device reserved
[    0.000000] BIOS-e820: [gap 0x00000000fedd0000-0x00000000fedd3fff]
[    0.000000] BIOS-e820: [mem 0x00000000fedd4000-0x00000000fedd5fff]  device reserved
[    0.000000] BIOS-e820: [gap 0x00000000fedd6000-0x00000000feffffff]
[    0.000000] BIOS-e820: [mem 0x00000000ff000000-0x00000000ffffffff]  device reserved
[    0.000000] BIOS-e820: [mem 0x0000000100000000-0x000000203f2fffff]  System RAM
[    0.000000] BIOS-e820: [mem 0x000000203f300000-0x000000203fffffff]  device reserved
[    0.000000] NX (Execute Disable) protection: active
[    0.000000] APIC: Static calls initialized
[    0.000000] efi: EFI v2.8 by American Megatrends
[    0.000000] efi: ACPI=0xba118000 ACPI 2.0=0xba118014 SMBIOS=0xbaf12000 SMBIOS 3.0=0xbaf11000 MEMATTR=0xb0a8b018 ESRT=0xb0848818 MOKvar=0xbaf45000 INITRD=0xb0a91a18 RNG=0xb9cb2018 
[    0.000000] random: crng init done
[    0.000000] efi: Not removing mem122: MMIO range=[0xc4180000-0xc4180fff] (4KB) from e820 map
[    0.000000] efi: Not removing mem123: MMIO range=[0xc5180000-0xc5180fff] (4KB) from e820 map
[    0.000000] efi: Not removing mem124: MMIO range=[0xce200000-0xce200fff] (4KB) from e820 map
[    0.000000] efi: Remove mem125: MMIO range=[0xce300000-0xce3fffff] (1MB) from e820 map
[    0.000000] e820: remove [mem 0xce300000-0xce3fffff] device reserved
[    0.000000] efi: Remove mem126: MMIO range=[0xe0000000-0xefffffff] (256MB) from e820 map
[    0.000000] e820: remove [mem 0xe0000000-0xefffffff] device reserved
[    0.000000] efi: Remove mem127: MMIO range=[0xf4100000-0xf41fffff] (1MB) from e820 map
[    0.000000] e820: remove [mem 0xf4100000-0xf41fffff] device reserved
[    0.000000] efi: Not removing mem128: MMIO range=[0xf4280000-0xf4280fff] (4KB) from e820 map
[    0.000000] efi: Remove mem129: MMIO range=[0xfea00000-0xfeafffff] (1MB) from e820 map
[    0.000000] e820: remove [mem 0xfea00000-0xfeafffff] device reserved
[    0.000000] efi: Not removing mem130: MMIO range=[0xfec00000-0xfec00fff] (4KB) from e820 map
[    0.000000] efi: Not removing mem131: MMIO range=[0xfec10000-0xfec10fff] (4KB) from e820 map
[    0.000000] efi: Not removing mem132: MMIO range=[0xfed00000-0xfed00fff] (4KB) from e820 map
[    0.000000] efi: Not removing mem133: MMIO range=[0xfed40000-0xfed44fff] (20KB) from e820 map
[    0.000000] efi: Not removing mem134: MMIO range=[0xfed80000-0xfed8ffff] (64KB) from e820 map
[    0.000000] efi: Not removing mem135: MMIO range=[0xfedc2000-0xfedcffff] (56KB) from e820 map
[    0.000000] efi: Not removing mem136: MMIO range=[0xfedd4000-0xfedd5fff] (8KB) from e820 map
[    0.000000] efi: Remove mem137: MMIO range=[0xff000000-0xffffffff] (16MB) from e820 map
[    0.000000] e820: remove [mem 0xff000000-0xffffffff] device reserved
[    0.000000] SMBIOS 3.3.0 present.
[    0.000000] DMI: To Be Filled By O.E.M. WRX80D8-2T/WRX80D8-2T, BIOS 10.27 05/05/2022
[    0.000000] DMI: Memory slots populated: 8/8
[    0.000000] secureboot: Secure boot disabled
[    0.000000] tsc: Fast TSC calibration using PIT
[    0.000000] tsc: Detected 3899.670 MHz processor
[    0.000013] e820: update [mem 0x00000000-0x00000fff] System RAM ==> device reserved
[    0.000015] e820: remove [mem 0x000a0000-0x000fffff] System RAM
[    0.000023] last_pfn = 0x203f300 max_arch_pfn = 0x400000000
[    0.000030] total RAM covered: 3071M
[    0.000179] Found optimal setting for mtrr clean up
[    0.000180]  gran_size: 64K 	chunk_size: 128M 	num_reg: 3  	lose cover RAM: 0G
[    0.000183] MTRR map: 7 entries (3 fixed + 4 variable; max 20), built from 9 variable MTRRs
[    0.000185] x86/PAT: Configuration [0-7]: WB  WC  UC- UC  WB  WP  UC- WT  
[    0.000602] e820: update [mem 0xb9ed0000-0xb9edffff] System RAM ==> device reserved
[    0.000608] e820: update [mem 0xc0000000-0xffffffff] System RAM ==> device reserved
[    0.000612] last_pfn = 0xbc000 max_arch_pfn = 0x400000000
[    0.004205] esrt: Reserving ESRT space from 0x00000000b0848818 to 0x00000000b0848850.
[    0.004213] e820: update [mem 0xb0848000-0xb0848fff] System RAM ==> device reserved
[    0.004234] Using GB pages for direct mapping
[    0.004681] secureboot: Secure boot disabled
[    0.004682] RAMDISK: [mem 0xa7f2e000-0xabb0dfff]
[    0.004687] ACPI: Early table checksum verification disabled
[    0.004690] ACPI: RSDP 0x00000000BA118014 000024 (v02 AMD   )
[    0.004693] ACPI: XSDT 0x00000000BA117728 0000FC (v01 AMD    A M I    03242016 AMI  01000013)
[    0.004698] ACPI: FACP 0x00000000B9D03000 000114 (v06 AMD    A M I    03242016 AMI  00010013)
[    0.004702] ACPI: DSDT 0x00000000B9CF6000 00C7E7 (v02 AMD    A M I    03242016 INTL 20190509)
[    0.004704] ACPI: FACS 0x00000000BA112000 000040
[    0.004706] ACPI: SSDT 0x00000000B9D0A000 00092A (v02 AMD    AmdTable 00000002 MSFT 04000000)
[    0.004709] ACPI: SPMI 0x00000000B9D09000 000041 (v05 AMD    A M I    00000000 AMI. 00000000)
[    0.004711] ACPI: SPMI 0x00000000B9D08000 000041 (v05 AMD    A M I    00000000 AMI. 00000000)
[    0.004713] ACPI: SSDT 0x00000000B9D04000 003C2F (v01 AMD    AMD AOD  00000001 INTL 20190509)
[    0.004715] ACPI: FIDT 0x00000000B9CF5000 00009C (v01 AMD    A M I    03242016 AMI  00010013)
[    0.004717] ACPI: MCFG 0x00000000B9CF4000 00003C (v01 AMD    A M I    03242016 MSFT 00010013)
[    0.004719] ACPI: SSDT 0x00000000B9CF3000 000110 (v01 AMD    CPMRAS   00000001 INTL 20190509)
[    0.004722] ACPI: BERT 0x00000000B9CF2000 000030 (v01 AMD    AMD BERT 00000001 AMD  00000001)
[    0.004724] ACPI: EINJ 0x00000000B9CF0000 000150 (v01 AMD    AMD EINJ 00000001 AMD  00000001)
[    0.004726] ACPI: SSDT 0x00000000B9CEF000 0001CC (v02 AMD    CPUSSDT  03242016 AMI  03242016)
[    0.004728] ACPI: AAFT 0x00000000B9CEE000 000113 (v01 AMD    OEMAAFT  03242016 MSFT 00000097)
[    0.004730] ACPI: SSDT 0x00000000B9CED000 000024 (v01 AMD    BIXBY    00001000 INTL 20190509)
[    0.004732] ACPI: IVRS 0x00000000B9CEC000 0001F0 (v02 AMD    AmdTable 00000001 AMD  00000001)
[    0.004734] ACPI: BGRT 0x00000000B9CEB000 000038 (v01 AMD    A M I    03242016 AMI  00010013)
[    0.004737] ACPI: PCCT 0x00000000B9CEA000 00006E (v02 AMD    AmdTable 00000001 AMD  00000001)
[    0.004739] ACPI: SSDT 0x00000000B9CE1000 008033 (v02 AMD    AmdTable 00000001 AMD  00000001)
[    0.004741] ACPI: CRAT 0x00000000B9CDF000 001DD0 (v01 AMD    AmdTable 00000001 AMD  00000001)
[    0.004743] ACPI: CDIT 0x00000000B9CDE000 000029 (v01 AMD    AmdTable 00000001 AMD  00000001)
[    0.004745] ACPI: SSDT 0x00000000B9CD6000 007928 (v01 AMD    CLOUDRIP 00000001 INTL 20190509)
[    0.004747] ACPI: WSMT 0x00000000B9CD5000 000028 (v01 AMD    A M I    03242016 AMI  00010013)
[    0.004749] ACPI: APIC 0x00000000B9CD4000 000482 (v03 AMD    A M I    03242016 AMI  00010013)
[    0.004752] ACPI: HEST 0x00000000B9CB7000 01CA74 (v01 AMD    AMD HEST 00000001 AMD  00000001)
[    0.004754] ACPI: SSDT 0x00000000B9CF1000 00053D (v01 AMD    CLOUDRIP 00000001 INTL 20190509)
[    0.004756] ACPI: SSDT 0x00000000B9CB5000 0014CF (v01 AMD    CLOUDRIP 00000001 INTL 20190509)
[    0.004758] ACPI: ERST 0x00000000B9CB4000 000230 (v01 AMIER  AMI.ERST 00000000 AMI. 00000000)
[    0.004760] ACPI: FPDT 0x00000000B9CB3000 000044 (v01 AMD    A M I    01072009 AMI  01000013)
[    0.004762] ACPI: Reserving FACP table memory at [mem 0xb9d03000-0xb9d03113]
[    0.004763] ACPI: Reserving DSDT table memory at [mem 0xb9cf6000-0xb9d027e6]
[    0.004764] ACPI: Reserving FACS table memory at [mem 0xba112000-0xba11203f]
[    0.004764] ACPI: Reserving SSDT table memory at [mem 0xb9d0a000-0xb9d0a929]
[    0.004765] ACPI: Reserving SPMI table memory at [mem 0xb9d09000-0xb9d09040]
[    0.004765] ACPI: Reserving SPMI table memory at [mem 0xb9d08000-0xb9d08040]
[    0.004766] ACPI: Reserving SSDT table memory at [mem 0xb9d04000-0xb9d07c2e]
[    0.004767] ACPI: Reserving FIDT table memory at [mem 0xb9cf5000-0xb9cf509b]
[    0.004767] ACPI: Reserving MCFG table memory at [mem 0xb9cf4000-0xb9cf403b]
[    0.004768] ACPI: Reserving SSDT table memory at [mem 0xb9cf3000-0xb9cf310f]
[    0.004769] ACPI: Reserving BERT table memory at [mem 0xb9cf2000-0xb9cf202f]
[    0.004769] ACPI: Reserving EINJ table memory at [mem 0xb9cf0000-0xb9cf014f]
[    0.004770] ACPI: Reserving SSDT table memory at [mem 0xb9cef000-0xb9cef1cb]
[    0.004771] ACPI: Reserving AAFT table memory at [mem 0xb9cee000-0xb9cee112]
[    0.004772] ACPI: Reserving SSDT table memory at [mem 0xb9ced000-0xb9ced023]
[    0.004772] ACPI: Reserving IVRS table memory at [mem 0xb9cec000-0xb9cec1ef]
[    0.004773] ACPI: Reserving BGRT table memory at [mem 0xb9ceb000-0xb9ceb037]
[    0.004774] ACPI: Reserving PCCT table memory at [mem 0xb9cea000-0xb9cea06d]
[    0.004774] ACPI: Reserving SSDT table memory at [mem 0xb9ce1000-0xb9ce9032]
[    0.004775] ACPI: Reserving CRAT table memory at [mem 0xb9cdf000-0xb9ce0dcf]
[    0.004776] ACPI: Reserving CDIT table memory at [mem 0xb9cde000-0xb9cde028]
[    0.004777] ACPI: Reserving SSDT table memory at [mem 0xb9cd6000-0xb9cdd927]
[    0.004777] ACPI: Reserving WSMT table memory at [mem 0xb9cd5000-0xb9cd5027]
[    0.004778] ACPI: Reserving APIC table memory at [mem 0xb9cd4000-0xb9cd4481]
[    0.004779] ACPI: Reserving HEST table memory at [mem 0xb9cb7000-0xb9cd3a73]
[    0.004779] ACPI: Reserving SSDT table memory at [mem 0xb9cf1000-0xb9cf153c]
[    0.004780] ACPI: Reserving SSDT table memory at [mem 0xb9cb5000-0xb9cb64ce]
[    0.004781] ACPI: Reserving ERST table memory at [mem 0xb9cb4000-0xb9cb422f]
[    0.004782] ACPI: Reserving FPDT table memory at [mem 0xb9cb3000-0xb9cb3043]
[    0.004901] No NUMA configuration found
[    0.004901] Faking a node at [mem 0x0000000000000000-0x000000203f2fffff]
[    0.004912] NODE_DATA(0) allocated [mem 0x203f2d5280-0x203f2fffff]
[    0.005071] crashkernel reserved: 0x0000000027000000 - 0x00000000a7000000 (2048 MB)
[    0.005519] ACPI: PM-Timer IO Port: 0x808
[    0.005530] ACPI: LAPIC_NMI (acpi_id[0xff] high edge lint[0x1])
[    0.005543] IOAPIC[0]: apic_id 128, version 33, address 0xfec00000, GSI 0-23
[    0.005548] IOAPIC[1]: apic_id 129, version 33, address 0xce200000, GSI 24-55
[    0.005554] IOAPIC[2]: apic_id 130, version 33, address 0xc5180000, GSI 56-87
[    0.005559] IOAPIC[3]: apic_id 131, version 33, address 0xc4180000, GSI 88-119
[    0.005564] IOAPIC[4]: apic_id 132, version 33, address 0xf4280000, GSI 120-151
[    0.005565] ACPI: INT_SRC_OVR (bus 0 bus_irq 0 global_irq 2 dfl dfl)
[    0.005567] ACPI: INT_SRC_OVR (bus 0 bus_irq 9 global_irq 9 low level)
[    0.005570] ACPI: Using ACPI (MADT) for SMP configuration information
[    0.005577] e820: update [mem 0xb1423000-0xb1582fff] System RAM ==> device reserved
[    0.005588] CPU topo: Max. logical packages:   1
[    0.005588] CPU topo: Max. logical nodes:      1
[    0.005589] CPU topo: Num. nodes per package:  1
[    0.005591] CPU topo: Max. logical dies:       1
[    0.005591] CPU topo: Max. dies per package:   1
[    0.005595] CPU topo: Max. threads per core:   2
[    0.005595] CPU topo: Num. cores per package:    16
[    0.005596] CPU topo: Num. threads per package:  32
[    0.005596] CPU topo: Allowing 32 present CPUs plus 0 hotplug CPUs
[    0.005623] PM: hibernation: Registered nosave memory: [mem 0x00000000-0x00000fff]
[    0.005625] PM: hibernation: Registered nosave memory: [mem 0x000a0000-0x000fffff]
[    0.005627] PM: hibernation: Registered nosave memory: [mem 0x04000000-0x04016fff]
[    0.005628] PM: hibernation: Registered nosave memory: [mem 0x09cef000-0x09ffffff]
[    0.005630] PM: hibernation: Registered nosave memory: [mem 0xb0848000-0xb0848fff]
[    0.005632] PM: hibernation: Registered nosave memory: [mem 0xb1423000-0xb1582fff]
[    0.005633] PM: hibernation: Registered nosave memory: [mem 0xb5c31000-0xbb1fefff]
[    0.005638] PM: hibernation: Registered nosave memory: [mem 0xbc000000-0xffffffff]
[    0.005639] [gap 0xce201000-0xf427ffff] available for PCI devices
[    0.005640] Booting paravirtualized kernel on bare hardware
[    0.005642] clocksource: refined-jiffies: mask: 0xffffffff max_cycles: 0xffffffff, max_idle_ns: 1910969940391419 ns
[    0.005791] Zone ranges:
[    0.005791]   DMA      [mem 0x0000000000001000-0x0000000000ffffff]
[    0.005793]   DMA32    [mem 0x0000000001000000-0x00000000ffffffff]
[    0.005794]   Normal   [mem 0x0000000100000000-0x000000203f2fffff]
[    0.005795]   Device   empty
[    0.005796] Movable zone start for each node
[    0.005798] Early memory node ranges
[    0.005798]   node   0: [mem 0x0000000000001000-0x000000000009ffff]
[    0.005799]   node   0: [mem 0x0000000000100000-0x0000000003ffffff]
[    0.005800]   node   0: [mem 0x0000000004017000-0x0000000009ceefff]
[    0.005800]   node   0: [mem 0x000000000a000000-0x00000000b5c30fff]
[    0.005801]   node   0: [mem 0x00000000bb1ff000-0x00000000bbffffff]
[    0.005802]   node   0: [mem 0x0000000100000000-0x000000203f2fffff]
[    0.005812] Initmem setup node 0 [mem 0x0000000000001000-0x000000203f2fffff]
[    0.005818] On node 0, zone DMA: 1 pages in unavailable ranges
[    0.005835] On node 0, zone DMA: 96 pages in unavailable ranges
[    0.005976] On node 0, zone DMA32: 23 pages in unavailable ranges
[    0.008749] On node 0, zone DMA32: 785 pages in unavailable ranges
[    0.008854] On node 0, zone DMA32: 21966 pages in unavailable ranges
[    0.141418] On node 0, zone Normal: 16384 pages in unavailable ranges
[    0.141436] On node 0, zone Normal: 3328 pages in unavailable ranges
[    0.141452] setup_percpu: NR_CPUS:8192 nr_cpumask_bits:32 nr_cpu_ids:32 nr_node_ids:1
[    0.142890] percpu: Embedded 85 pages/cpu s225280 r8192 d114688 u524288
[    0.142901] pcpu-alloc: s225280 r8192 d114688 u524288 alloc=1*2097152
[    0.142904] pcpu-alloc: [0] 00 01 02 03 [0] 04 05 06 07 
[    0.142909] pcpu-alloc: [0] 08 09 10 11 [0] 12 13 14 15 
[    0.142912] pcpu-alloc: [0] 16 17 18 19 [0] 20 21 22 23 
[    0.142916] pcpu-alloc: [0] 24 25 26 27 [0] 28 29 30 31 
[    0.142938] Kernel command line: BOOT_IMAGE=/vmlinuz-7.0.0-31-generic root=/dev/mapper/ssd--vg-root ro crashkernel=2G-4G:320M,4G-32G:512M,32G-64G:1024M,64G-128G:2048M,128G-:4096M
[    0.142995] printk: log buffer data + meta data: 262144 + 1114112 = 1376256 bytes
[    0.147100] Dentry cache hash table entries: 8388608 (order: 14, 67108864 bytes, linear)
[    0.149121] Inode-cache hash table entries: 4194304 (order: 13, 33554432 bytes, linear)
[    0.149365] software IO TLB: area num 32.
[    0.157446] Fallback order for Node 0: 0 
[    0.157456] Built 1 zonelists, mobility grouping on.  Total pages: 33511849
[    0.157457] Policy zone: Normal
[    0.157466] mem auto-init: stack:all(zero), heap alloc:on, heap free:off
[    0.157473] KHO: Failed to reserve lowmem scratch buffer
[    0.157474] KHO: Failed to reserve scratch area, disabling kexec handover
[    0.379921] SLUB: HWalign=64, Order=0-3, MinObjects=0, CPUs=32, Nodes=1
[    0.389005] ftrace: allocating 63956 entries in 252 pages
[    0.389006] ftrace: allocated 252 pages with 6 groups
[    0.389543] Dynamic Preempt: lazy
[    0.389670] rcu: Preemptible hierarchical RCU implementation.
[    0.389671] rcu: 	RCU restricting CPUs from NR_CPUS=8192 to nr_cpu_ids=32.
[    0.389672] 	Trampoline variant of Tasks RCU enabled.
[    0.389672] 	Rude variant of Tasks RCU enabled.
[    0.389673] 	Tracing variant of Tasks RCU enabled.
[    0.389673] rcu: RCU calculated value of scheduler-enlistment delay is 100 jiffies.
[    0.389674] rcu: Adjusting geometry for rcu_fanout_leaf=16, nr_cpu_ids=32
[    0.389693] RCU Tasks: Setting shift to 5 and lim to 1 rcu_task_cb_adjust=1 rcu_task_cpu_ids=32.
[    0.389698] RCU Tasks Rude: Setting shift to 5 and lim to 1 rcu_task_cb_adjust=1 rcu_task_cpu_ids=32.
[    0.393829] NR_IRQS: 524544, nr_irqs: 2856, preallocated irqs: 16
[    0.394045] rcu: srcu_init: Setting srcu_struct sizes based on contention.
[    0.394073] clocksource: jiffies: mask: 0xffffffff max_cycles: 0xffffffff, max_idle_ns: 1911260446275000 ns
[    0.394159] Console: colour dummy device 80x25
[    0.394161] printk: legacy console [tty0] enabled
[    0.394526] ACPI: Core revision 20251212
[    0.394706] APIC: Switch to symmetric I/O mode setup
[    0.395074] AMD-Vi: Using global IVHD EFR:0x0, EFR2:0x0
[    1.669465] x2apic: IRQ remapping doesn't support X2APIC mode
[    1.670822] ..TIMER: vector=0x30 apic1=0 pin1=2 apic2=-1 pin2=-1
[    1.675619] clocksource: tsc-early: mask: 0xffffffffffffffff max_cycles: 0x706c474968a, max_idle_ns: 881591043123 ns
[    1.675625] Calibrating delay loop (skipped), value calculated using timer frequency.. 7799.34 BogoMIPS (lpj=3899670)
[    1.675643] x86/cpu: User Mode Instruction Prevention (UMIP) activated
[    1.675673] LVT offset 1 assigned for vector 0xf9
[    1.675675] LVT offset 2 assigned for vector 0xf4
[    1.675730] Last level iTLB entries: 4KB 1024, 2MB 1024, 4MB 512
[    1.675732] Last level dTLB entries: 4KB 2048, 2MB 2048, 4MB 1024, 1GB 0
[    1.675737] process: using mwait in idle threads
[    1.675740] mitigations: Enabled attack vectors: user_kernel, user_user, guest_host, guest_guest, SMT mitigations: auto
[    1.675745] Speculative Store Bypass: Mitigation: Speculative Store Bypass disabled via prctl
[    1.675748] Spectre V2 : Mitigation: Retpolines
[    1.675750] RETBleed: Mitigation: untrained return thunk
[    1.675752] Spectre V2 : Selecting STIBP always-on mode to complement retbleed mitigation
[    1.675754] Spectre V2 : User space: Mitigation: STIBP always-on protection
[    1.675756] Speculative Return Stack Overflow: Mitigation: Safe RET
[    1.675758] VMSCAPE: Mitigation: IBPB before exit to userspace
[    1.675760] Spectre V1 : Mitigation: usercopy/swapgs barriers and __user pointer sanitization
[    1.675763] Spectre V2 : Spectre v2 / SpectreRSB: Filling RSB on context switch and VMEXIT
[    1.675765] Spectre V2 : Enabling Speculation Barrier for firmware calls
[    1.675767] active return thunk: retbleed_return_thunk
[    1.675772] Spectre V2 : mitigation: Enabling conditional Indirect Branch Prediction Barrier
[    1.675774] active return thunk: srso_return_thunk
[    1.675780] x86/fpu: Supporting XSAVE feature 0x001: 'x87 floating point registers'
[    1.675782] x86/fpu: Supporting XSAVE feature 0x002: 'SSE registers'
[    1.675784] x86/fpu: Supporting XSAVE feature 0x004: 'AVX registers'
[    1.675787] x86/fpu: xstate_offset[2]:  576, xstate_sizes[2]:  256
[    1.675789] x86/fpu: Enabled xstate features 0x7, context size is 832 bytes, using 'compacted' format.
[    1.706870] Freeing SMP alternatives memory: 56K
[    1.706879] pid_max: default: 32768 minimum: 301
[    1.707086] landlock: Up and running.
[    1.707090] Yama: becoming mindful.
[    1.707233] AppArmor: AppArmor initialized
[    1.707237] AppArmor: AppArmor secmark mediation reserved: ready to be enabled
[    1.707535] Mount-cache hash table entries: 131072 (order: 8, 1048576 bytes, linear)
[    1.707596] Mountpoint-cache hash table entries: 131072 (order: 8, 1048576 bytes, linear)
[    1.707721] VFS: Finished mounting rootfs on nullfs
[    1.810336] smpboot: CPU0: AMD Ryzen Threadripper PRO 3955WX 16-Cores (family: 0x17, model: 0x31, stepping: 0x0)
[    1.810596] Performance Events: Fam17h+ core perfctr, AMD PMU driver.
[    1.810608] ... version:                   0
[    1.810613] ... bit width:                 48
[    1.810617] ... generic counters:          6
[    1.810621] ... generic bitmap:            000000000000003f
[    1.810622] ... fixed-purpose counters:    0
[    1.810622] ... fixed-purpose bitmap:      0000000000000000
[    1.810622] ... value mask:                0000ffffffffffff
[    1.810622] ... max period:                00007fffffffffff
[    1.810622] ... global_ctrl mask:          000000000000003f
[    1.810622] signal: max sigframe size: 1776
[    1.810622] rcu: Hierarchical SRCU implementation.
[    1.810622] rcu: 	Max phase no-delay instances is 400.
[    1.810622] Timer migration: 2 hierarchy levels; 8 children per group; 2 crossnode level
[    1.818294] NMI watchdog: Enabled. Permanently consumes one hw-PMU counter.
[    1.818571] smp: Bringing up secondary CPUs ...
[    1.818711] smpboot: x86: Booting SMP configuration:
[    1.818716] .... node  #0, CPUs:        #1  #2  #3  #4  #5  #6  #7  #8  #9 #10 #11 #12 #13 #14 #15 #16 #17 #18 #19 #20 #21 #22 #23 #24 #25 #26 #27 #28 #29 #30 #31
[    1.843820] Spectre V2 : Update user space SMT mitigation: STIBP always-on
[    1.861691] smp: Brought up 1 node, 32 CPUs
[    1.861691] smpboot: Total of 32 processors activated (249578.88 BogoMIPS)
[    1.863749] Memory: 129414556K/134047396K available (23807K kernel code, 4952K rwdata, 16764K rodata, 5292K init, 5856K bss, 4590532K reserved, 0K cma-reserved)
[    1.870809] devtmpfs: initialized
[    1.870809] x86/mm: Memory block size: 2048MB
[    1.873698] ACPI: PM: Registering ACPI NVS region [mem 0x04000000-0x04016fff] (94208 bytes)
[    1.873698] ACPI: PM: Registering ACPI NVS region [mem 0xb9d0b000-0xba136fff] (4374528 bytes)
[    1.873825] posixtimers hash table entries: 16384 (order: 6, 262144 bytes, linear)
[    1.873825] futex hash table entries: 8192 (524288 bytes on 1 NUMA nodes, total 512 KiB, linear).
[    1.874008] PM: RTC time: 19:32:56, date: 2026-09-19
[    1.874871] NET: Registered PF_NETLINK/PF_ROUTE protocol family
[    1.875360] DMA: preallocated 4096 KiB GFP_KERNEL pool for atomic allocations
[    1.875579] DMA: preallocated 4096 KiB GFP_KERNEL|GFP_DMA pool for atomic allocations
[    1.875805] DMA: preallocated 4096 KiB GFP_KERNEL|GFP_DMA32 pool for atomic allocations
[    1.875822] audit: initializing netlink subsys (disabled)
[    1.875841] audit: type=2000 audit(1789846374.208:1): state=initialized audit_enabled=0 res=1
[    1.875841] thermal_sys: Registered thermal governor 'fair_share'
[    1.875841] thermal_sys: Registered thermal governor 'bang_bang'
[    1.875841] thermal_sys: Registered thermal governor 'step_wise'
[    1.875841] thermal_sys: Registered thermal governor 'user_space'
[    1.875845] thermal_sys: Registered thermal governor 'power_allocator'
[    1.875857] cpuidle: using governor ladder
[    1.875857] cpuidle: using governor menu
[    1.875857] Detected 1 PCC Subspaces
[    1.875857] Registering PCC driver as Mailbox controller
[    1.882730] efi: Freeing EFI boot services memory: 95572K
[    1.882738] acpiphp: ACPI Hot Plug PCI Controller Driver version: 0.5
[    1.882899] PCI: ECAM [mem 0xe0000000-0xefffffff] (base 0xe0000000) for domain 0000 [bus 00-ff]
[    1.882918] PCI: Using configuration type 1 for base access
[    1.883018] kprobes: kprobe jump-optimization is enabled. All kprobes are optimized if possible.
[    1.883018] HugeTLB: registered 1.00 GiB page size, pre-allocated 0 pages
[    1.883018] HugeTLB: 16380 KiB vmemmap can be freed for a 1.00 GiB page
[    1.883018] HugeTLB: registered 2.00 MiB page size, pre-allocated 0 pages
[    1.883018] HugeTLB: 28 KiB vmemmap can be freed for a 2.00 MiB page
[    1.884978] fbcon: Taking over console
[    1.885045] ACPI: Added _OSI(Module Device)
[    1.885049] ACPI: Added _OSI(Processor Device)
[    1.885054] ACPI: Added _OSI(Processor Aggregator Device)
[    1.913766] ACPI: 10 ACPI AML tables successfully acquired and loaded
[    1.919683] ACPI: \_SB_: platform _OSC: OS support mask [006e7eff]
[    1.919814] ACPI: \_SB_: platform _OSC: OS control mask [006e7eff]
[    1.921524] ACPI: Interpreter enabled
[    1.921545] ACPI: PM: (supports S0 S4 S5)
[    1.921549] ACPI: Using IOAPIC for interrupt routing
[    1.924075] mce: HEST corrected error threshold limit: 10
[    1.924361] HEST: Table parsing has been initialized.
[    1.924517] GHES: APEI firmware first mode is enabled by APEI bit.
[    1.924525] PCI: Using host bridge windows from ACPI; if necessary, use "pci=nocrs" and report a bug
[    1.924532] PCI: Using E820 reservations for host bridge windows
[    1.925363] ACPI: Enabled 3 GPEs in block 00 to 1F
[    1.964762] ACPI: PCI Root Bridge [S0I0] (domain 0000 [bus 60-ff])
[    1.964774] acpi PNP0A08:00: _OSC: OS supports [ExtendedConfig ASPM ClockPM Segments MSI EDR HPX-Type3]
[    1.965091] acpi PNP0A08:00: _OSC: platform does not support [AER LTR DPC]
[    1.965693] acpi PNP0A08:00: _OSC: OS now controls [PCIeHotplug SHPCHotplug PME PCIeCapability]
[    1.966363] PCI host bridge to bus 0000:60
[    1.966371] pci_bus 0000:60: root bus resource [io  0x03b0-0x03df window]
[    1.966378] pci_bus 0000:60: root bus resource [io  0xa000-0xffff window]
[    1.966384] pci_bus 0000:60: root bus resource [mem 0x000a0000-0x000bffff window]
[    1.966390] pci_bus 0000:60: root bus resource [mem 0xca000000-0xcdffffff window]
[    1.966397] pci_bus 0000:60: root bus resource [mem 0x10021000000-0x14020ffffff window]
[    1.966404] pci_bus 0000:60: root bus resource [bus 60-ff]
[    1.966422] pci 0000:60:00.0: [1022:1480] type 00 class 0x060000 conventional PCI endpoint
[    1.966538] pci 0000:60:00.2: [1022:1481] type 00 class 0x080600 conventional PCI endpoint
[    1.966680] pci 0000:60:01.0: [1022:1482] type 00 class 0x060000 conventional PCI endpoint
[    1.966772] pci 0000:60:02.0: [1022:1482] type 00 class 0x060000 conventional PCI endpoint
[    1.966862] pci 0000:60:03.0: [1022:1482] type 00 class 0x060000 conventional PCI endpoint
[    1.966960] pci 0000:60:03.1: [1022:1483] type 01 class 0x060400 PCIe Root Port
[    1.966982] pci 0000:60:03.1: PCI bridge to [bus 61-66]
[    1.966992] pci 0000:60:03.1:   bridge window [mem 0xcd200000-0xcd6fffff]
[    1.967010] pci 0000:60:03.1: enabling Extended Tags
[    1.967070] pci 0000:60:03.1: PME# supported from D0 D3hot D3cold
[    1.967322] pci 0000:60:03.2: [1022:1483] type 01 class 0x060400 PCIe Root Port
[    1.967344] pci 0000:60:03.2: PCI bridge to [bus 67-68]
[    1.967353] pci 0000:60:03.2:   bridge window [io  0xf000-0xffff]
[    1.967359] pci 0000:60:03.2:   bridge window [mem 0xcc000000-0xcd0fffff]
[    1.967430] pci 0000:60:03.2: PME# supported from D0 D3hot D3cold
[    1.967628] pci 0000:60:03.3: [1022:1483] type 01 class 0x060400 PCIe Root Port
[    1.967650] pci 0000:60:03.3: PCI bridge to [bus 69-6a]
[    1.967660] pci 0000:60:03.3:   bridge window [mem 0xcd700000-0xcd7fffff]
[    1.967671] pci 0000:60:03.3:   bridge window [mem 0x1401e000000-0x14020afffff 64bit pref]
[    1.967737] pci 0000:60:03.3: PME# supported from D0 D3hot D3cold
[    1.967924] pci 0000:60:04.0: [1022:1482] type 00 class 0x060000 conventional PCI endpoint
[    1.968015] pci 0000:60:05.0: [1022:1482] type 00 class 0x060000 conventional PCI endpoint
[    1.968104] pci 0000:60:07.0: [1022:1482] type 00 class 0x060000 conventional PCI endpoint
[    1.968199] pci 0000:60:07.1: [1022:1484] type 01 class 0x060400 PCIe Root Port
[    1.968220] pci 0000:60:07.1: PCI bridge to [bus 6b]
[    1.968240] pci 0000:60:07.1: enabling Extended Tags
[    1.968293] pci 0000:60:07.1: PME# supported from D0 D3hot D3cold
[    1.968467] pci 0000:60:08.0: [1022:1482] type 00 class 0x060000 conventional PCI endpoint
[    1.968565] pci 0000:60:08.1: [1022:1484] type 01 class 0x060400 PCIe Root Port
[    1.968587] pci 0000:60:08.1: PCI bridge to [bus 6c]
[    1.968608] pci 0000:60:08.1: enabling Extended Tags
[    1.968668] pci 0000:60:08.1: PME# supported from D0 D3hot D3cold
[    1.968927] pci 0000:61:00.0: [1022:57ad] type 01 class 0x060400 PCIe Switch Upstream Port
[    1.968970] pci 0000:61:00.0: PCI bridge to [bus 62-66]
[    1.968985] pci 0000:61:00.0:   bridge window [mem 0xcd200000-0xcd6fffff]
[    1.969015] pci 0000:61:00.0: enabling Extended Tags
[    1.969112] pci 0000:61:00.0: PME# supported from D0 D3hot D3cold
[    1.969438] pci 0000:60:03.1: PCI bridge to [bus 61-66]
[    1.969903] pci 0000:62:03.0: [1022:57a3] type 01 class 0x060400 PCIe Switch Downstream Port
[    1.969946] pci 0000:62:03.0: PCI bridge to [bus 63]
[    1.969962] pci 0000:62:03.0:   bridge window [mem 0xcd600000-0xcd6fffff]
[    1.970010] pci 0000:62:03.0: enabling Extended Tags
[    1.970286] pci 0000:62:03.0: PME# supported from D0 D3hot D3cold
[    1.970925] pci 0000:62:08.0: [1022:57a4] type 01 class 0x060400 PCIe Switch Downstream Port
[    1.970967] pci 0000:62:08.0: PCI bridge to [bus 64]
[    1.970982] pci 0000:62:08.0:   bridge window [mem 0xcd200000-0xcd3fffff]
[    1.971027] pci 0000:62:08.0: enabling Extended Tags
[    1.971208] pci 0000:62:08.0: PME# supported from D0 D3hot D3cold
[    1.971565] pci 0000:62:09.0: [1022:57a4] type 01 class 0x060400 PCIe Switch Downstream Port
[    1.971607] pci 0000:62:09.0: PCI bridge to [bus 65]
[    1.971624] pci 0000:62:09.0:   bridge window [mem 0xcd500000-0xcd5fffff]
[    1.971669] pci 0000:62:09.0: enabling Extended Tags
[    1.971851] pci 0000:62:09.0: PME# supported from D0 D3hot D3cold
[    1.972144] pci 0000:62:0a.0: [1022:57a4] type 01 class 0x060400 PCIe Switch Downstream Port
[    1.972185] pci 0000:62:0a.0: PCI bridge to [bus 66]
[    1.972200] pci 0000:62:0a.0:   bridge window [mem 0xcd400000-0xcd4fffff]
[    1.972244] pci 0000:62:0a.0: enabling Extended Tags
[    1.972426] pci 0000:62:0a.0: PME# supported from D0 D3hot D3cold
[    1.972708] pci 0000:61:00.0: PCI bridge to [bus 62-66]
[    1.972899] pci 0000:63:00.0: [1e4b:1202] type 00 class 0x010802 PCIe Endpoint
[    1.972974] pci 0000:63:00.0: BAR 0 [mem 0xcd600000-0xcd603fff 64bit]
[    1.973136] pci 0000:63:00.0: PME# supported from D0 D3hot D3cold
[    1.973513] pci 0000:62:03.0: PCI bridge to [bus 63]
[    1.973703] pci 0000:64:00.0: [1022:1485] type 00 class 0x130000 PCIe Endpoint
[    1.973781] pci 0000:64:00.0: enabling Extended Tags
[    1.974009] pci 0000:64:00.0: 126.024 Gb/s available PCIe bandwidth, limited by 16.0 GT/s PCIe x8 link at 0000:60:03.1 (capable of 252.048 Gb/s with 16.0 GT/s PCIe x16 link)
[    1.974295] pci 0000:64:00.1: [1022:149c] type 00 class 0x0c0330 PCIe Endpoint
[    1.975012] pci 0000:64:00.1: BAR 0 [mem 0xcd300000-0xcd3fffff 64bit]
[    1.975127] pci 0000:64:00.1: enabling Extended Tags
[    1.975785] pci 0000:64:00.1: PME# supported from D0 D3hot D3cold
[    1.976324] pci 0000:64:00.3: [1022:149c] type 00 class 0x0c0330 PCIe Endpoint
[    1.976390] pci 0000:64:00.3: BAR 0 [mem 0xcd200000-0xcd2fffff 64bit]
[    1.976412] pci 0000:64:00.3: enabling Extended Tags
[    1.976503] pci 0000:64:00.3: PME# supported from D0 D3hot D3cold
[    1.976737] pci 0000:62:08.0: PCI bridge to [bus 64]
[    1.976894] pci 0000:65:00.0: [1022:7901] type 00 class 0x010601 PCIe Endpoint
[    1.976967] pci 0000:65:00.0: BAR 5 [mem 0xcd500000-0xcd5007ff]
[    1.976983] pci 0000:65:00.0: enabling Extended Tags
[    1.977104] pci 0000:65:00.0: PME# supported from D3hot D3cold
[    1.977232] pci 0000:65:00.0: 126.024 Gb/s available PCIe bandwidth, limited by 16.0 GT/s PCIe x8 link at 0000:60:03.1 (capable of 252.048 Gb/s with 16.0 GT/s PCIe x16 link)
[    1.977343] pci 0000:62:09.0: PCI bridge to [bus 65]
[    1.977498] pci 0000:66:00.0: [1022:7901] type 00 class 0x010601 PCIe Endpoint
[    1.977569] pci 0000:66:00.0: BAR 5 [mem 0xcd400000-0xcd4007ff]
[    1.977585] pci 0000:66:00.0: enabling Extended Tags
[    1.977707] pci 0000:66:00.0: PME# supported from D3hot D3cold
[    1.977836] pci 0000:66:00.0: 126.024 Gb/s available PCIe bandwidth, limited by 16.0 GT/s PCIe x8 link at 0000:60:03.1 (capable of 252.048 Gb/s with 16.0 GT/s PCIe x16 link)
[    1.977948] pci 0000:62:0a.0: PCI bridge to [bus 66]
[    1.978077] pci 0000:67:00.0: [1a03:1150] type 01 class 0x060400 PCIe to PCI/PCI-X bridge
[    1.978110] pci 0000:67:00.0: PCI bridge to [bus 68]
[    1.978120] pci 0000:67:00.0:   bridge window [io  0xf000-0xffff]
[    1.978128] pci 0000:67:00.0:   bridge window [mem 0xcc000000-0xcd0fffff]
[    1.978214] pci 0000:67:00.0: supports D1 D2
[    1.978219] pci 0000:67:00.0: PME# supported from D0 D1 D2 D3hot D3cold
[    1.978374] pci 0000:60:03.2: PCI bridge to [bus 67-68]
[    1.978417] pci_bus 0000:68: extended config space not accessible
[    1.978449] pci 0000:68:00.0: [1a03:2000] type 00 class 0x030000 conventional PCI endpoint
[    1.978506] pci 0000:68:00.0: BAR 0 [mem 0xcc000000-0xccffffff]
[    1.978513] pci 0000:68:00.0: BAR 1 [mem 0xcd000000-0xcd01ffff]
[    1.978520] pci 0000:68:00.0: BAR 2 [io  0xf000-0xf07f]
[    1.978545] pci 0000:68:00.0: Video device with shadowed ROM at [mem 0x000c0000-0x000dffff]
[    1.978587] pci 0000:68:00.0: supports D1 D2
[    1.978591] pci 0000:68:00.0: PME# supported from D0 D1 D2 D3hot D3cold
[    1.978705] pci 0000:67:00.0: PCI bridge to [bus 68]
[    1.978822] pci 0000:69:00.0: [8086:15ff] type 00 class 0x020000 PCIe Endpoint
[    1.978869] pci 0000:69:00.0: BAR 0 [mem 0x1401f000000-0x1401fffffff 64bit pref]
[    1.978879] pci 0000:69:00.0: BAR 3 [mem 0x14020808000-0x1402080ffff 64bit pref]
[    1.978888] pci 0000:69:00.0: ROM [mem 0xcd780000-0xcd7fffff pref]
[    1.978986] pci 0000:69:00.0: PME# supported from D0 D3hot D3cold
[    1.979042] pci 0000:69:00.0: VF BAR 0 [mem 0x14020400000-0x1402040ffff 64bit pref]
[    1.979049] pci 0000:69:00.0: VF BAR 0 [mem 0x14020400000-0x140207fffff 64bit pref]: contains BAR 0 for 64 VFs
[    1.979060] pci 0000:69:00.0: VF BAR 3 [mem 0x14020910000-0x14020913fff 64bit pref]
[    1.979066] pci 0000:69:00.0: VF BAR 3 [mem 0x14020910000-0x14020a0ffff 64bit pref]: contains BAR 3 for 64 VFs
[    1.979489] pci 0000:69:00.1: [8086:15ff] type 00 class 0x020000 PCIe Endpoint
[    1.979536] pci 0000:69:00.1: BAR 0 [mem 0x1401e000000-0x1401effffff 64bit pref]
[    1.979546] pci 0000:69:00.1: BAR 3 [mem 0x14020800000-0x14020807fff 64bit pref]
[    1.979554] pci 0000:69:00.1: ROM [mem 0xcd700000-0xcd77ffff pref]
[    1.979651] pci 0000:69:00.1: PME# supported from D0 D3hot D3cold
[    1.979700] pci 0000:69:00.1: VF BAR 0 [mem 0x14020000000-0x1402000ffff 64bit pref]
[    1.979707] pci 0000:69:00.1: VF BAR 0 [mem 0x14020000000-0x140203fffff 64bit pref]: contains BAR 0 for 64 VFs
[    1.979717] pci 0000:69:00.1: VF BAR 3 [mem 0x14020810000-0x14020813fff 64bit pref]
[    1.979724] pci 0000:69:00.1: VF BAR 3 [mem 0x14020810000-0x1402090ffff 64bit pref]: contains BAR 3 for 64 VFs
[    1.980113] pci 0000:60:03.3: PCI bridge to [bus 69-6a]
[    1.980203] pci 0000:6b:00.0: [1022:148a] type 00 class 0x130000 PCIe Endpoint
[    1.980241] pci 0000:6b:00.0: enabling Extended Tags
[    1.980445] pci 0000:60:07.1: PCI bridge to [bus 6b]
[    1.980550] pci 0000:6c:00.0: [1022:1485] type 00 class 0x130000 PCIe Endpoint
[    1.980590] pci 0000:6c:00.0: enabling Extended Tags
[    1.980815] pci 0000:60:08.1: PCI bridge to [bus 6c]
[    1.983469] ACPI: PCI Root Bridge [S0D1] (domain 0000 [bus 40-5f])
[    1.983478] acpi PNP0A08:01: _OSC: OS supports [ExtendedConfig ASPM ClockPM Segments MSI EDR HPX-Type3]
[    1.983797] acpi PNP0A08:01: _OSC: platform does not support [AER LTR DPC]
[    1.984403] acpi PNP0A08:01: _OSC: OS now controls [PCIeHotplug SHPCHotplug PME PCIeCapability]
[    1.984914] PCI host bridge to bus 0000:40
[    1.984921] pci_bus 0000:40: root bus resource [io  0x7000-0x9fff window]
[    1.984928] pci_bus 0000:40: root bus resource [mem 0xc6000000-0xc9ffffff window]
[    1.984934] pci_bus 0000:40: root bus resource [mem 0x14021000000-0x18020ffffff window]
[    1.984941] pci_bus 0000:40: root bus resource [bus 40-5f]
[    1.984956] pci 0000:40:00.0: [1022:1480] type 00 class 0x060000 conventional PCI endpoint
[    1.985066] pci 0000:40:00.2: [1022:1481] type 00 class 0x080600 conventional PCI endpoint
[    1.985205] pci 0000:40:01.0: [1022:1482] type 00 class 0x060000 conventional PCI endpoint
[    1.985304] pci 0000:40:01.1: [1022:1483] type 01 class 0x060400 PCIe Root Port
[    1.985326] pci 0000:40:01.1: PCI bridge to [bus 41-44]
[    1.985335] pci 0000:40:01.1:   bridge window [mem 0xc9c00000-0xc9efffff]
[    1.985347] pci 0000:40:01.1:   bridge window [mem 0x17000000000-0x180057fffff 64bit pref]
[    1.985414] pci 0000:40:01.1: PME# supported from D0 D3hot D3cold
[    1.985598] pci 0000:40:02.0: [1022:1482] type 00 class 0x060000 conventional PCI endpoint
[    1.985689] pci 0000:40:03.0: [1022:1482] type 00 class 0x060000 conventional PCI endpoint
[    1.985788] pci 0000:40:03.1: [1022:1483] type 01 class 0x060400 PCIe Root Port
[    1.985809] pci 0000:40:03.1: PCI bridge to [bus 45-48]
[    1.985819] pci 0000:40:03.1:   bridge window [mem 0xc9800000-0xc9afffff]
[    1.985830] pci 0000:40:03.1:   bridge window [mem 0x15800000000-0x168057fffff 64bit pref]
[    1.985897] pci 0000:40:03.1: PME# supported from D0 D3hot D3cold
[    1.986084] pci 0000:40:04.0: [1022:1482] type 00 class 0x060000 conventional PCI endpoint
[    1.986171] pci 0000:40:05.0: [1022:1482] type 00 class 0x060000 conventional PCI endpoint
[    1.986261] pci 0000:40:07.0: [1022:1482] type 00 class 0x060000 conventional PCI endpoint
[    1.986358] pci 0000:40:07.1: [1022:1484] type 01 class 0x060400 PCIe Root Port
[    1.986379] pci 0000:40:07.1: PCI bridge to [bus 49]
[    1.986399] pci 0000:40:07.1: enabling Extended Tags
[    1.986452] pci 0000:40:07.1: PME# supported from D0 D3hot D3cold
[    1.986618] pci 0000:40:08.0: [1022:1482] type 00 class 0x060000 conventional PCI endpoint
[    1.986715] pci 0000:40:08.1: [1022:1484] type 01 class 0x060400 PCIe Root Port
[    1.986737] pci 0000:40:08.1: PCI bridge to [bus 4a]
[    1.986758] pci 0000:40:08.1: enabling Extended Tags
[    1.986813] pci 0000:40:08.1: PME# supported from D0 D3hot D3cold
[    1.987063] pci 0000:41:00.0: [8086:e2ff] type 01 class 0x060400 PCIe Switch Upstream Port
[    1.987091] pci 0000:41:00.0: BAR 0 [mem 0x18005000000-0x180057fffff 64bit pref]
[    1.987099] pci 0000:41:00.0: PCI bridge to [bus 42-44]
[    1.987111] pci 0000:41:00.0:   bridge window [mem 0xc9c00000-0xc9efffff]
[    1.987125] pci 0000:41:00.0:   bridge window [mem 0x17000000000-0x18004ffffff 64bit pref]
[    1.987212] pci 0000:41:00.0: PME# supported from D0 D3hot D3cold
[    1.987327] pci 0000:41:00.0: 252.048 Gb/s available PCIe bandwidth, limited by 16.0 GT/s PCIe x16 link at 0000:40:01.1 (capable of 504.112 Gb/s with 32.0 GT/s PCIe x16 link)
[    1.987427] pci 0000:40:01.1: PCI bridge to [bus 41-44]
[    1.987505] pci 0000:42:01.0: [8086:e2f0] type 01 class 0x060400 PCIe Switch Downstream Port
[    1.987536] pci 0000:42:01.0: PCI bridge to [bus 43]
[    1.987546] pci 0000:42:01.0:   bridge window [mem 0xc9c00000-0xc9dfffff]
[    1.987561] pci 0000:42:01.0:   bridge window [mem 0x17000000000-0x18004ffffff 64bit pref]
[    1.987634] pci 0000:42:01.0: PME# supported from D0 D3hot D3cold
[    1.987781] pci 0000:42:02.0: [8086:e2f1] type 01 class 0x060400 PCIe Switch Downstream Port
[    1.987821] pci 0000:42:02.0: PCI bridge to [bus 44]
[    1.987833] pci 0000:42:02.0:   bridge window [mem 0xc9e00000-0xc9efffff]
[    1.987934] pci 0000:42:02.0: PME# supported from D0 D3hot D3cold
[    1.988091] pci 0000:41:00.0: PCI bridge to [bus 42-44]
[    1.988183] pci 0000:43:00.0: [8086:e223] type 00 class 0x030000 PCIe Endpoint
[    1.988228] pci 0000:43:00.0: BAR 0 [mem 0x18004000000-0x18004ffffff 64bit pref]
[    1.988237] pci 0000:43:00.0: BAR 2 [mem 0x17000000000-0x177ffffffff 64bit pref]
[    1.988247] pci 0000:43:00.0: ROM [mem 0xc9c00000-0xc9dfffff pref]
[    1.988345] pci 0000:43:00.0: PME# supported from D0 D3hot
[    1.988398] pci 0000:43:00.0: VF BAR 0 [mem 0x18000000000-0x18000ffffff 64bit pref]
[    1.988405] pci 0000:43:00.0: VF BAR 0 [mem 0x18000000000-0x18003ffffff 64bit pref]: contains BAR 0 for 4 VFs
[    1.988415] pci 0000:43:00.0: VF BAR 2 [mem 0x17800000000-0x179ffffffff 64bit pref]
[    1.988421] pci 0000:43:00.0: VF BAR 2 [mem 0x17800000000-0x17fffffffff 64bit pref]: contains BAR 2 for 4 VFs
[    1.988635] pci 0000:42:01.0: PCI bridge to [bus 43]
[    1.988748] pci 0000:44:00.0: [8086:e2f7] type 00 class 0x040300 PCIe Endpoint
[    1.988818] pci 0000:44:00.0: BAR 0 [mem 0xc9e00000-0xc9e03fff 64bit]
[    1.988939] pci 0000:44:00.0: PME# supported from D3hot D3cold
[    1.989106] pci 0000:42:02.0: PCI bridge to [bus 44]
[    1.989229] pci 0000:45:00.0: [8086:e2ff] type 01 class 0x060400 PCIe Switch Upstream Port
[    1.989257] pci 0000:45:00.0: BAR 0 [mem 0x16805000000-0x168057fffff 64bit pref]
[    1.989265] pci 0000:45:00.0: PCI bridge to [bus 46-48]
[    1.989277] pci 0000:45:00.0:   bridge window [mem 0xc9800000-0xc9afffff]
[    1.989291] pci 0000:45:00.0:   bridge window [mem 0x15800000000-0x16804ffffff 64bit pref]
[    1.989378] pci 0000:45:00.0: PME# supported from D0 D3hot D3cold
[    1.989495] pci 0000:45:00.0: 252.048 Gb/s available PCIe bandwidth, limited by 16.0 GT/s PCIe x16 link at 0000:40:03.1 (capable of 504.112 Gb/s with 32.0 GT/s PCIe x16 link)
[    1.989594] pci 0000:40:03.1: PCI bridge to [bus 45-48]
[    1.989673] pci 0000:46:01.0: [8086:e2f0] type 01 class 0x060400 PCIe Switch Downstream Port
[    1.989705] pci 0000:46:01.0: PCI bridge to [bus 47]
[    1.989715] pci 0000:46:01.0:   bridge window [mem 0xc9800000-0xc99fffff]
[    1.989730] pci 0000:46:01.0:   bridge window [mem 0x15800000000-0x16804ffffff 64bit pref]
[    1.989797] pci 0000:46:01.0: PME# supported from D0 D3hot D3cold
[    1.989944] pci 0000:46:02.0: [8086:e2f1] type 01 class 0x060400 PCIe Switch Downstream Port
[    1.989985] pci 0000:46:02.0: PCI bridge to [bus 48]
[    1.989997] pci 0000:46:02.0:   bridge window [mem 0xc9a00000-0xc9afffff]
[    1.990098] pci 0000:46:02.0: PME# supported from D0 D3hot D3cold
[    1.990256] pci 0000:45:00.0: PCI bridge to [bus 46-48]
[    1.990351] pci 0000:47:00.0: [8086:e223] type 00 class 0x030000 PCIe Endpoint
[    1.990397] pci 0000:47:00.0: BAR 0 [mem 0x16804000000-0x16804ffffff 64bit pref]
[    1.990405] pci 0000:47:00.0: BAR 2 [mem 0x15800000000-0x15fffffffff 64bit pref]
[    1.990415] pci 0000:47:00.0: ROM [mem 0xc9800000-0xc99fffff pref]
[    1.990514] pci 0000:47:00.0: PME# supported from D0 D3hot
[    1.990567] pci 0000:47:00.0: VF BAR 0 [mem 0x16800000000-0x16800ffffff 64bit pref]
[    1.990574] pci 0000:47:00.0: VF BAR 0 [mem 0x16800000000-0x16803ffffff 64bit pref]: contains BAR 0 for 4 VFs
[    1.990584] pci 0000:47:00.0: VF BAR 2 [mem 0x16000000000-0x161ffffffff 64bit pref]
[    1.990590] pci 0000:47:00.0: VF BAR 2 [mem 0x16000000000-0x167ffffffff 64bit pref]: contains BAR 2 for 4 VFs
[    1.990806] pci 0000:46:01.0: PCI bridge to [bus 47]
[    1.990917] pci 0000:48:00.0: [8086:e2f7] type 00 class 0x040300 PCIe Endpoint
[    1.990986] pci 0000:48:00.0: BAR 0 [mem 0xc9a00000-0xc9a03fff 64bit]
[    1.991106] pci 0000:48:00.0: PME# supported from D3hot D3cold
[    1.991271] pci 0000:46:02.0: PCI bridge to [bus 48]
[    1.991387] pci 0000:49:00.0: [1022:148a] type 00 class 0x130000 PCIe Endpoint
[    1.991424] pci 0000:49:00.0: enabling Extended Tags
[    1.991639] pci 0000:40:07.1: PCI bridge to [bus 49]
[    1.991746] pci 0000:4a:00.0: [1022:1485] type 00 class 0x130000 PCIe Endpoint
[    1.991786] pci 0000:4a:00.0: enabling Extended Tags
[    1.992007] pci 0000:40:08.1: PCI bridge to [bus 4a]
[    1.993674] ACPI: PCI Root Bridge [S0D2] (domain 0000 [bus 20-3f])
[    1.993683] acpi PNP0A08:02: _OSC: OS supports [ExtendedConfig ASPM ClockPM Segments MSI EDR HPX-Type3]
[    1.994005] acpi PNP0A08:02: _OSC: platform does not support [AER LTR DPC]
[    1.994602] acpi PNP0A08:02: _OSC: OS now controls [PCIeHotplug SHPCHotplug PME PCIeCapability]
[    1.995117] PCI host bridge to bus 0000:20
[    1.995124] pci_bus 0000:20: root bus resource [io  0x4000-0x6fff window]
[    1.995131] pci_bus 0000:20: root bus resource [mem 0xc0000000-0xc3ffffff window]
[    1.995137] pci_bus 0000:20: root bus resource [mem 0x18081000000-0x1c080ffffff window]
[    1.995144] pci_bus 0000:20: root bus resource [bus 20-3f]
[    1.995162] pci 0000:20:00.0: [1022:1480] type 00 class 0x060000 conventional PCI endpoint
[    1.995270] pci 0000:20:00.2: [1022:1481] type 00 class 0x080600 conventional PCI endpoint
[    1.995407] pci 0000:20:01.0: [1022:1482] type 00 class 0x060000 conventional PCI endpoint
[    1.995494] pci 0000:20:02.0: [1022:1482] type 00 class 0x060000 conventional PCI endpoint
[    1.995583] pci 0000:20:03.0: [1022:1482] type 00 class 0x060000 conventional PCI endpoint
[    1.995675] pci 0000:20:04.0: [1022:1482] type 00 class 0x060000 conventional PCI endpoint
[    1.995762] pci 0000:20:05.0: [1022:1482] type 00 class 0x060000 conventional PCI endpoint
[    1.995851] pci 0000:20:07.0: [1022:1482] type 00 class 0x060000 conventional PCI endpoint
[    1.995949] pci 0000:20:07.1: [1022:1484] type 01 class 0x060400 PCIe Root Port
[    1.995971] pci 0000:20:07.1: PCI bridge to [bus 21]
[    1.995991] pci 0000:20:07.1: enabling Extended Tags
[    1.996045] pci 0000:20:07.1: PME# supported from D0 D3hot D3cold
[    1.996218] pci 0000:20:08.0: [1022:1482] type 00 class 0x060000 conventional PCI endpoint
[    1.996314] pci 0000:20:08.1: [1022:1484] type 01 class 0x060400 PCIe Root Port
[    1.996336] pci 0000:20:08.1: PCI bridge to [bus 22]
[    1.996345] pci 0000:20:08.1:   bridge window [mem 0xc3d00000-0xc3ffffff]
[    1.996363] pci 0000:20:08.1: enabling Extended Tags
[    1.996418] pci 0000:20:08.1: PME# supported from D0 D3hot D3cold
[    1.996679] pci 0000:21:00.0: [1022:148a] type 00 class 0x130000 PCIe Endpoint
[    1.996717] pci 0000:21:00.0: enabling Extended Tags
[    1.996924] pci 0000:20:07.1: PCI bridge to [bus 21]
[    1.997033] pci 0000:22:00.0: [1022:1485] type 00 class 0x130000 PCIe Endpoint
[    1.997073] pci 0000:22:00.0: enabling Extended Tags
[    1.997303] pci 0000:22:00.1: [1022:1486] type 00 class 0x108000 PCIe Endpoint
[    1.997337] pci 0000:22:00.1: BAR 2 [mem 0xc3e00000-0xc3efffff]
[    1.997345] pci 0000:22:00.1: BAR 5 [mem 0xc3f08000-0xc3f09fff]
[    1.997355] pci 0000:22:00.1: enabling Extended Tags
[    1.997562] pci 0000:22:00.3: [1022:148c] type 00 class 0x0c0330 PCIe Endpoint
[    1.997597] pci 0000:22:00.3: BAR 0 [mem 0xc3d00000-0xc3dfffff 64bit]
[    1.997611] pci 0000:22:00.3: enabling Extended Tags
[    1.997671] pci 0000:22:00.3: PME# supported from D0 D3hot D3cold
[    1.997835] pci 0000:22:00.4: [1022:1487] type 00 class 0x040300 PCIe Endpoint
[    1.997867] pci 0000:22:00.4: BAR 0 [mem 0xc3f00000-0xc3f07fff]
[    1.997882] pci 0000:22:00.4: enabling Extended Tags
[    1.997936] pci 0000:22:00.4: PME# supported from D0 D3hot D3cold
[    1.998102] pci 0000:20:08.1: PCI bridge to [bus 22]
[    1.999318] ACPI: PCI Root Bridge [PCI0] (domain 0000 [bus 00-1f])
[    1.999328] acpi PNP0A08:03: _OSC: OS supports [ExtendedConfig ASPM ClockPM Segments MSI EDR HPX-Type3]
[    1.999647] acpi PNP0A08:03: _OSC: platform does not support [AER LTR DPC]
[    2.000252] acpi PNP0A08:03: _OSC: OS now controls [PCIeHotplug SHPCHotplug PME PCIeCapability]
[    2.000912] PCI host bridge to bus 0000:00
[    2.000920] pci_bus 0000:00: root bus resource [io  0x0000-0x03af window]
[    2.000927] pci_bus 0000:00: root bus resource [io  0x03e0-0x0cf7 window]
[    2.000933] pci_bus 0000:00: root bus resource [io  0x1000-0x3fff window]
[    2.000939] pci_bus 0000:00: root bus resource [mem 0x000c0000-0x000dffff window]
[    2.000945] pci_bus 0000:00: root bus resource [mem 0xf0000000-0xf3ffffff window]
[    2.000952] pci_bus 0000:00: root bus resource [mem 0x1c081000000-0x20080ffffff window]
[    2.000959] pci_bus 0000:00: root bus resource [bus 00-1f]
[    2.000977] pci 0000:00:00.0: [1022:1480] type 00 class 0x060000 conventional PCI endpoint
[    2.001083] pci 0000:00:00.2: [1022:1481] type 00 class 0x080600 conventional PCI endpoint
[    2.001224] pci 0000:00:01.0: [1022:1482] type 00 class 0x060000 conventional PCI endpoint
[    2.001324] pci 0000:00:01.1: [1022:1483] type 01 class 0x060400 PCIe Root Port
[    2.001346] pci 0000:00:01.1: PCI bridge to [bus 01-04]
[    2.001356] pci 0000:00:01.1:   bridge window [mem 0xf3a00000-0xf3cfffff]
[    2.001367] pci 0000:00:01.1:   bridge window [mem 0x1f000000000-0x200057fffff 64bit pref]
[    2.001435] pci 0000:00:01.1: PME# supported from D0 D3hot D3cold
[    2.001628] pci 0000:00:02.0: [1022:1482] type 00 class 0x060000 conventional PCI endpoint
[    2.001724] pci 0000:00:03.0: [1022:1482] type 00 class 0x060000 conventional PCI endpoint
[    2.001823] pci 0000:00:03.1: [1022:1483] type 01 class 0x060400 PCIe Root Port
[    2.001845] pci 0000:00:03.1: PCI bridge to [bus 05-08]
[    2.001855] pci 0000:00:03.1:   bridge window [mem 0xf3600000-0xf38fffff]
[    2.001866] pci 0000:00:03.1:   bridge window [mem 0x1d800000000-0x1e8057fffff 64bit pref]
[    2.001933] pci 0000:00:03.1: PME# supported from D0 D3hot D3cold
[    2.002122] pci 0000:00:04.0: [1022:1482] type 00 class 0x060000 conventional PCI endpoint
[    2.002220] pci 0000:00:05.0: [1022:1482] type 00 class 0x060000 conventional PCI endpoint
[    2.002315] pci 0000:00:07.0: [1022:1482] type 00 class 0x060000 conventional PCI endpoint
[    2.002412] pci 0000:00:07.1: [1022:1484] type 01 class 0x060400 PCIe Root Port
[    2.002434] pci 0000:00:07.1: PCI bridge to [bus 09]
[    2.002454] pci 0000:00:07.1: enabling Extended Tags
[    2.002507] pci 0000:00:07.1: PME# supported from D0 D3hot D3cold
[    2.002695] pci 0000:00:08.0: [1022:1482] type 00 class 0x060000 conventional PCI endpoint
[    2.002794] pci 0000:00:08.1: [1022:1484] type 01 class 0x060400 PCIe Root Port
[    2.002816] pci 0000:00:08.1: PCI bridge to [bus 0a]
[    2.002826] pci 0000:00:08.1:   bridge window [mem 0xf3e00000-0xf3efffff]
[    2.002843] pci 0000:00:08.1: enabling Extended Tags
[    2.002899] pci 0000:00:08.1: PME# supported from D0 D3hot D3cold
[    2.003100] pci 0000:00:14.0: [1022:790b] type 00 class 0x0c0500 conventional PCI endpoint
[    2.003249] pci 0000:00:14.3: [1022:790e] type 00 class 0x060100 conventional PCI endpoint
[    2.003419] pci 0000:00:18.0: [1022:1490] type 00 class 0x060000 conventional PCI endpoint
[    2.003486] pci 0000:00:18.1: [1022:1491] type 00 class 0x060000 conventional PCI endpoint
[    2.003550] pci 0000:00:18.2: [1022:1492] type 00 class 0x060000 conventional PCI endpoint
[    2.003611] pci 0000:00:18.3: [1022:1493] type 00 class 0x060000 conventional PCI endpoint
[    2.003678] pci 0000:00:18.4: [1022:1494] type 00 class 0x060000 conventional PCI endpoint
[    2.003741] pci 0000:00:18.5: [1022:1495] type 00 class 0x060000 conventional PCI endpoint
[    2.003803] pci 0000:00:18.6: [1022:1496] type 00 class 0x060000 conventional PCI endpoint
[    2.003867] pci 0000:00:18.7: [1022:1497] type 00 class 0x060000 conventional PCI endpoint
[    2.004020] pci 0000:01:00.0: [8086:e2ff] type 01 class 0x060400 PCIe Switch Upstream Port
[    2.004048] pci 0000:01:00.0: BAR 0 [mem 0x20005000000-0x200057fffff 64bit pref]
[    2.004057] pci 0000:01:00.0: PCI bridge to [bus 02-04]
[    2.004068] pci 0000:01:00.0:   bridge window [mem 0xf3a00000-0xf3cfffff]
[    2.004082] pci 0000:01:00.0:   bridge window [mem 0x1f000000000-0x20004ffffff 64bit pref]
[    2.004170] pci 0000:01:00.0: PME# supported from D0 D3hot D3cold
[    2.004287] pci 0000:01:00.0: 252.048 Gb/s available PCIe bandwidth, limited by 16.0 GT/s PCIe x16 link at 0000:00:01.1 (capable of 504.112 Gb/s with 32.0 GT/s PCIe x16 link)
[    2.004388] pci 0000:00:01.1: PCI bridge to [bus 01-04]
[    2.004467] pci 0000:02:01.0: [8086:e2f0] type 01 class 0x060400 PCIe Switch Downstream Port
[    2.004498] pci 0000:02:01.0: PCI bridge to [bus 03]
[    2.004508] pci 0000:02:01.0:   bridge window [mem 0xf3a00000-0xf3bfffff]
[    2.004523] pci 0000:02:01.0:   bridge window [mem 0x1f000000000-0x20004ffffff 64bit pref]
[    2.004590] pci 0000:02:01.0: PME# supported from D0 D3hot D3cold
[    2.004740] pci 0000:02:02.0: [8086:e2f1] type 01 class 0x060400 PCIe Switch Downstream Port
[    2.004781] pci 0000:02:02.0: PCI bridge to [bus 04]
[    2.004793] pci 0000:02:02.0:   bridge window [mem 0xf3c00000-0xf3cfffff]
[    2.004895] pci 0000:02:02.0: PME# supported from D0 D3hot D3cold
[    2.005054] pci 0000:01:00.0: PCI bridge to [bus 02-04]
[    2.005148] pci 0000:03:00.0: [8086:e223] type 00 class 0x030000 PCIe Endpoint
[    2.005194] pci 0000:03:00.0: BAR 0 [mem 0x20004000000-0x20004ffffff 64bit pref]
[    2.005203] pci 0000:03:00.0: BAR 2 [mem 0x1f000000000-0x1f7ffffffff 64bit pref]
[    2.005212] pci 0000:03:00.0: ROM [mem 0xf3a00000-0xf3bfffff pref]
[    2.005312] pci 0000:03:00.0: PME# supported from D0 D3hot
[    2.005365] pci 0000:03:00.0: VF BAR 0 [mem 0x20000000000-0x20000ffffff 64bit pref]
[    2.005372] pci 0000:03:00.0: VF BAR 0 [mem 0x20000000000-0x20003ffffff 64bit pref]: contains BAR 0 for 4 VFs
[    2.005381] pci 0000:03:00.0: VF BAR 2 [mem 0x1f800000000-0x1f9ffffffff 64bit pref]
[    2.005388] pci 0000:03:00.0: VF BAR 2 [mem 0x1f800000000-0x1ffffffffff 64bit pref]: contains BAR 2 for 4 VFs
[    2.005600] pci 0000:02:01.0: PCI bridge to [bus 03]
[    2.005719] pci 0000:04:00.0: [8086:e2f7] type 00 class 0x040300 PCIe Endpoint
[    2.005788] pci 0000:04:00.0: BAR 0 [mem 0xf3c00000-0xf3c03fff 64bit]
[    2.005907] pci 0000:04:00.0: PME# supported from D3hot D3cold
[    2.006074] pci 0000:02:02.0: PCI bridge to [bus 04]
[    2.006198] pci 0000:05:00.0: [8086:e2ff] type 01 class 0x060400 PCIe Switch Upstream Port
[    2.006226] pci 0000:05:00.0: BAR 0 [mem 0x1e805000000-0x1e8057fffff 64bit pref]
[    2.006235] pci 0000:05:00.0: PCI bridge to [bus 06-08]
[    2.006246] pci 0000:05:00.0:   bridge window [mem 0xf3600000-0xf38fffff]
[    2.006260] pci 0000:05:00.0:   bridge window [mem 0x1d800000000-0x1e804ffffff 64bit pref]
[    2.006349] pci 0000:05:00.0: PME# supported from D0 D3hot D3cold
[    2.006466] pci 0000:05:00.0: 252.048 Gb/s available PCIe bandwidth, limited by 16.0 GT/s PCIe x16 link at 0000:00:03.1 (capable of 504.112 Gb/s with 32.0 GT/s PCIe x16 link)
[    2.006566] pci 0000:00:03.1: PCI bridge to [bus 05-08]
[    2.006647] pci 0000:06:01.0: [8086:e2f0] type 01 class 0x060400 PCIe Switch Downstream Port
[    2.006678] pci 0000:06:01.0: PCI bridge to [bus 07]
[    2.006688] pci 0000:06:01.0:   bridge window [mem 0xf3600000-0xf37fffff]
[    2.006703] pci 0000:06:01.0:   bridge window [mem 0x1d800000000-0x1e804ffffff 64bit pref]
[    2.006771] pci 0000:06:01.0: PME# supported from D0 D3hot D3cold
[    2.006919] pci 0000:06:02.0: [8086:e2f1] type 01 class 0x060400 PCIe Switch Downstream Port
[    2.006960] pci 0000:06:02.0: PCI bridge to [bus 08]
[    2.006972] pci 0000:06:02.0:   bridge window [mem 0xf3800000-0xf38fffff]
[    2.007074] pci 0000:06:02.0: PME# supported from D0 D3hot D3cold
[    2.007233] pci 0000:05:00.0: PCI bridge to [bus 06-08]
[    2.007326] pci 0000:07:00.0: [8086:e223] type 00 class 0x030000 PCIe Endpoint
[    2.007372] pci 0000:07:00.0: BAR 0 [mem 0x1e804000000-0x1e804ffffff 64bit pref]
[    2.007381] pci 0000:07:00.0: BAR 2 [mem 0x1d800000000-0x1dfffffffff 64bit pref]
[    2.007391] pci 0000:07:00.0: ROM [mem 0xf3600000-0xf37fffff pref]
[    2.007491] pci 0000:07:00.0: PME# supported from D0 D3hot
[    2.007544] pci 0000:07:00.0: VF BAR 0 [mem 0x1e800000000-0x1e800ffffff 64bit pref]
[    2.007551] pci 0000:07:00.0: VF BAR 0 [mem 0x1e800000000-0x1e803ffffff 64bit pref]: contains BAR 0 for 4 VFs
[    2.007561] pci 0000:07:00.0: VF BAR 2 [mem 0x1e000000000-0x1e1ffffffff 64bit pref]
[    2.007567] pci 0000:07:00.0: VF BAR 2 [mem 0x1e000000000-0x1e7ffffffff 64bit pref]: contains BAR 2 for 4 VFs
[    2.007785] pci 0000:06:01.0: PCI bridge to [bus 07]
[    2.007900] pci 0000:08:00.0: [8086:e2f7] type 00 class 0x040300 PCIe Endpoint
[    2.007971] pci 0000:08:00.0: BAR 0 [mem 0xf3800000-0xf3803fff 64bit]
[    2.008092] pci 0000:08:00.0: PME# supported from D3hot D3cold
[    2.008259] pci 0000:06:02.0: PCI bridge to [bus 08]
[    2.008376] pci 0000:09:00.0: [1022:148a] type 00 class 0x130000 PCIe Endpoint
[    2.008413] pci 0000:09:00.0: enabling Extended Tags
[    2.008625] pci 0000:00:07.1: PCI bridge to [bus 09]
[    2.008732] pci 0000:0a:00.0: [1022:1485] type 00 class 0x130000 PCIe Endpoint
[    2.008773] pci 0000:0a:00.0: enabling Extended Tags
[    2.009008] pci 0000:0a:00.3: [1022:148c] type 00 class 0x0c0330 PCIe Endpoint
[    2.009043] pci 0000:0a:00.3: BAR 0 [mem 0xf3e00000-0xf3efffff 64bit]
[    2.009057] pci 0000:0a:00.3: enabling Extended Tags
[    2.009114] pci 0000:0a:00.3: PME# supported from D0 D3hot D3cold
[    2.009272] pci 0000:00:08.1: PCI bridge to [bus 0a]
[    2.011519] ACPI: PCI: Interrupt link LNKA configured for IRQ 0
[    2.011604] ACPI: PCI: Interrupt link LNKB configured for IRQ 0
[    2.011683] ACPI: PCI: Interrupt link LNKC configured for IRQ 0
[    2.011775] ACPI: PCI: Interrupt link LNKD configured for IRQ 0
[    2.011858] ACPI: PCI: Interrupt link LNKE configured for IRQ 0
[    2.011928] ACPI: PCI: Interrupt link LNKF configured for IRQ 0
[    2.011998] ACPI: PCI: Interrupt link LNKG configured for IRQ 0
[    2.012067] ACPI: PCI: Interrupt link LNKH configured for IRQ 0
[    2.013421] iommu: Default domain type: Translated
[    2.013421] iommu: DMA domain TLB invalidation policy: lazy mode
[    2.013867] SCSI subsystem initialized
[    2.013882] libata version 3.00 loaded.
[    2.013882] ACPI: bus type USB registered
[    2.013882] usbcore: registered new interface driver usbfs
[    2.013882] usbcore: registered new interface driver hub
[    2.013882] usbcore: registered new device driver usb
[    2.024780] pps_core: LinuxPPS API ver. 1 registered
[    2.024786] pps_core: Software ver. 5.3.6 - Copyright 2005-2007 Rodolfo Giometti <giometti@linux.it>
[    2.024795] PTP clock support registered
[    2.024830] EDAC MC: Ver: 3.0.0
[    2.024927] efivars: Registered efivars operations
[    2.025821] NetLabel: Initializing
[    2.025826] NetLabel:  domain hash size = 128
[    2.025830] NetLabel:  protocols = UNLABELED CIPSOv4 CALIPSO
[    2.025855] NetLabel:  unlabeled traffic allowed by default
[    2.025880] mctp: management component transport protocol core
[    2.025880] NET: Registered PF_MCTP protocol family
[    2.025880] PCI: Using ACPI for IRQ routing
[    2.028760] PCI: pci_cache_line_size set to 64 bytes
[    2.028977] e820: register RAM buffer resource [mem 0x09cef000-0x0bffffff]
[    2.028984] e820: register RAM buffer resource [mem 0xb0848000-0xb3ffffff]
[    2.028989] e820: register RAM buffer resource [mem 0xb1423000-0xb3ffffff]
[    2.028995] e820: register RAM buffer resource [mem 0xb5c31000-0xb7ffffff]
[    2.029000] e820: register RAM buffer resource [mem 0x203f300000-0x203fffffff]
[    2.029117] pci 0000:68:00.0: vgaarb: setting as boot VGA device
[    2.029117] pci 0000:68:00.0: vgaarb: bridge control possible
[    2.029117] pci 0000:68:00.0: vgaarb: VGA device added: decodes=io+mem,owns=io+mem,locks=none
[    2.029117] pci 0000:43:00.0: vgaarb: bridge control possible
[    2.029117] pci 0000:43:00.0: vgaarb: VGA device added: decodes=io+mem,owns=none,locks=none
[    2.029117] pci 0000:47:00.0: vgaarb: bridge control possible
[    2.029117] pci 0000:47:00.0: vgaarb: VGA device added: decodes=io+mem,owns=none,locks=none
[    2.029117] pci 0000:03:00.0: vgaarb: bridge control possible
[    2.029117] pci 0000:03:00.0: vgaarb: VGA device added: decodes=io+mem,owns=none,locks=none
[    2.029117] pci 0000:07:00.0: vgaarb: bridge control possible
[    2.029117] pci 0000:07:00.0: vgaarb: VGA device added: decodes=io+mem,owns=none,locks=none
[    2.029117] vgaarb: loaded
[    2.029117] clocksource: Switched to clocksource tsc-early
[    2.029117] VFS: Disk quotas dquot_6.6.0
[    2.029117] VFS: Dquot-cache hash table entries: 512 (order 0, 4096 bytes)
[    2.029158] AppArmor: AppArmor Filesystem Enabled
[    2.029212] acpi PNP0C02:00: Reserved [mem 0xf4100000-0xf41fffff]
[    2.029261] acpi PNP0C01:00: Reserved [mem 0xe0000000-0xefffffff]
[    2.029562] acpi PNP0C02:01: Reserved [io  0x0a00-0x0a0f]
[    2.029568] acpi PNP0C02:01: Reserved [io  0x0a10-0x0a1f]
[    2.029574] acpi PNP0C02:01: Reserved [io  0x0a20-0x0a2f]
[    2.029580] acpi PNP0C02:01: Reserved [io  0x0a30-0x0a3f]
[    2.029586] acpi PNP0C02:01: Reserved [io  0x0a40-0x0a4f]
[    2.029852] acpi PNP0C02:02: Skipped [io  0x0010-0x001f]
[    2.029858] acpi PNP0C02:02: Skipped [io  0x0022-0x003f]
[    2.029863] acpi PNP0C02:02: Skipped [io  0x0063]
[    2.029868] acpi PNP0C02:02: Skipped [io  0x0065]
[    2.029873] acpi PNP0C02:02: Skipped [io  0x0067-0x006f]
[    2.029878] acpi PNP0C02:02: Skipped [io  0x0072-0x007f]
[    2.029883] acpi PNP0C02:02: Skipped [io  0x0080]
[    2.029888] acpi PNP0C02:02: Skipped [io  0x0084-0x0086]
[    2.029893] acpi PNP0C02:02: Skipped [io  0x0088]
[    2.029898] acpi PNP0C02:02: Skipped [io  0x008c-0x008e]
[    2.029903] acpi PNP0C02:02: Skipped [io  0x0090-0x009f]
[    2.029908] acpi PNP0C02:02: Skipped [io  0x00a2-0x00bf]
[    2.029913] acpi PNP0C02:02: Skipped [io  0x00b1]
[    2.029918] acpi PNP0C02:02: Skipped [io  0x00e0-0x00ef]
[    2.029923] acpi PNP0C02:02: Reserved [io  0x04d0-0x04d1]
[    2.029929] acpi PNP0C02:02: Reserved [io  0x040b]
[    2.029934] acpi PNP0C02:02: Reserved [io  0x04d6]
[    2.029939] acpi PNP0C02:02: Reserved [io  0x0c00-0x0c01]
[    2.029944] acpi PNP0C02:02: Reserved [io  0x0c14]
[    2.029950] acpi PNP0C02:02: Reserved [io  0x0c50-0x0c51]
[    2.029956] acpi PNP0C02:02: Reserved [io  0x0c52]
[    2.029961] acpi PNP0C02:02: Reserved [io  0x0c6c]
[    2.029966] acpi PNP0C02:02: Reserved [io  0x0c6f]
[    2.029971] acpi PNP0C02:02: Reserved [io  0x0cd8-0x0cdf]
[    2.029976] acpi PNP0C02:02: Reserved [io  0x0800-0x089f]
[    2.029981] acpi PNP0C02:02: Reserved [io  0x0b00-0x0b0f]
[    2.029986] acpi PNP0C02:02: Reserved [io  0x0b20-0x0b3f]
[    2.029992] acpi PNP0C02:02: Reserved [io  0x0900-0x090f]
[    2.029997] acpi PNP0C02:02: Reserved [io  0x0910-0x091f]
[    2.030003] acpi PNP0C02:02: Could not reserve [mem 0xfec00000-0xfec00fff]
[    2.030009] acpi PNP0C02:02: Reserved [mem 0xfedc0000-0xfedc0fff]
[    2.030014] acpi PNP0C02:02: Reserved [mem 0xfee00000-0xfee00fff]
[    2.030020] acpi PNP0C02:02: Could not reserve [mem 0xfed80000-0xfed8ffff]
[    2.030026] acpi PNP0C02:02: Reserved [mem 0xfec10000-0xfec10fff]
[    2.030032] acpi PNP0C02:02: Reserved [mem 0xff000000-0xffffffff]
[    2.030070] pnp: PnP ACPI init
[    2.032614] pnp 00:01: [dma 0 disabled]
[    2.032986] pnp 00:02: [dma 0 disabled]
[    2.034110] pnp: PnP ACPI: found 3 devices
[    2.040601] clocksource: acpi_pm: mask: 0xffffff max_cycles: 0xffffff, max_idle_ns: 2085701024 ns
[    2.040704] NET: Registered PF_INET protocol family
[    2.040835] IP idents hash table entries: 262144 (order: 9, 2097152 bytes, linear)
[    2.060440] tcp_listen_portaddr_hash hash table entries: 65536 (order: 8, 1048576 bytes, linear)
[    2.060522] Table-perturb hash table entries: 65536 (order: 6, 262144 bytes, linear)
[    2.060753] TCP established hash table entries: 524288 (order: 10, 4194304 bytes, linear)
[    2.061194] TCP bind hash table entries: 65536 (order: 9, 2097152 bytes, linear)
[    2.061278] TCP: Hash tables configured (established 524288 bind 65536)
[    2.061506] MPTCP token hash table entries: 65536 (order: 9, 1572864 bytes, linear)
[    2.061800] UDP hash table entries: 65536 (order: 10, 4194304 bytes, linear)
[    2.062239] UDP-Lite hash table entries: 65536 (order: 10, 4194304 bytes, linear)
[    2.062578] NET: Registered PF_UNIX/PF_LOCAL protocol family
[    2.062594] NET: Registered PF_XDP protocol family
[    2.062632] pci 0000:62:03.0: PCI bridge to [bus 63]
[    2.062644] pci 0000:62:03.0:   bridge window [mem 0xcd600000-0xcd6fffff]
[    2.062661] pci 0000:62:08.0: PCI bridge to [bus 64]
[    2.062670] pci 0000:62:08.0:   bridge window [mem 0xcd200000-0xcd3fffff]
[    2.062685] pci 0000:62:09.0: PCI bridge to [bus 65]
[    2.062694] pci 0000:62:09.0:   bridge window [mem 0xcd500000-0xcd5fffff]
[    2.062709] pci 0000:62:0a.0: PCI bridge to [bus 66]
[    2.062718] pci 0000:62:0a.0:   bridge window [mem 0xcd400000-0xcd4fffff]
[    2.062733] pci 0000:61:00.0: PCI bridge to [bus 62-66]
[    2.062742] pci 0000:61:00.0:   bridge window [mem 0xcd200000-0xcd6fffff]
[    2.062757] pci 0000:60:03.1: PCI bridge to [bus 61-66]
[    2.062764] pci 0000:60:03.1:   bridge window [mem 0xcd200000-0xcd6fffff]
[    2.062775] pci 0000:67:00.0: PCI bridge to [bus 68]
[    2.062782] pci 0000:67:00.0:   bridge window [io  0xf000-0xffff]
[    2.062791] pci 0000:67:00.0:   bridge window [mem 0xcc000000-0xcd0fffff]
[    2.062803] pci 0000:60:03.2: PCI bridge to [bus 67-68]
[    2.062809] pci 0000:60:03.2:   bridge window [io  0xf000-0xffff]
[    2.062816] pci 0000:60:03.2:   bridge window [mem 0xcc000000-0xcd0fffff]
[    2.062830] pci 0000:60:03.3: PCI bridge to [bus 69-6a]
[    2.062837] pci 0000:60:03.3:   bridge window [mem 0xcd700000-0xcd7fffff]
[    2.062844] pci 0000:60:03.3:   bridge window [mem 0x1401e000000-0x14020afffff 64bit pref]
[    2.062854] pci 0000:60:07.1: PCI bridge to [bus 6b]
[    2.062865] pci 0000:60:08.1: PCI bridge to [bus 6c]
[    2.062876] pci_bus 0000:60: resource 4 [io  0x03b0-0x03df window]
[    2.062882] pci_bus 0000:60: resource 5 [io  0xa000-0xffff window]
[    2.062888] pci_bus 0000:60: resource 6 [mem 0x000a0000-0x000bffff window]
[    2.062894] pci_bus 0000:60: resource 7 [mem 0xca000000-0xcdffffff window]
[    2.062900] pci_bus 0000:60: resource 8 [mem 0x10021000000-0x14020ffffff window]
[    2.062907] pci_bus 0000:61: resource 1 [mem 0xcd200000-0xcd6fffff]
[    2.062913] pci_bus 0000:62: resource 1 [mem 0xcd200000-0xcd6fffff]
[    2.062919] pci_bus 0000:63: resource 1 [mem 0xcd600000-0xcd6fffff]
[    2.062925] pci_bus 0000:64: resource 1 [mem 0xcd200000-0xcd3fffff]
[    2.062931] pci_bus 0000:65: resource 1 [mem 0xcd500000-0xcd5fffff]
[    2.062937] pci_bus 0000:66: resource 1 [mem 0xcd400000-0xcd4fffff]
[    2.062943] pci_bus 0000:67: resource 0 [io  0xf000-0xffff]
[    2.062949] pci_bus 0000:67: resource 1 [mem 0xcc000000-0xcd0fffff]
[    2.062955] pci_bus 0000:68: resource 0 [io  0xf000-0xffff]
[    2.062961] pci_bus 0000:68: resource 1 [mem 0xcc000000-0xcd0fffff]
[    2.062967] pci_bus 0000:69: resource 1 [mem 0xcd700000-0xcd7fffff]
[    2.062972] pci_bus 0000:69: resource 2 [mem 0x1401e000000-0x14020afffff 64bit pref]
[    2.063082] pci 0000:42:01.0: PCI bridge to [bus 43]
[    2.063091] pci 0000:42:01.0:   bridge window [mem 0xc9c00000-0xc9dfffff]
[    2.063099] pci 0000:42:01.0:   bridge window [mem 0x17000000000-0x18004ffffff 64bit pref]
[    2.063110] pci 0000:42:02.0: PCI bridge to [bus 44]
[    2.063119] pci 0000:42:02.0:   bridge window [mem 0xc9e00000-0xc9efffff]
[    2.063134] pci 0000:41:00.0: PCI bridge to [bus 42-44]
[    2.063142] pci 0000:41:00.0:   bridge window [mem 0xc9c00000-0xc9efffff]
[    2.063150] pci 0000:41:00.0:   bridge window [mem 0x17000000000-0x18004ffffff 64bit pref]
[    2.063160] pci 0000:40:01.1: PCI bridge to [bus 41-44]
[    2.063167] pci 0000:40:01.1:   bridge window [mem 0xc9c00000-0xc9efffff]
[    2.063174] pci 0000:40:01.1:   bridge window [mem 0x17000000000-0x180057fffff 64bit pref]
[    2.063185] pci 0000:46:01.0: PCI bridge to [bus 47]
[    2.063193] pci 0000:46:01.0:   bridge window [mem 0xc9800000-0xc99fffff]
[    2.063201] pci 0000:46:01.0:   bridge window [mem 0x15800000000-0x16804ffffff 64bit pref]
[    2.063213] pci 0000:46:02.0: PCI bridge to [bus 48]
[    2.063222] pci 0000:46:02.0:   bridge window [mem 0xc9a00000-0xc9afffff]
[    2.063237] pci 0000:45:00.0: PCI bridge to [bus 46-48]
[    2.063245] pci 0000:45:00.0:   bridge window [mem 0xc9800000-0xc9afffff]
[    2.063252] pci 0000:45:00.0:   bridge window [mem 0x15800000000-0x16804ffffff 64bit pref]
[    2.063263] pci 0000:40:03.1: PCI bridge to [bus 45-48]
[    2.063270] pci 0000:40:03.1:   bridge window [mem 0xc9800000-0xc9afffff]
[    2.063278] pci 0000:40:03.1:   bridge window [mem 0x15800000000-0x168057fffff 64bit pref]
[    2.063288] pci 0000:40:07.1: PCI bridge to [bus 49]
[    2.063299] pci 0000:40:08.1: PCI bridge to [bus 4a]
[    2.063310] pci_bus 0000:40: resource 4 [io  0x7000-0x9fff window]
[    2.063315] pci_bus 0000:40: resource 5 [mem 0xc6000000-0xc9ffffff window]
[    2.063321] pci_bus 0000:40: resource 6 [mem 0x14021000000-0x18020ffffff window]
[    2.063328] pci_bus 0000:41: resource 1 [mem 0xc9c00000-0xc9efffff]
[    2.063334] pci_bus 0000:41: resource 2 [mem 0x17000000000-0x180057fffff 64bit pref]
[    2.063341] pci_bus 0000:42: resource 1 [mem 0xc9c00000-0xc9efffff]
[    2.063346] pci_bus 0000:42: resource 2 [mem 0x17000000000-0x18004ffffff 64bit pref]
[    2.063353] pci_bus 0000:43: resource 1 [mem 0xc9c00000-0xc9dfffff]
[    2.063359] pci_bus 0000:43: resource 2 [mem 0x17000000000-0x18004ffffff 64bit pref]
[    2.063366] pci_bus 0000:44: resource 1 [mem 0xc9e00000-0xc9efffff]
[    2.063372] pci_bus 0000:45: resource 1 [mem 0xc9800000-0xc9afffff]
[    2.063377] pci_bus 0000:45: resource 2 [mem 0x15800000000-0x168057fffff 64bit pref]
[    2.063384] pci_bus 0000:46: resource 1 [mem 0xc9800000-0xc9afffff]
[    2.063390] pci_bus 0000:46: resource 2 [mem 0x15800000000-0x16804ffffff 64bit pref]
[    2.063397] pci_bus 0000:47: resource 1 [mem 0xc9800000-0xc99fffff]
[    2.063403] pci_bus 0000:47: resource 2 [mem 0x15800000000-0x16804ffffff 64bit pref]
[    2.063410] pci_bus 0000:48: resource 1 [mem 0xc9a00000-0xc9afffff]
[    2.063469] pci 0000:20:07.1: PCI bridge to [bus 21]
[    2.063481] pci 0000:20:08.1: PCI bridge to [bus 22]
[    2.063488] pci 0000:20:08.1:   bridge window [mem 0xc3d00000-0xc3ffffff]
[    2.063498] pci_bus 0000:20: resource 4 [io  0x4000-0x6fff window]
[    2.063504] pci_bus 0000:20: resource 5 [mem 0xc0000000-0xc3ffffff window]
[    2.063510] pci_bus 0000:20: resource 6 [mem 0x18081000000-0x1c080ffffff window]
[    2.063517] pci_bus 0000:22: resource 1 [mem 0xc3d00000-0xc3ffffff]
[    2.063583] pci 0000:02:01.0: PCI bridge to [bus 03]
[    2.063592] pci 0000:02:01.0:   bridge window [mem 0xf3a00000-0xf3bfffff]
[    2.063600] pci 0000:02:01.0:   bridge window [mem 0x1f000000000-0x20004ffffff 64bit pref]
[    2.063611] pci 0000:02:02.0: PCI bridge to [bus 04]
[    2.063620] pci 0000:02:02.0:   bridge window [mem 0xf3c00000-0xf3cfffff]
[    2.063635] pci 0000:01:00.0: PCI bridge to [bus 02-04]
[    2.063643] pci 0000:01:00.0:   bridge window [mem 0xf3a00000-0xf3cfffff]
[    2.063651] pci 0000:01:00.0:   bridge window [mem 0x1f000000000-0x20004ffffff 64bit pref]
[    2.063661] pci 0000:00:01.1: PCI bridge to [bus 01-04]
[    2.063668] pci 0000:00:01.1:   bridge window [mem 0xf3a00000-0xf3cfffff]
[    2.063676] pci 0000:00:01.1:   bridge window [mem 0x1f000000000-0x200057fffff 64bit pref]
[    2.063687] pci 0000:06:01.0: PCI bridge to [bus 07]
[    2.063695] pci 0000:06:01.0:   bridge window [mem 0xf3600000-0xf37fffff]
[    2.063703] pci 0000:06:01.0:   bridge window [mem 0x1d800000000-0x1e804ffffff 64bit pref]
[    2.063714] pci 0000:06:02.0: PCI bridge to [bus 08]
[    2.063724] pci 0000:06:02.0:   bridge window [mem 0xf3800000-0xf38fffff]
[    2.063738] pci 0000:05:00.0: PCI bridge to [bus 06-08]
[    2.063746] pci 0000:05:00.0:   bridge window [mem 0xf3600000-0xf38fffff]
[    2.063754] pci 0000:05:00.0:   bridge window [mem 0x1d800000000-0x1e804ffffff 64bit pref]
[    2.063764] pci 0000:00:03.1: PCI bridge to [bus 05-08]
[    2.063771] pci 0000:00:03.1:   bridge window [mem 0xf3600000-0xf38fffff]
[    2.063779] pci 0000:00:03.1:   bridge window [mem 0x1d800000000-0x1e8057fffff 64bit pref]
[    2.063789] pci 0000:00:07.1: PCI bridge to [bus 09]
[    2.063800] pci 0000:00:08.1: PCI bridge to [bus 0a]
[    2.063807] pci 0000:00:08.1:   bridge window [mem 0xf3e00000-0xf3efffff]
[    2.063821] pci_bus 0000:00: resource 4 [io  0x0000-0x03af window]
[    2.063827] pci_bus 0000:00: resource 5 [io  0x03e0-0x0cf7 window]
[    2.063833] pci_bus 0000:00: resource 6 [io  0x1000-0x3fff window]
[    2.063839] pci_bus 0000:00: resource 7 [mem 0x000c0000-0x000dffff window]
[    2.063845] pci_bus 0000:00: resource 8 [mem 0xf0000000-0xf3ffffff window]
[    2.063851] pci_bus 0000:00: resource 9 [mem 0x1c081000000-0x20080ffffff window]
[    2.063858] pci_bus 0000:01: resource 1 [mem 0xf3a00000-0xf3cfffff]
[    2.063863] pci_bus 0000:01: resource 2 [mem 0x1f000000000-0x200057fffff 64bit pref]
[    2.063870] pci_bus 0000:02: resource 1 [mem 0xf3a00000-0xf3cfffff]
[    2.063876] pci_bus 0000:02: resource 2 [mem 0x1f000000000-0x20004ffffff 64bit pref]
[    2.063883] pci_bus 0000:03: resource 1 [mem 0xf3a00000-0xf3bfffff]
[    2.063888] pci_bus 0000:03: resource 2 [mem 0x1f000000000-0x20004ffffff 64bit pref]
[    2.063895] pci_bus 0000:04: resource 1 [mem 0xf3c00000-0xf3cfffff]
[    2.063901] pci_bus 0000:05: resource 1 [mem 0xf3600000-0xf38fffff]
[    2.063907] pci_bus 0000:05: resource 2 [mem 0x1d800000000-0x1e8057fffff 64bit pref]
[    2.063914] pci_bus 0000:06: resource 1 [mem 0xf3600000-0xf38fffff]
[    2.063920] pci_bus 0000:06: resource 2 [mem 0x1d800000000-0x1e804ffffff 64bit pref]
[    2.063926] pci_bus 0000:07: resource 1 [mem 0xf3600000-0xf37fffff]
[    2.063932] pci_bus 0000:07: resource 2 [mem 0x1d800000000-0x1e804ffffff 64bit pref]
[    2.063939] pci_bus 0000:08: resource 1 [mem 0xf3800000-0xf38fffff]
[    2.063945] pci_bus 0000:0a: resource 1 [mem 0xf3e00000-0xf3efffff]
[    2.064924] PCI: CLS 64 bytes, default 64
[    2.064951] pci 0000:60:00.2: AMD-Vi: IOMMU performance counters supported
[    2.065006] Trying to unpack rootfs image as initramfs...
[    2.065089] pci 0000:60:01.0: Adding to iommu group 0
[    2.065152] pci 0000:60:02.0: Adding to iommu group 1
[    2.065285] pci 0000:60:03.0: Adding to iommu group 2
[    2.065323] pci 0000:60:03.1: Adding to iommu group 3
[    2.065361] pci 0000:60:03.2: Adding to iommu group 4
[    2.065400] pci 0000:60:03.3: Adding to iommu group 5
[    2.065461] pci 0000:60:04.0: Adding to iommu group 6
[    2.065521] pci 0000:60:05.0: Adding to iommu group 7
[    2.065605] pci 0000:60:07.0: Adding to iommu group 8
[    2.065642] pci 0000:60:07.1: Adding to iommu group 9
[    2.065729] pci 0000:60:08.0: Adding to iommu group 10
[    2.065767] pci 0000:60:08.1: Adding to iommu group 11
[    2.065804] pci 0000:61:00.0: Adding to iommu group 12
[    2.065870] pci 0000:62:03.0: Adding to iommu group 13
[    2.065933] pci 0000:62:08.0: Adding to iommu group 14
[    2.065997] pci 0000:62:09.0: Adding to iommu group 15
[    2.066057] pci 0000:62:0a.0: Adding to iommu group 16
[    2.066106] pci 0000:63:00.0: Adding to iommu group 17
[    2.066116] pci 0000:64:00.0: Adding to iommu group 14
[    2.066126] pci 0000:64:00.1: Adding to iommu group 14
[    2.066136] pci 0000:64:00.3: Adding to iommu group 14
[    2.066145] pci 0000:65:00.0: Adding to iommu group 15
[    2.066155] pci 0000:66:00.0: Adding to iommu group 16
[    2.066195] pci 0000:67:00.0: Adding to iommu group 18
[    2.066206] pci 0000:68:00.0: Adding to iommu group 18
[    2.066247] pci 0000:69:00.0: Adding to iommu group 19
[    2.066288] pci 0000:69:00.1: Adding to iommu group 20
[    2.066325] pci 0000:6b:00.0: Adding to iommu group 21
[    2.066364] pci 0000:6c:00.0: Adding to iommu group 22
[    2.069654] pci 0000:40:00.2: AMD-Vi: IOMMU performance counters supported
[    2.069807] pci 0000:40:01.0: Adding to iommu group 23
[    2.069916] pci 0000:40:01.1: Adding to iommu group 24
[    2.069978] pci 0000:40:02.0: Adding to iommu group 25
[    2.070042] pci 0000:40:03.0: Adding to iommu group 26
[    2.070081] pci 0000:40:03.1: Adding to iommu group 27
[    2.070147] pci 0000:40:04.0: Adding to iommu group 28
[    2.070207] pci 0000:40:05.0: Adding to iommu group 29
[    2.070267] pci 0000:40:07.0: Adding to iommu group 30
[    2.070305] pci 0000:40:07.1: Adding to iommu group 31
[    2.070366] pci 0000:40:08.0: Adding to iommu group 32
[    2.070406] pci 0000:40:08.1: Adding to iommu group 33
[    2.070444] pci 0000:41:00.0: Adding to iommu group 34
[    2.070483] pci 0000:42:01.0: Adding to iommu group 35
[    2.070523] pci 0000:42:02.0: Adding to iommu group 36
[    2.070563] pci 0000:43:00.0: Adding to iommu group 37
[    2.070602] pci 0000:44:00.0: Adding to iommu group 38
[    2.070640] pci 0000:45:00.0: Adding to iommu group 39
[    2.070683] pci 0000:46:01.0: Adding to iommu group 40
[    2.070725] pci 0000:46:02.0: Adding to iommu group 41
[    2.070765] pci 0000:47:00.0: Adding to iommu group 42
[    2.070803] pci 0000:48:00.0: Adding to iommu group 43
[    2.070844] pci 0000:49:00.0: Adding to iommu group 44
[    2.070883] pci 0000:4a:00.0: Adding to iommu group 45
[    2.074785] pci 0000:20:00.2: AMD-Vi: IOMMU performance counters supported
[    2.075002] pci 0000:20:01.0: Adding to iommu group 46
[    2.075063] pci 0000:20:02.0: Adding to iommu group 47
[    2.075129] pci 0000:20:03.0: Adding to iommu group 48
[    2.075189] pci 0000:20:04.0: Adding to iommu group 49
[    2.075249] pci 0000:20:05.0: Adding to iommu group 50
[    2.075310] pci 0000:20:07.0: Adding to iommu group 51
[    2.075351] pci 0000:20:07.1: Adding to iommu group 52
[    2.075413] pci 0000:20:08.0: Adding to iommu group 53
[    2.075452] pci 0000:20:08.1: Adding to iommu group 54
[    2.075491] pci 0000:21:00.0: Adding to iommu group 55
[    2.075530] pci 0000:22:00.0: Adding to iommu group 56
[    2.075569] pci 0000:22:00.1: Adding to iommu group 57
[    2.075608] pci 0000:22:00.3: Adding to iommu group 58
[    2.075647] pci 0000:22:00.4: Adding to iommu group 59
[    2.077763] pci 0000:00:00.2: AMD-Vi: IOMMU performance counters supported
[    2.077993] pci 0000:00:01.0: Adding to iommu group 60
[    2.078033] pci 0000:00:01.1: Adding to iommu group 61
[    2.078094] pci 0000:00:02.0: Adding to iommu group 62
[    2.078155] pci 0000:00:03.0: Adding to iommu group 63
[    2.078193] pci 0000:00:03.1: Adding to iommu group 64
[    2.078254] pci 0000:00:04.0: Adding to iommu group 65
[    2.078317] pci 0000:00:05.0: Adding to iommu group 66
[    2.078378] pci 0000:00:07.0: Adding to iommu group 67
[    2.078416] pci 0000:00:07.1: Adding to iommu group 68
[    2.078478] pci 0000:00:08.0: Adding to iommu group 69
[    2.078517] pci 0000:00:08.1: Adding to iommu group 70
[    2.078601] pci 0000:00:14.0: Adding to iommu group 71
[    2.078654] pci 0000:00:14.3: Adding to iommu group 71
[    2.078884] pci 0000:00:18.0: Adding to iommu group 72
[    2.078937] pci 0000:00:18.1: Adding to iommu group 72
[    2.078991] pci 0000:00:18.2: Adding to iommu group 72
[    2.079044] pci 0000:00:18.3: Adding to iommu group 72
[    2.079097] pci 0000:00:18.4: Adding to iommu group 72
[    2.079149] pci 0000:00:18.5: Adding to iommu group 72
[    2.079202] pci 0000:00:18.6: Adding to iommu group 72
[    2.079255] pci 0000:00:18.7: Adding to iommu group 72
[    2.079293] pci 0000:01:00.0: Adding to iommu group 73
[    2.079333] pci 0000:02:01.0: Adding to iommu group 74
[    2.079375] pci 0000:02:02.0: Adding to iommu group 75
[    2.079415] pci 0000:03:00.0: Adding to iommu group 76
[    2.079455] pci 0000:04:00.0: Adding to iommu group 77
[    2.079493] pci 0000:05:00.0: Adding to iommu group 78
[    2.079533] pci 0000:06:01.0: Adding to iommu group 79
[    2.079575] pci 0000:06:02.0: Adding to iommu group 80
[    2.079614] pci 0000:07:00.0: Adding to iommu group 81
[    2.079653] pci 0000:08:00.0: Adding to iommu group 82
[    2.079695] pci 0000:09:00.0: Adding to iommu group 83
[    2.079734] pci 0000:0a:00.0: Adding to iommu group 84
[    2.079776] pci 0000:0a:00.3: Adding to iommu group 85
[    2.084187] AMD-Vi: Extended features (0x5cf77ef22294a5a, 0x0): PPR NX GT IA PC GA_vAPIC
[    2.084210] AMD-Vi: Interrupt remapping enabled
[    2.084638] PCI-DMA: Using software bounce buffering for IO (SWIOTLB)
[    2.084645] software IO TLB: mapped [mem 0x00000000ac3a5000-0x00000000b03a5000] (64MB)
[    2.084705] LVT offset 0 assigned for vector 0x400
[    2.087039] perf: AMD IBS detected (0x000003ff)
[    2.087058] perf/amd_iommu: Detected AMD IOMMU #0 (2 banks, 4 counters/bank).
[    2.087068] perf/amd_iommu: Detected AMD IOMMU #1 (2 banks, 4 counters/bank).
[    2.087079] perf/amd_iommu: Detected AMD IOMMU #2 (2 banks, 4 counters/bank).
[    2.087089] perf/amd_iommu: Detected AMD IOMMU #3 (2 banks, 4 counters/bank).
[    2.088651] Initialise system trusted keyrings
[    2.088675] Key type blacklist registered
[    2.088724] workingset: timestamp_bits=36 max_order=25 bucket_order=0
[    2.089228] squashfs: version 4.0 (2009/01/31) Phillip Lougher
[    2.089375] fuse: init (API version 7.45)
[    2.089609] integrity: Platform Keyring initialized
[    2.089618] integrity: Machine keyring initialized
[    2.101718] Key type asymmetric registered
[    2.101724] Asymmetric key parser 'x509' registered
[    2.101770] Block layer SCSI generic (bsg) driver version 0.4 loaded (major 242)
[    2.101857] io scheduler mq-deadline registered
[    2.108463] ledtrig-cpu: registered to indicate activity on CPUs
[    2.108637] pcieport 0000:60:03.1: PME: Signaling with IRQ 31
[    2.108838] pcieport 0000:60:03.2: PME: Signaling with IRQ 32
[    2.109012] pcieport 0000:60:03.3: PME: Signaling with IRQ 33
[    2.109290] pcieport 0000:60:07.1: PME: Signaling with IRQ 35
[    2.109530] pcieport 0000:60:08.1: PME: Signaling with IRQ 37
[    2.110948] pcieport 0000:40:01.1: PME: Signaling with IRQ 44
[    2.111130] pcieport 0000:40:03.1: PME: Signaling with IRQ 45
[    2.111370] pcieport 0000:40:07.1: PME: Signaling with IRQ 47
[    2.111607] pcieport 0000:40:08.1: PME: Signaling with IRQ 49
[    2.112321] pcieport 0000:20:07.1: PME: Signaling with IRQ 53
[    2.112501] pcieport 0000:20:08.1: PME: Signaling with IRQ 54
[    2.112694] pcieport 0000:00:01.1: PME: Signaling with IRQ 55
[    2.112868] pcieport 0000:00:03.1: PME: Signaling with IRQ 56
[    2.113129] pcieport 0000:00:07.1: PME: Signaling with IRQ 58
[    2.113310] pcieport 0000:00:08.1: PME: Signaling with IRQ 59
[    2.114367] input: Power Button as /devices/platform/PNP0C0C:00/input/input0
[    2.114399] ACPI: button: Power Button [PWRB]
[    2.114442] input: Power Button as /devices/platform/LNXPWRBN:00/input/input1
[    2.114478] ACPI: button: Power Button [PWRF]
[    2.114517] Monitor-Mwait will be used to enter C-1 state
[    2.124607] Estimated ratio of average max frequency by base frequency (times 1024): 1090
[    2.124879] ERST: Error Record Serialization Table (ERST) support is initialized.
[    2.124909] pstore: Using crash dump compression: deflate
[    2.124914] pstore: Registered erst as persistent store backend
[    2.125168] Serial: 8250/16550 driver, 32 ports, IRQ sharing enabled
[    2.146064] 00:01: ttyS0 at I/O 0x3f8 (irq = 4, base_baud = 115200) is a 16550A
[    2.170656] 00:02: ttyS1 at I/O 0x2f8 (irq = 3, base_baud = 115200) is a 16550A
[    2.177289] hpet_acpi_add: no address or irqs in _CRS
[    2.177304] Linux agpgart interface v0.103
[    2.185850] loop: module loaded
[    2.186206] ACPI: bus type drm_connector registered
[    2.187184] tun: Universal TUN/TAP device driver, 1.6
[    2.187242] PPP generic driver version 2.4.2
[    2.187626] xhci_hcd 0000:64:00.1: xHCI Host Controller
[    2.187639] xhci_hcd 0000:64:00.1: new USB bus registered, assigned bus number 1
[    2.187822] xhci_hcd 0000:64:00.1: hcc params 0x0278ffe5 hci version 0x110 quirks 0x0000000000000010
[    2.188456] xhci_hcd 0000:64:00.1: xHCI Host Controller
[    2.188462] xhci_hcd 0000:64:00.1: new USB bus registered, assigned bus number 2
[    2.188470] xhci_hcd 0000:64:00.1: Host supports USB 3.1 Enhanced SuperSpeed
[    2.188555] usb usb1: New USB device found, idVendor=1d6b, idProduct=0002, bcdDevice= 7.00
[    2.188563] usb usb1: New USB device strings: Mfr=3, Product=2, SerialNumber=1
[    2.188570] usb usb1: Product: xHCI Host Controller
[    2.188575] usb usb1: Manufacturer: Linux 7.0.0-31-generic xhci-hcd
[    2.188580] usb usb1: SerialNumber: 0000:64:00.1
[    2.188724] hub 1-0:1.0: USB hub found
[    2.188752] hub 1-0:1.0: 6 ports detected
[    2.189143] usb usb2: We don't know the algorithms for LPM for this host, disabling LPM.
[    2.189181] usb usb2: New USB device found, idVendor=1d6b, idProduct=0003, bcdDevice= 7.00
[    2.189189] usb usb2: New USB device strings: Mfr=3, Product=2, SerialNumber=1
[    2.189195] usb usb2: Product: xHCI Host Controller
[    2.189200] usb usb2: Manufacturer: Linux 7.0.0-31-generic xhci-hcd
[    2.189206] usb usb2: SerialNumber: 0000:64:00.1
[    2.189317] hub 2-0:1.0: USB hub found
[    2.189332] hub 2-0:1.0: 4 ports detected
[    2.189656] xhci_hcd 0000:64:00.3: xHCI Host Controller
[    2.189664] xhci_hcd 0000:64:00.3: new USB bus registered, assigned bus number 3
[    2.189831] xhci_hcd 0000:64:00.3: hcc params 0x0278ffe5 hci version 0x110 quirks 0x0000000000000010
[    2.190266] xhci_hcd 0000:64:00.3: xHCI Host Controller
[    2.190273] xhci_hcd 0000:64:00.3: new USB bus registered, assigned bus number 4
[    2.190280] xhci_hcd 0000:64:00.3: Host supports USB 3.1 Enhanced SuperSpeed
[    2.190333] usb usb3: New USB device found, idVendor=1d6b, idProduct=0002, bcdDevice= 7.00
[    2.190340] usb usb3: New USB device strings: Mfr=3, Product=2, SerialNumber=1
[    2.190347] usb usb3: Product: xHCI Host Controller
[    2.190352] usb usb3: Manufacturer: Linux 7.0.0-31-generic xhci-hcd
[    2.190358] usb usb3: SerialNumber: 0000:64:00.3
[    2.190485] hub 3-0:1.0: USB hub found
[    2.190504] hub 3-0:1.0: 6 ports detected
[    2.190875] usb usb4: We don't know the algorithms for LPM for this host, disabling LPM.
[    2.190913] usb usb4: New USB device found, idVendor=1d6b, idProduct=0003, bcdDevice= 7.00
[    2.190920] usb usb4: New USB device strings: Mfr=3, Product=2, SerialNumber=1
[    2.190926] usb usb4: Product: xHCI Host Controller
[    2.190931] usb usb4: Manufacturer: Linux 7.0.0-31-generic xhci-hcd
[    2.190937] usb usb4: SerialNumber: 0000:64:00.3
[    2.191045] hub 4-0:1.0: USB hub found
[    2.191060] hub 4-0:1.0: 4 ports detected
[    2.191217] usb: port power management may be unreliable
[    2.191406] xhci_hcd 0000:22:00.3: xHCI Host Controller
[    2.191415] xhci_hcd 0000:22:00.3: new USB bus registered, assigned bus number 5
[    2.191516] xhci_hcd 0000:22:00.3: hcc params 0x0260ffe5 hci version 0x110 quirks 0x0004000000000010
[    2.191834] xhci_hcd 0000:22:00.3: xHCI Host Controller
[    2.191841] xhci_hcd 0000:22:00.3: new USB bus registered, assigned bus number 6
[    2.191848] xhci_hcd 0000:22:00.3: Host supports USB 3.1 Enhanced SuperSpeed
[    2.191898] usb usb5: New USB device found, idVendor=1d6b, idProduct=0002, bcdDevice= 7.00
[    2.191905] usb usb5: New USB device strings: Mfr=3, Product=2, SerialNumber=1
[    2.191911] usb usb5: Product: xHCI Host Controller
[    2.191916] usb usb5: Manufacturer: Linux 7.0.0-31-generic xhci-hcd
[    2.191922] usb usb5: SerialNumber: 0000:22:00.3
[    2.192018] hub 5-0:1.0: USB hub found
[    2.192029] hub 5-0:1.0: 2 ports detected
[    2.192148] usb usb6: We don't know the algorithms for LPM for this host, disabling LPM.
[    2.192185] usb usb6: New USB device found, idVendor=1d6b, idProduct=0003, bcdDevice= 7.00
[    2.192192] usb usb6: New USB device strings: Mfr=3, Product=2, SerialNumber=1
[    2.192198] usb usb6: Product: xHCI Host Controller
[    2.192203] usb usb6: Manufacturer: Linux 7.0.0-31-generic xhci-hcd
[    2.192208] usb usb6: SerialNumber: 0000:22:00.3
[    2.192306] hub 6-0:1.0: USB hub found
[    2.192317] hub 6-0:1.0: 2 ports detected
[    2.192651] xhci_hcd 0000:0a:00.3: xHCI Host Controller
[    2.192659] xhci_hcd 0000:0a:00.3: new USB bus registered, assigned bus number 7
[    2.192760] xhci_hcd 0000:0a:00.3: hcc params 0x0260ffe5 hci version 0x110 quirks 0x0004000000000010
[    2.193072] xhci_hcd 0000:0a:00.3: xHCI Host Controller
[    2.193079] xhci_hcd 0000:0a:00.3: new USB bus registered, assigned bus number 8
[    2.193086] xhci_hcd 0000:0a:00.3: Host supports USB 3.1 Enhanced SuperSpeed
[    2.193142] usb usb7: New USB device found, idVendor=1d6b, idProduct=0002, bcdDevice= 7.00
[    2.193149] usb usb7: New USB device strings: Mfr=3, Product=2, SerialNumber=1
[    2.193155] usb usb7: Product: xHCI Host Controller
[    2.193160] usb usb7: Manufacturer: Linux 7.0.0-31-generic xhci-hcd
[    2.193166] usb usb7: SerialNumber: 0000:0a:00.3
[    2.193326] hub 7-0:1.0: USB hub found
[    2.193338] hub 7-0:1.0: 2 ports detected
[    2.193512] usb usb8: We don't know the algorithms for LPM for this host, disabling LPM.
[    2.193549] usb usb8: New USB device found, idVendor=1d6b, idProduct=0003, bcdDevice= 7.00
[    2.193556] usb usb8: New USB device strings: Mfr=3, Product=2, SerialNumber=1
[    2.193563] usb usb8: Product: xHCI Host Controller
[    2.193568] usb usb8: Manufacturer: Linux 7.0.0-31-generic xhci-hcd
[    2.193573] usb usb8: SerialNumber: 0000:0a:00.3
[    2.193671] hub 8-0:1.0: USB hub found
[    2.193682] hub 8-0:1.0: 2 ports detected
[    2.193919] i8042: PNP: No PS/2 controller found.
[    2.193990] mousedev: PS/2 mouse device common for all mice
[    2.194108] rtc_cmos 00:00: RTC can wake from S4
[    2.194362] rtc_cmos 00:00: registered as rtc0
[    2.194394] rtc_cmos 00:00: setting system clock to 2026-09-19T19:32:56 UTC (1789846376)
[    2.194436] rtc_cmos 00:00: alarms up to one month, y3k, 114 bytes nvram
[    2.194449] i2c_dev: i2c /dev entries driver
[    2.194515] device-mapper: core: CONFIG_IMA_DISABLE_HTABLE is disabled. Duplicate IMA measurements will not be recorded in the IMA log.
[    2.194541] device-mapper: uevent: version 1.0.3
[    2.194611] device-mapper: ioctl: 4.50.0-ioctl (2025-04-28) initialised: dm-devel@lists.linux.dev
[    2.222333] Freeing initrd memory: 61312K
[    2.355583] simple-framebuffer simple-framebuffer.0: [drm] Registered 1 planes with drm panic
[    2.355617] [drm] Initialized simpledrm 1.0.0 for simple-framebuffer.0 on minor 0
[    2.365461] Console: switching to colour frame buffer device 128x48
[    2.381970] simple-framebuffer simple-framebuffer.0: [drm] fb0: simpledrmdrmfb frame buffer device
[    2.384371] drop_monitor: Initializing network drop monitor service
[    2.386520] NET: Registered PF_INET6 protocol family
[    2.388473] Segment Routing with IPv6
[    2.388498] In-situ OAM (IOAM) with IPv6
[    2.388539] NET: Registered PF_PACKET protocol family
[    2.388904] Key type dns_resolver registered
[    2.391394] microcode: Current revision: 0x0830107c
[    2.391406] microcode: Updated early from: 0x0830104d
[    2.392429] resctrl: L3 allocation detected
[    2.392440] resctrl: MB allocation detected
[    2.392449] resctrl: L3 monitoring detected
[    2.392497] IPI shorthand broadcast: enabled
[    2.395766] sched_clock: Marking stable (1121411337, 1273549999)->(2434473514, -39512178)
[    2.396947] registered taskstats version 1
[    2.398272] Loading compiled-in X.509 certificates
[    2.398886] Loaded X.509 cert 'Build time autogenerated kernel key: b8d00030077d78a920acb19b13449e508d0cd78d'
[    2.399704] Loaded X.509 cert 'Canonical Ltd. Live Patch Signing 2025 Kmod: d541cef61dc7e793b7eb7e899970a2eef0b5dc8c'
[    2.400448] Loaded X.509 cert 'Canonical Ltd. Live Patch Signing: 14df34d1a87cf37625abec039ef2bf521249b969'
[    2.400861] Loaded X.509 cert 'Canonical Ltd. Kernel Module Signing 2025 Kmod: 4627603d2357a2a3f81006370894c221175893e9'
[    2.401785] Loaded X.509 cert 'Canonical Ltd. Kernel Module Signing: 88f752e560a1e0737e31163a466ad7b70a850c19'
[    2.401803] blacklist: Loading compiled-in revocation X.509 certificates
[    2.401845] Loaded X.509 cert 'Canonical Ltd. Secure Boot Signing: 61482aa2830d0ab2ad5af10b7250da9033ddcef0'
[    2.405040] Loaded X.509 cert 'Canonical Ltd. Secure Boot Signing (2017): 242ade75ac4a15e50d50c84b0d45ff3eae707a03'
[    2.405476] Loaded X.509 cert 'Canonical Ltd. Secure Boot Signing (ESM 2018): 365188c1d374d6b07c3c8f240f8ef722433d6a8b'
[    2.405775] Loaded X.509 cert 'Canonical Ltd. Secure Boot Signing (2019): c0746fd6c5da3ae827864651ad66ae47fe24b3e8'
[    2.406036] Loaded X.509 cert 'Canonical Ltd. Secure Boot Signing (2021 v1): a8d54bbb3825cfb94fa13c9f8a594a195c107b8d'
[    2.406285] Loaded X.509 cert 'Canonical Ltd. Secure Boot Signing (2021 v2): 4cf046892d6fd3c9a5b03f98d845f90851dc6a8c'
[    2.406526] Loaded X.509 cert 'Canonical Ltd. Secure Boot Signing (2021 v3): 100437bb6de6e469b581e61cd66bce3ef4ed53af'
[    2.406769] Loaded X.509 cert 'Canonical Ltd. Secure Boot Signing (Ubuntu Core 2019): c1d57b8f6b743f23ee41f4f7ee292f06eecadfb9'
[    2.415416] Demotion targets for Node 0: null
[    2.417566] Key type .fscrypt registered
[    2.417920] Key type fscrypt-provisioning registered
[    2.418301] Key type big_key registered
[    2.428383] usb 5-2: new high-speed USB device number 2 using xhci_hcd
[    2.438949] Key type encrypted registered
[    2.440545] AppArmor: AppArmor sha256 policy hashing enabled
[    2.444973] ima: No TPM chip found, activating TPM-bypass!
[    2.449350] Loading compiled-in module X.509 certificates
[    2.455858] Loaded X.509 cert 'Build time autogenerated kernel key: b8d00030077d78a920acb19b13449e508d0cd78d'
[    2.459844] ima: Allocated hash algorithm: sha256
[    2.464853] ima: No architecture policies found
[    2.469848] evm: Initialising EVM extended attributes:
[    2.473853] evm: security.selinux
[    2.477769] evm: security.SMACK64
[    2.481849] evm: security.SMACK64EXEC
[    2.485578] evm: security.SMACK64TRANSMUTE
[    2.489518] evm: security.SMACK64MMAP
[    2.492847] evm: security.apparmor
[    2.496849] evm: security.ima
[    2.500158] evm: security.capability
[    2.503974] evm: HMAC attrs: 0x1
[    2.513090] PM:   Magic number: 10:939:546
[    2.517070] tty ttyS22: hash matches
[    2.521510] port serial8250:0.21: hash matches
[    2.525164] pcie_bwctrl 0000:40:08.1:pcie010: hash matches
[    2.529973] mem null: hash matches
[    2.538045] RAS: Correctable Errors collector initialized.
[    2.544771] clk: Disabling unused clocks
[    2.548853] PM: genpd: Disabling unused power domains
[    2.558326] usb 5-2: New USB device found, idVendor=046b, idProduct=ff01, bcdDevice= 1.00
[    2.560979] Freeing unused decrypted memory: 2028K
[    2.562989] usb 5-2: New USB device strings: Mfr=1, Product=2, SerialNumber=3
[    2.571081] usb 5-2: Product: Virtual Hub
[    2.574628] usb 5-2: Manufacturer: American Megatrends Inc.
[    2.578853] usb 5-2: SerialNumber: serial
[    2.580945] Freeing unused kernel image (initmem) memory: 5292K
[    2.587113] Write protecting the kernel read-only data: 43008k
[    2.593845] Freeing unused kernel image (text/rodata gap) memory: 768K
[    2.601972] Freeing unused kernel image (rodata/data gap) memory: 1668K
[    2.640800] hub 5-2:1.0: USB hub found
[    2.645401] hub 5-2:1.0: 5 ports detected
[    2.678587] x86/mm: Checked W+X mappings: passed, no W+X pages found.
[    2.678862] Run /init as init process
[    2.679040]   with arguments:
[    2.679042]     /init
[    2.679044]   with environment:
[    2.679046]     HOME=/
[    2.679047]     TERM=linux
[    2.692151] systemd[1]: Inserted module 'autofs4'
[    2.713249] systemd[1]: Successfully made /usr/ read-only.
[    2.721065] systemd[1]: systemd 259.5-0ubuntu3.4 running in system mode (+PAM +AUDIT +SELINUX +APPARMOR +IMA +IPE +SMACK +SECCOMP +GCRYPT -GNUTLS +OPENSSL +ACL +BLKID +CURL +ELFUTILS +FIDO2 +IDN2 -IDN +KMOD +LIBCRYPTSETUP +LIBCRYPTSETUP_PLUGINS +LIBFDISK +PCRE2 +PWQUALITY +P11KIT +QRENCODE +TPM2 +BZIP2 +LZ4 +XZ +ZLIB +ZSTD +BPF_FRAMEWORK +BTF -XKBCOMMON -UTMP +SYSVINIT +LIBARCHIVE)
[    2.741952] systemd[1]: Detected architecture x86-64.
[    2.746878] systemd[1]: Running in initrd.
[    2.761973] systemd[1]: Hostname set to <jobe>.
[    2.863669] systemd[1]: bpf-restrict-fs: BPF LSM hook not enabled in the kernel, BPF LSM not supported.
[    2.926449] systemd[1]: Queued start job for default target initrd.target.
[    2.931595] usb 5-2.3: new high-speed USB device number 3 using xhci_hcd
[    2.945146] systemd[1]: Started systemd-ask-password-console.path - Dispatch Password Requests to Console Directory Watch.
[    2.945889] systemd[1]: Expecting device dev-disk-by\x2duuid-25094d26\x2db9fc\x2d48df\x2db94b\x2d391ec2d71260.device - /dev/disk/by-uuid/25094d26-b9fc-48df-b94b-391ec2d71260...
[    2.946988] systemd[1]: Expecting device dev-disk-by\x2duuid-5D24\x2dB9A8.device - /dev/disk/by-uuid/5D24-B9A8...
[    2.947581] systemd[1]: Expecting device dev-mapper-ssd\x2d\x2dvg\x2droot.device - /dev/mapper/ssd--vg-root...
[    2.948171] systemd[1]: Reached target initrd-usr-fs.target - Initrd /usr File System.
[    2.948765] systemd[1]: Reached target paths.target - Path Units.
[    2.949341] systemd[1]: Reached target slices.target - Slice Units.
[    2.949942] systemd[1]: Reached target swap.target - Swaps.
[    2.950546] systemd[1]: Reached target timers.target - Timer Units.
[    2.951256] systemd[1]: Listening on systemd-journald-dev-log.socket - Journal Socket (/dev/log).
[    2.951993] systemd[1]: Listening on systemd-journald.socket - Journal Sockets.
[    2.952747] systemd[1]: Listening on systemd-networkd.socket - Network Management Netlink Socket.
[    2.953419] systemd[1]: Listening on systemd-udevd-control.socket - udev Control Socket.
[    2.954098] systemd[1]: Listening on systemd-udevd-kernel.socket - udev Kernel Socket.
[    2.954752] systemd[1]: Reached target sockets.target - Socket Units.
[    2.956331] systemd[1]: Starting dracut-cmdline-ask.service - dracut ask for additional cmdline parameters...
[    2.957890] systemd[1]: Starting kmod-static-nodes.service - Create List of Static Device Nodes...
[    2.959599] systemd[1]: systemd-battery-check.service - Early Battery Level Check skipped, unmet condition check ConditionDirectoryNotEmpty=/sys/class/power_supply
[    2.962343] systemd[1]: Starting systemd-journald.service - Journal Service...
[    2.963979] systemd[1]: Starting systemd-modules-load.service - Load Kernel Modules...
[    2.967409] systemd[1]: Starting systemd-network-generator.service - Generate Network Units from Kernel Command Line...
[    2.968496] systemd[1]: systemd-pcrphase-initrd.service - TPM PCR Barrier (initrd) skipped, unmet condition check ConditionSecurity=measured-uki
[    2.969994] systemd[1]: Finished dracut-cmdline-ask.service - dracut ask for additional cmdline parameters.
[    2.971485] systemd[1]: Finished kmod-static-nodes.service - Create List of Static Device Nodes.
[    2.973924] systemd[1]: Starting dracut-cmdline.service - dracut cmdline hook...
[    2.975394] systemd[1]: Starting systemd-tmpfiles-setup-dev-early.service - Create Static Device Nodes in /dev gracefully...
[    2.976989] systemd[1]: Finished systemd-network-generator.service - Generate Network Units from Kernel Command Line.
[    2.977138] systemd-journald[338]: Collecting audit messages is disabled.
[    2.978457] systemd[1]: Reached target network-pre.target - Preparation for Network.
[    2.979500] systemd[1]: Listening on systemd-networkd-resolve-hook.socket - Network Management Resolve Hook Socket.
[    2.984379] systemd[1]: Finished systemd-tmpfiles-setup-dev-early.service - Create Static Device Nodes in /dev gracefully.
[    2.986495] systemd[1]: Starting systemd-tmpfiles-setup-dev.service - Create Static Device Nodes in /dev...
[    2.994447] systemd[1]: Finished systemd-tmpfiles-setup-dev.service - Create Static Device Nodes in /dev.
[    2.995652] systemd[1]: Reached target local-fs-pre.target - Preparation for Local File Systems.
[    2.996421] systemd[1]: Reached target local-fs.target - Local File Systems.
[    3.021082] systemd[1]: Finished systemd-modules-load.service - Load Kernel Modules.
[    3.028077] usb 5-2.3: New USB device found, idVendor=046b, idProduct=ffb0, bcdDevice= 1.00
[    3.032703] systemd[1]: Starting systemd-sysctl.service - Apply Kernel Variables...
[    3.034164] usb 5-2.3: New USB device strings: Mfr=1, Product=2, SerialNumber=3
[    3.034233] usb 5-2.3: Product: Virtual Ethernet
[    3.034245] usb 5-2.3: Manufacturer: American Megatrends Inc.
[    3.034265] usb 5-2.3: SerialNumber: 1234567890
[    3.054514] systemd[1]: Finished systemd-sysctl.service - Apply Kernel Variables.
[    3.065980] systemd[1]: Finished dracut-cmdline.service - dracut cmdline hook.
[    3.068560] systemd[1]: Starting dracut-pre-udev.service - dracut pre-udev hook...
[    3.108561] tsc: Refined TSC clocksource calibration: 3899.999 MHz
[    3.108574] clocksource: tsc: mask: 0xffffffffffffffff max_cycles: 0x706eb38f3d8, max_idle_ns: 881591117856 ns
[    3.108630] clocksource: Switched to clocksource tsc
[    3.114850] systemd[1]: Finished dracut-pre-udev.service - dracut pre-udev hook.
[    3.124534] systemd[1]: Starting systemd-udevd.service - Rule-based Manager for Device Events and Files...
[    3.161562] usb 5-2.4: new low-speed USB device number 4 using xhci_hcd
[    3.169238] systemd[1]: Started systemd-journald.service - Journal Service.
[    3.266563] usb 5-2.4: New USB device found, idVendor=046b, idProduct=ff10, bcdDevice= 1.00
[    3.266579] usb 5-2.4: New USB device strings: Mfr=1, Product=2, SerialNumber=0
[    3.266592] usb 5-2.4: Product: Virtual Keyboard and Mouse
[    3.266605] usb 5-2.4: Manufacturer: American Megatrends Inc.
[    3.359695] hid: raw HID events driver (C) Jiri Kosina
[    3.371177] usbcore: registered new interface driver usbhid
[    3.371180] usbhid: USB HID core driver
[    3.375411] input: American Megatrends Inc. Virtual Keyboard and Mouse as /devices/pci0000:20/0000:20:08.1/0000:22:00.3/usb5/5-2/5-2.4/5-2.4:1.0/0003:046B:FF10.0001/input/input2
[    3.375529] hid-generic 0003:046B:FF10.0001: input,hidraw0: USB HID v1.10 Keyboard [American Megatrends Inc. Virtual Keyboard and Mouse] on usb-0000:22:00.3-2.4/input0
[    3.375665] input: American Megatrends Inc. Virtual Keyboard and Mouse as /devices/pci0000:20/0000:20:08.1/0000:22:00.3/usb5/5-2/5-2.4/5-2.4:1.1/0003:046B:FF10.0002/input/input3
[    3.375806] hid-generic 0003:046B:FF10.0002: input,hidraw1: USB HID v1.10 Mouse [American Megatrends Inc. Virtual Keyboard and Mouse] on usb-0000:22:00.3-2.4/input1
[    3.670564] ccp 0000:22:00.1: enabling device (0000 -> 0002)
[    3.688099] ccp 0000:22:00.1: ccp enabled
[    3.688218] ccp 0000:22:00.1: psp enabled
[    3.703411] i40e: Intel(R) Ethernet Connection XL710 Network Driver
[    3.703418] i40e: Copyright (c) 2013 - 2019 Intel Corporation.
[    3.719698] i40e 0000:69:00.0: fw 8.2.64244 api 1.13 nvm 8.20 0x8000a057 1.2879.0 [8086:15ff] [1849:0000]
[    3.731975] ahci 0000:65:00.0: AHCI vers 0001.0301, 32 command slots, 6 Gbps, SATA mode
[    3.731983] ahci 0000:65:00.0: 1/1 ports implemented (port mask 0x1)
[    3.731986] ahci 0000:65:00.0: flags: 64bit ncq sntf ilck pm led clo only pmp fbs pio slum part 
[    3.732350] scsi host0: ahci
[    3.732546] ata1: SATA max UDMA/133 abar m2048@0xcd500000 port 0xcd500100 irq 93 lpm-pol 4
[    3.733047] ahci 0000:66:00.0: AHCI vers 0001.0301, 32 command slots, 6 Gbps, SATA mode
[    3.733051] ahci 0000:66:00.0: 1/1 ports implemented (port mask 0x10)
[    3.733054] ahci 0000:66:00.0: flags: 64bit ncq sntf ilck pm led clo only pmp fbs pio slum part 
[    3.733335] Key type psk registered
[    3.733939] scsi host1: ahci
[    3.734142] scsi host2: ahci
[    3.734308] scsi host3: ahci
[    3.734493] scsi host4: ahci
[    3.734785] scsi host5: ahci
[    3.734878] ata2: DUMMY
[    3.734880] ata3: DUMMY
[    3.734882] ata4: DUMMY
[    3.734884] ata5: DUMMY
[    3.734887] ata6: SATA max UDMA/133 abar m2048@0xcd400000 port 0xcd400300 irq 98 lpm-pol 4
[    3.821289] i40e 0000:69:00.0: MAC address: 54:fb:66:00:a0:91
[    3.821622] i40e 0000:69:00.0: FW LLDP is enabled
[    3.831595] i40e 0000:69:00.0 eth0: NIC Link is Up, 1000 Mbps Full Duplex, Flow Control: None, EEE: Enabled
[    3.833249] i40e 0000:69:00.0: PCI-Express: Speed 8.0GT/s Width x4
[    3.833252] i40e 0000:69:00.0: PCI-Express bandwidth available for this device may be insufficient for optimal performance.
[    3.833255] i40e 0000:69:00.0: Please move the device to a different PCI-e link with more lanes and/or higher transfer rate.
[    3.835600] i40e 0000:69:00.0: Features: PF-id[0] VFs: 64 VSIs: 66 QP: 32 RSS FD_ATR FD_SB NTUPLE DCB VxLAN Geneve PTP VEPA
[    3.851703] i40e 0000:69:00.1: fw 8.2.64244 api 1.13 nvm 8.20 0x8000a057 1.2879.0 [8086:15ff] [1849:0000]
[    3.953196] i40e 0000:69:00.1: MAC address: 54:fb:66:00:a0:92
[    3.953458] i40e 0000:69:00.1: FW LLDP is enabled
[    3.962225] i40e 0000:69:00.1: PCI-Express: Speed 8.0GT/s Width x4
[    3.962229] i40e 0000:69:00.1: PCI-Express bandwidth available for this device may be insufficient for optimal performance.
[    3.962232] i40e 0000:69:00.1: Please move the device to a different PCI-e link with more lanes and/or higher transfer rate.
[    3.964518] i40e 0000:69:00.1: Features: PF-id[1] VFs: 64 VSIs: 66 QP: 32 RSS FD_ATR FD_SB NTUPLE DCB VxLAN Geneve PTP VEPA
[    4.042847] ata1: SATA link down (SStatus 0 SControl 300)
[    4.195584] ata6: SATA link up 6.0 Gbps (SStatus 133 SControl 300)
[    4.196166] ata6.00: ATA-11: WDC  WDS100T2B0A-00SM50, 401000WD, max UDMA/133
[    4.196655] ata6.00: 1953525168 sectors, multi 1: LBA48 NCQ (depth 32), AA
[    4.199037] ata6.00: Features: Dev-Sleep DIPM
[    4.203159] ata6.00: configured for UDMA/133
[    4.213522] scsi 5:0:0:0: Direct-Access     ATA      WDC  WDS100T2B0A 00WD PQ: 0 ANSI: 5
[    4.213923] sd 5:0:0:0: Attached scsi generic sg0 type 0
[    4.213984] sd 5:0:0:0: [sda] 1953525168 512-byte logical blocks: (1.00 TB/932 GiB)
[    4.214002] sd 5:0:0:0: [sda] Write Protect is off
[    4.214005] sd 5:0:0:0: [sda] Mode Sense: 00 3a 00 00
[    4.214024] sd 5:0:0:0: [sda] Write cache: enabled, read cache: enabled, doesn't support DPO or FUA
[    4.214081] sd 5:0:0:0: [sda] Preferred minimum I/O size 512 bytes
[    4.232240]  sda: sda1 sda2 sda3
[    4.232426] sd 5:0:0:0: [sda] Attached SCSI disk
[    4.235993] i40e 0000:69:00.1 enp105s0f1np1: renamed from eth1
[    4.236161] i40e 0000:69:00.0 enp105s0f0np0: renamed from eth0
[    4.249542] nvme nvme0: pci function 0000:63:00.0
[    4.258378] nvme nvme0: allocated 8 MiB host memory buffer (1 segment).
[    4.261481] nvme nvme0: 8/0/0 default/read/poll queues
[    4.262646] nvme nvme0: Ignoring bogus Namespace Identifiers
[    4.264455]  nvme0n1: p1
[    5.193904] EXT4-fs (dm-0): orphan cleanup on readonly fs
[    5.194480] EXT4-fs (dm-0): mounted filesystem 72bfbf26-bbd7-4bf5-9f17-3bae487ddb71 ro with ordered data mode. Quota mode: none.
[    5.708079] systemd-journald[338]: Received SIGTERM from PID 1 (systemd).
[    5.798753] systemd[1]: systemd 259.5-0ubuntu3.4 running in system mode (+PAM +AUDIT +SELINUX +APPARMOR +IMA +IPE +SMACK +SECCOMP +GCRYPT -GNUTLS +OPENSSL +ACL +BLKID +CURL +ELFUTILS +FIDO2 +IDN2 -IDN +KMOD +LIBCRYPTSETUP +LIBCRYPTSETUP_PLUGINS +LIBFDISK +PCRE2 +PWQUALITY +P11KIT +QRENCODE +TPM2 +BZIP2 +LZ4 +XZ +ZLIB +ZSTD +BPF_FRAMEWORK +BTF -XKBCOMMON -UTMP +SYSVINIT +LIBARCHIVE)
[    5.798761] systemd[1]: Detected architecture x86-64.
[    5.915884] systemd[1]: bpf-restrict-fs: BPF LSM hook not enabled in the kernel, BPF LSM not supported.
[    6.079290] systemd[1]: /usr/lib/systemd/system/xfs_scrub_all.service:26: Support for option CPUAccounting= has been removed and it is ignored
[    6.079821] systemd[1]: /usr/lib/systemd/system/system-xfs_scrub.slice:15: Support for option CPUAccounting= has been removed and it is ignored
[    6.182505] systemd[1]: initrd-switch-root.service: Deactivated successfully.
[    6.182716] systemd[1]: Stopped initrd-switch-root.service - Switch Root.
[    6.185729] systemd[1]: systemd-journald.service: Scheduled restart job, restart counter is at 1.
[    6.186502] systemd[1]: Created slice system-systemd\x2dfsck.slice - Slice /system/systemd-fsck.
[    6.187672] systemd[1]: Created slice system-xfs_scrub.slice - xfs_scrub background service slice.
[    6.188473] systemd[1]: Created slice user.slice - User and Session Slice.
[    6.188872] systemd[1]: Started systemd-ask-password-wall.path - Forward Password Requests to Wall Directory Watch.
[    6.189389] systemd[1]: Set up automount proc-sys-fs-binfmt_misc.automount - Arbitrary Executable File Formats File System Automount Point.
[    6.189739] systemd[1]: Expecting device dev-disk-by\x2duuid-25094d26\x2db9fc\x2d48df\x2db94b\x2d391ec2d71260.device - /dev/disk/by-uuid/25094d26-b9fc-48df-b94b-391ec2d71260...
[    6.190048] systemd[1]: Expecting device dev-disk-by\x2duuid-5D24\x2dB9A8.device - /dev/disk/by-uuid/5D24-B9A8...
[    6.190350] systemd[1]: Expecting device dev-disk-by\x2duuid-a87f17fd\x2dbba7\x2d4970\x2da797\x2d7916f19bd50d.device - /dev/disk/by-uuid/a87f17fd-bba7-4970-a797-7916f19bd50d...
[    6.190721] systemd[1]: Reached target imports.target - Image Downloads.
[    6.191045] systemd[1]: Stopped target initrd-switch-root.target - Switch Root.
[    6.191361] systemd[1]: Stopped target initrd-fs.target - Initrd File Systems.
[    6.191663] systemd[1]: Stopped target initrd-root-fs.target - Initrd Root File System.
[    6.191952] systemd[1]: Reached target integritysetup.target - Local Integrity Protected Volumes.
[    6.192275] systemd[1]: Reached target slices.target - Slice Units.
[    6.192600] systemd[1]: Reached target snapd.mounts-pre.target - Mounting snaps.
[    6.192905] systemd[1]: Reached target snapd.mounts.target - Mounted snaps.
[    6.193222] systemd[1]: Reached target time-set.target - System Time Set.
[    6.193547] systemd[1]: Reached target veritysetup.target - Local Verity Protected Volumes.
[    6.193933] systemd[1]: Listening on dm-event.socket - Device-mapper event daemon FIFOs.
[    6.194296] systemd[1]: Listening on lvm2-lvmpolld.socket - LVM2 poll daemon socket.
[    6.194671] systemd[1]: Listening on syslog.socket - Syslog Socket.
[    6.197237] systemd[1]: Listening on systemd-ask-password.socket - Query the User Interactively for a Password.
[    6.199012] systemd[1]: Listening on systemd-creds.socket - Credential Encryption/Decryption.
[    6.200493] systemd[1]: Listening on systemd-factory-reset.socket - Factory Reset Management.
[    6.203764] systemd[1]: Listening on systemd-mute-console.socket - Console Output Muting Service Socket.
[    6.204318] systemd[1]: Listening on systemd-networkd-varlink.socket - Network Management Varlink Socket.
[    6.204779] systemd[1]: Listening on systemd-networkd.socket - Network Management Netlink Socket.
[    6.205154] systemd[1]: systemd-pcrextend.socket - TPM PCR Measurements skipped, unmet condition check ConditionSecurity=measured-uki
[    6.205168] systemd[1]: systemd-pcrlock.socket - Make TPM PCR Policy skipped, unmet condition check ConditionSecurity=measured-uki
[    6.205233] systemd[1]: Listening on systemd-resolved-monitor.socket - Resolve Monitor Varlink Socket.
[    6.205596] systemd[1]: Listening on systemd-resolved-varlink.socket - Resolve Service Varlink Socket.
[    6.205962] systemd[1]: Listening on systemd-udevd-control.socket - udev Control Socket.
[    6.206311] systemd[1]: Listening on systemd-udevd-varlink.socket - udev Varlink Socket.
[    6.208374] systemd[1]: Mounting dev-hugepages.mount - Huge Pages File System...
[    6.209464] systemd[1]: Mounting dev-mqueue.mount - POSIX Message Queue File System...
[    6.210571] systemd[1]: Mounting sys-kernel-debug.mount - Kernel Debug File System...
[    6.211631] systemd[1]: Mounting sys-kernel-tracing.mount - Kernel Trace File System...
[    6.214090] systemd[1]: Starting systemd-journald.service - Journal Service...
[    6.228510] systemd[1]: Starting keyboard-setup.service - Set the console keyboard layout...
[    6.231458] systemd[1]: Starting kmod-static-nodes.service - Create List of Static Device Nodes...
[    6.232918] systemd[1]: Starting lvm2-monitor.service - Monitoring of LVM2 mirrors, snapshots etc. using dmeventd or progress polling...
[    6.233414] systemd[1]: modprobe@configfs.service - Load Kernel Module configfs skipped, unmet condition check ConditionKernelModuleLoaded=!configfs
[    6.234313] systemd[1]: Starting modprobe@dm_multipath.service - Load Kernel Module dm_multipath...
[    6.234874] systemd[1]: modprobe@drm.service - Load Kernel Module drm skipped, unmet condition check ConditionKernelModuleLoaded=!drm
[    6.236138] systemd[1]: Starting modprobe@efi_pstore.service - Load Kernel Module efi_pstore...
[    6.237849] systemd[1]: modprobe@fuse.service - Load Kernel Module fuse skipped, unmet condition check ConditionKernelModuleLoaded=!fuse
[    6.238859] systemd[1]: Mounting sys-fs-fuse-connections.mount - FUSE Control File System...
[    6.239337] systemd[1]: netplan-ovs-cleanup.service - OpenVSwitch configuration for cleanup skipped, unmet condition check ConditionFileIsExecutable=/usr/bin/ovs-vsctl
[    6.239497] systemd[1]: systemd-hibernate-clear.service - Clear Stale Hibernate Storage Info skipped, unmet condition check ConditionPathExists=/sys/firmware/efi/efivars/HibernateLocation-8cf2644b-4b0b-428f-9387-6d876050dc67
[    6.241745] systemd[1]: Starting systemd-modules-load.service - Load Kernel Modules...
[    6.242233] systemd[1]: systemd-pcrmachine.service - TPM PCR Machine ID Measurement skipped, unmet condition check ConditionSecurity=measured-uki
[    6.242262] systemd[1]: systemd-pcrproduct.service - TPM NvPCR Product ID Measurement skipped, unmet condition check ConditionSecurity=measured-uki
[    6.243225] systemd[1]: Starting systemd-remount-fs.service - Remount Root and Kernel File Systems...
[    6.243747] systemd[1]: systemd-tpm2-setup-early.service - Early TPM SRK Setup skipped, unmet condition check ConditionSecurity=measured-uki
[    6.244868] systemd[1]: Starting systemd-udev-load-credentials.service - Load udev Rules from Credentials...
[    6.246125] systemd-journald[866]: Collecting audit messages is disabled.
[    6.246316] systemd[1]: Starting systemd-udev-trigger.service - Coldplug All udev Devices...
[    6.248845] systemd[1]: Mounted dev-hugepages.mount - Huge Pages File System.
[    6.249415] systemd[1]: Mounted dev-mqueue.mount - POSIX Message Queue File System.
[    6.249935] systemd[1]: Mounted sys-kernel-debug.mount - Kernel Debug File System.
[    6.250337] systemd[1]: Mounted sys-kernel-tracing.mount - Kernel Trace File System.
[    6.250715] systemd[1]: Started systemd-journald.service - Journal Service.
[    6.258300] pstore: backend 'erst' already in use: ignoring 'efi_pstore'
[    6.270621] EXT4-fs (dm-0): re-mounted 72bfbf26-bbd7-4bf5-9f17-3bae487ddb71 r/w.
[    6.286985] systemd-journald[866]: Received client request to flush runtime journal.
[    6.292854] Adding 100663292k swap on /swapfile.  Priority:-1 extents:67 across:115851260k SS
[    6.780135] piix4_smbus 0000:00:14.0: SMBus Host Controller at 0xb00, revision 0
[    6.780142] piix4_smbus 0000:00:14.0: Using register 0x02 for SMBus port selection
[    6.782284] IPMI message handler: version 39.2
[    6.792475] ipmi device interface
[    6.802174] piix4_smbus 0000:00:14.0: Auxiliary SMBus Host Controller at 0xb20
[    6.802634] ipmi_si: IPMI System Interface driver
[    6.802667] ipmi_si dmi-ipmi-si.0: ipmi_platform: probing via SMBIOS
[    6.802672] ipmi_platform: ipmi_si: SMBIOS: io 0xca2 regsize 1 spacing 1 irq 0
[    6.802677] ipmi_si: Adding SMBIOS-specified kcs state machine
[    6.806458] ipmi_si IPI0001:00: ipmi_platform: probing via ACPI
[    6.806654] ipmi_si IPI0001:00: ipmi_platform: [io  0x0ca2] regsize 1 spacing 1 irq 0
[    6.806855] ipmi_si dmi-ipmi-si.0: Removing SMBIOS-specified kcs state machine in favor of ACPI
[    6.806859] ipmi_si: Adding ACPI-specified kcs state machine
[    6.808158] i2c i2c-3: Successfully instantiated SPD at 0x50
[    6.809590] i2c i2c-3: Successfully instantiated SPD at 0x51
[    6.809862] ipmi_si: Trying ACPI-specified kcs state machine at i/o address 0xca2, slave address 0x20, irq 0
[    6.812650] i2c i2c-3: Successfully instantiated SPD at 0x52
[    6.815986] i2c i2c-3: Successfully instantiated SPD at 0x53
[    6.822686] i2c i2c-3: Successfully instantiated SPD at 0x54
[    6.824631] i2c i2c-3: Successfully instantiated SPD at 0x55
[    6.827992] i2c i2c-3: Successfully instantiated SPD at 0x56
[    6.831213] i2c i2c-3: Successfully instantiated SPD at 0x57
[    6.935895] cdc_ether 5-2.3:2.0 usb0: register 'cdc_ether' at usb-0000:22:00.3-2.3, CDC Ethernet Device, d2:c1:30:54:08:d7
[    6.935966] usbcore: registered new interface driver cdc_ether
[    6.936261] snd_hda_intel 0000:44:00.0: enabling device (0000 -> 0002)
[    6.936882] snd_hda_intel 0000:48:00.0: enabling device (0000 -> 0002)
[    6.938075] snd_hda_intel 0000:22:00.4: enabling device (0000 -> 0002)
[    6.939247] snd_hda_intel 0000:04:00.0: enabling device (0000 -> 0002)
[    6.941084] snd_hda_intel 0000:08:00.0: enabling device (0000 -> 0002)
[    6.941783] snd_hda_intel 0000:22:00.4: no codecs found!
[    6.977212] Console: switching to colour dummy device 80x25
[    6.987203] ast 0000:68:00.0: vgaarb: deactivate vga console
[    6.989856] ast 0000:68:00.0: Using P2A bridge for configuration
[    6.989860] ast 0000:68:00.0: AST 2500 detected
[    6.989903] ast 0000:68:00.0: [drm] Using analog VGA
[    6.991862] RAPL PMU: API unit is 2^-32 Joules, 2 fixed counters, 163840 ms ovfl timer
[    6.991870] RAPL PMU: hw unit of domain package 2^-16 Joules
[    6.991872] RAPL PMU: hw unit of domain core 2^-16 Joules
[    7.003839] ast 0000:68:00.0: [drm] Registered 1 planes with drm panic
[    7.012019] cdc_ether 5-2.3:2.0 enxd2c1305408d7: renamed from usb0
[    7.015229] ee1004 3-0050: 512 byte EE1004-compliant SPD EEPROM, read-only
[    7.017191] ee1004 3-0051: 512 byte EE1004-compliant SPD EEPROM, read-only
[    7.018648] ee1004 3-0052: 512 byte EE1004-compliant SPD EEPROM, read-only
[    7.020160] ee1004 3-0053: 512 byte EE1004-compliant SPD EEPROM, read-only
[    7.021636] ee1004 3-0054: 512 byte EE1004-compliant SPD EEPROM, read-only
[    7.022627] [drm] Initialized ast 0.1.0 for 0000:68:00.0 on minor 0
[    7.023320] ee1004 3-0055: 512 byte EE1004-compliant SPD EEPROM, read-only
[    7.025023] ee1004 3-0056: 512 byte EE1004-compliant SPD EEPROM, read-only
[    7.026636] ee1004 3-0057: 512 byte EE1004-compliant SPD EEPROM, read-only
[    7.027281] fbcon: astdrmfb (fb0) is primary device
[    7.037556] ipmi_si IPI0001:00: IPMI message handler: Found new BMC (man_id: 0x00c1d6, prod_id: 0x1040, dev_id: 0x20)
[    7.053618] Console: switching to colour frame buffer device 128x48
[    7.064149] ast 0000:68:00.0: [drm] fb0: astdrmfb frame buffer device
[    7.205386] EXT4-fs (sda2): mounted filesystem 25094d26-b9fc-48df-b94b-391ec2d71260 r/w with ordered data mode. Quota mode: none.
[    7.222982] EXT4-fs (nvme0n1p1): mounted filesystem a87f17fd-bba7-4970-a797-7916f19bd50d r/w with ordered data mode. Quota mode: none.
[    7.277521] ipmi_si IPI0001:00: IPMI kcs interface initialized
[    7.465426] ipmi_ssif: IPMI SSIF Interface driver
[    7.465744] kvm_amd: TSC scaling supported
[    7.465747] kvm_amd: Nested Virtualization enabled
[    7.465750] kvm_amd: Nested Paging enabled
[    7.465753] kvm_amd: LBR virtualization supported
[    7.465758] kvm_amd: SEV disabled (ASIDs 1 - 509)
[    7.465760] kvm_amd: SEV-ES disabled (ASIDs 0 - 0)
[    7.465763] kvm_amd: Virtual VMLOAD VMSAVE supported
[    7.465764] kvm_amd: Virtual GIF supported
[    7.469614] xe 0000:43:00.0: [drm] Running in SR-IOV PF mode
[    7.469793] xe 0000:43:00.0: [drm] Found battlemage (device ID e223) discrete display version 14.01 stepping C0
[    7.471216] xe 0000:43:00.0: [drm] VISIBLE VRAM: 0x0000017000000000, 0x0000000800000000
[    7.471242] xe 0000:43:00.0: [drm] VRAM[0]: Actual physical size 0x0000000800000000, usable size exclude stolen 0x00000007f9000000, CPU accessible size 0x00000007f9000000
[    7.471246] xe 0000:43:00.0: [drm] VRAM[0]: DPA range: [0x0000000000000000-800000000], io range: [0x0000017000000000-177f9000000]
[    7.471250] xe 0000:43:00.0: [drm] VRAM[0]: Actual physical size 0x0000000800000000, usable size exclude stolen 0x00000007f9000000, CPU accessible size 0x00000007f9000000
[    7.471254] xe 0000:43:00.0: [drm] VRAM[0]: DPA range: [0x0000000000000000-800000000], io range: [0x0000017000000000-177f9000000]
[    7.489144] MCE: In-kernel MCE decoding enabled.
[    7.499671] xe 0000:43:00.0: vgaarb: VGA decodes changed: olddecodes=io+mem,decodes=none:owns=none
[    7.509368] xe 0000:43:00.0: [drm] Tile0: GT0: Using GuC firmware from xe/bmg_guc_70.bin version 70.58.0
[    7.520855] xe 0000:43:00.0: [drm] Finished loading DMC firmware i915/bmg_dmc.bin (v2.6)
[    7.566118] amd_atl: AMD Address Translation Library initialized
[    7.566370] audit: type=1400 audit(1789846381.870:2): apparmor="STATUS" operation="profile_load" profile="unconfined" name="Discord" pid=1652 comm="apparmor_parser"
[    7.566410] audit: type=1400 audit(1789846381.870:3): apparmor="STATUS" operation="profile_load" profile="unconfined" name="QtWebEngineProcess" pid=1654 comm="apparmor_parser"
[    7.566453] audit: type=1400 audit(1789846381.870:4): apparmor="STATUS" operation="profile_load" profile="unconfined" name="epiphany" pid=1677 comm="apparmor_parser"
[    7.566507] audit: type=1400 audit(1789846381.870:5): apparmor="STATUS" operation="profile_load" profile="unconfined" name="flatpak" pid=1681 comm="apparmor_parser"
[    7.566708] audit: type=1400 audit(1789846381.871:6): apparmor="STATUS" operation="profile_load" profile="unconfined" name="ch-run" pid=1667 comm="apparmor_parser"
[    7.567438] audit: type=1400 audit(1789846381.871:7): apparmor="STATUS" operation="profile_load" profile="unconfined" name="buildah" pid=1663 comm="apparmor_parser"
[    7.567444] audit: type=1400 audit(1789846381.871:8): apparmor="STATUS" operation="profile_load" profile="unconfined" name="element-desktop" pid=1676 comm="apparmor_parser"
[    7.567467] audit: type=1400 audit(1789846381.871:9): apparmor="STATUS" operation="profile_load" profile="unconfined" name="ch-checkns" pid=1666 comm="apparmor_parser"
[    7.567509] audit: type=1400 audit(1789846381.871:10): apparmor="STATUS" operation="profile_load" profile="unconfined" name=4D6F6E676F444220436F6D70617373 pid=1653 comm="apparmor_parser"
[    7.567563] audit: type=1400 audit(1789846381.871:11): apparmor="STATUS" operation="profile_load" profile="unconfined" name="balena-etcher" pid=1659 comm="apparmor_parser"
[    7.662478] intel_rapl_common: Found RAPL domain package
[    7.662484] intel_rapl_common: Found RAPL domain core
[    7.863304] cfg80211: Loading compiled-in X.509 certificates for regulatory database
[    7.863596] Loaded X.509 cert 'sforshee: 00b28ddf47aef9cea7'
[    7.863739] Loaded X.509 cert 'wens: 61c038651aabdcf94bd0ac7ff06c7248db18c600'
[    7.903805] xe 0000:43:00.0: [drm] Tile0: GT0: ccs1 fused off
[    7.903813] xe 0000:43:00.0: [drm] Tile0: GT0: ccs2 fused off
[    7.903816] xe 0000:43:00.0: [drm] Tile0: GT0: ccs3 fused off
[    7.945749] xe 0000:43:00.0: [drm] Tile0: GT1: Using GuC firmware from xe/bmg_guc_70.bin version 70.58.0
[    7.952190] xe 0000:43:00.0: [drm] Tile0: GT1: Using HuC firmware from xe/bmg_huc.bin version 8.2.10
[    7.965237] xe 0000:43:00.0: [drm] Tile0: GT1: vcs1 fused off
[    7.965353] xe 0000:43:00.0: [drm] Tile0: GT1: vcs3 fused off
[    7.965359] xe 0000:43:00.0: [drm] Tile0: GT1: vcs4 fused off
[    7.965362] xe 0000:43:00.0: [drm] Tile0: GT1: vcs5 fused off
[    7.965367] xe 0000:43:00.0: [drm] Tile0: GT1: vcs6 fused off
[    7.965372] xe 0000:43:00.0: [drm] Tile0: GT1: vcs7 fused off
[    7.965378] xe 0000:43:00.0: [drm] Tile0: GT1: vecs2 fused off
[    7.965385] xe 0000:43:00.0: [drm] Tile0: GT1: vecs3 fused off
[    8.036736] xe 0000:43:00.0: [drm] Registered 4 planes with drm panic
[    8.036743] [drm] Initialized xe 1.1.0 for 0000:43:00.0 on minor 1
[    8.069155] xe 0000:43:00.0: [drm] Cannot find any crtc or sizes
[    8.078594] xe 0000:43:00.0: [drm] Using mailbox commands for power limits
[    8.079187] xe 0000:43:00.0: [drm] PL2 is supported on channel 0
[    8.082422] xe 0000:47:00.0: [drm] Running in SR-IOV PF mode
[    8.082549] xe 0000:47:00.0: [drm] Found battlemage (device ID e223) discrete display version 14.01 stepping C0
[    8.083949] xe 0000:47:00.0: [drm] VISIBLE VRAM: 0x0000015800000000, 0x0000000800000000
[    8.083970] xe 0000:47:00.0: [drm] VRAM[0]: Actual physical size 0x0000000800000000, usable size exclude stolen 0x00000007f9000000, CPU accessible size 0x00000007f9000000
[    8.083974] xe 0000:47:00.0: [drm] VRAM[0]: DPA range: [0x0000000000000000-800000000], io range: [0x0000015800000000-15ff9000000]
[    8.083978] xe 0000:47:00.0: [drm] VRAM[0]: Actual physical size 0x0000000800000000, usable size exclude stolen 0x00000007f9000000, CPU accessible size 0x00000007f9000000
[    8.083981] xe 0000:47:00.0: [drm] VRAM[0]: DPA range: [0x0000000000000000-800000000], io range: [0x0000015800000000-15ff9000000]
[    8.109572] nvme nvme0: using unchecked data buffer
[    8.121188] xe 0000:47:00.0: [drm] Finished loading DMC firmware i915/bmg_dmc.bin (v2.6)
[    8.123968] xe 0000:47:00.0: [drm] Tile0: GT0: Using GuC firmware from xe/bmg_guc_70.bin version 70.58.0
[    8.134577] xe 0000:43:00.0: [drm] Cannot find any crtc or sizes
[    8.134576] snd_hda_intel 0000:44:00.0: bound 0000:43:00.0 (ops intel_audio_component_bind_ops [xe])
[    8.139105] snd_hda_intel 0000:44:00.0: Unknown capability 0
[    8.167652] xe 0000:43:00.0: [drm] Cannot find any crtc or sizes
[    8.188596] input: HDA Intel PCH HDMI/DP,pcm=3 as /devices/pci0000:40/0000:40:01.1/0000:41:00.0/0000:42:02.0/0000:44:00.0/sound/card1/input4
[    8.188693] input: HDA Intel PCH HDMI/DP,pcm=7 as /devices/pci0000:40/0000:40:01.1/0000:41:00.0/0000:42:02.0/0000:44:00.0/sound/card1/input5
[    8.188762] input: HDA Intel PCH HDMI/DP,pcm=8 as /devices/pci0000:40/0000:40:01.1/0000:41:00.0/0000:42:02.0/0000:44:00.0/sound/card1/input6
[    8.188921] input: HDA Intel PCH HDMI/DP,pcm=9 as /devices/pci0000:40/0000:40:01.1/0000:41:00.0/0000:42:02.0/0000:44:00.0/sound/card1/input7
[    8.200010] NET: Registered PF_QIPCRTR protocol family
[    8.336584] loop0: detected capacity change from 0 to 8
[    8.478925] xe 0000:47:00.0: [drm] Tile0: GT0: ccs1 fused off
[    8.478933] xe 0000:47:00.0: [drm] Tile0: GT0: ccs2 fused off
[    8.478936] xe 0000:47:00.0: [drm] Tile0: GT0: ccs3 fused off
[    8.508079] xe 0000:47:00.0: [drm] Tile0: GT1: Using GuC firmware from xe/bmg_guc_70.bin version 70.58.0
[    8.511077] xe 0000:47:00.0: [drm] Tile0: GT1: Using HuC firmware from xe/bmg_huc.bin version 8.2.10
[    8.522860] xe 0000:47:00.0: [drm] Tile0: GT1: vcs1 fused off
[    8.522866] xe 0000:47:00.0: [drm] Tile0: GT1: vcs3 fused off
[    8.522869] xe 0000:47:00.0: [drm] Tile0: GT1: vcs4 fused off
[    8.522872] xe 0000:47:00.0: [drm] Tile0: GT1: vcs5 fused off
[    8.522874] xe 0000:47:00.0: [drm] Tile0: GT1: vcs6 fused off
[    8.522877] xe 0000:47:00.0: [drm] Tile0: GT1: vcs7 fused off
[    8.522879] xe 0000:47:00.0: [drm] Tile0: GT1: vecs2 fused off
[    8.522882] xe 0000:47:00.0: [drm] Tile0: GT1: vecs3 fused off
[    8.584565] xe 0000:47:00.0: [drm] Registered 4 planes with drm panic
[    8.584572] [drm] Initialized xe 1.1.0 for 0000:47:00.0 on minor 2
[    8.616938] xe 0000:47:00.0: [drm] Cannot find any crtc or sizes
[    8.626256] xe 0000:47:00.0: [drm] Using mailbox commands for power limits
[    8.626865] xe 0000:47:00.0: [drm] PL2 is supported on channel 0
[    8.632590] xe 0000:03:00.0: [drm] Running in SR-IOV PF mode
[    8.633551] xe 0000:03:00.0: [drm] Found battlemage (device ID e223) discrete display version 14.01 stepping C0
[    8.636340] xe 0000:03:00.0: [drm] VISIBLE VRAM: 0x000001f000000000, 0x0000000800000000
[    8.636363] xe 0000:03:00.0: [drm] VRAM[0]: Actual physical size 0x0000000800000000, usable size exclude stolen 0x00000007f9000000, CPU accessible size 0x00000007f9000000
[    8.636366] xe 0000:03:00.0: [drm] VRAM[0]: DPA range: [0x0000000000000000-800000000], io range: [0x000001f000000000-1f7f9000000]
[    8.636370] xe 0000:03:00.0: [drm] VRAM[0]: Actual physical size 0x0000000800000000, usable size exclude stolen 0x00000007f9000000, CPU accessible size 0x00000007f9000000
[    8.636373] xe 0000:03:00.0: [drm] VRAM[0]: DPA range: [0x0000000000000000-800000000], io range: [0x000001f000000000-1f7f9000000]
[    8.666216] xe 0000:03:00.0: [drm] Finished loading DMC firmware i915/bmg_dmc.bin (v2.6)
[    8.668886] xe 0000:03:00.0: [drm] Tile0: GT0: Using GuC firmware from xe/bmg_guc_70.bin version 70.58.0
[    8.682938] xe 0000:47:00.0: [drm] Cannot find any crtc or sizes
[    8.682941] snd_hda_intel 0000:48:00.0: bound 0000:47:00.0 (ops intel_audio_component_bind_ops [xe])
[    8.687598] snd_hda_intel 0000:48:00.0: Unknown capability 0
[    8.712247] input: HDA Intel PCH HDMI/DP,pcm=3 as /devices/pci0000:40/0000:40:03.1/0000:45:00.0/0000:46:02.0/0000:48:00.0/sound/card2/input8
[    8.712348] input: HDA Intel PCH HDMI/DP,pcm=7 as /devices/pci0000:40/0000:40:03.1/0000:45:00.0/0000:46:02.0/0000:48:00.0/sound/card2/input9
[    8.712447] input: HDA Intel PCH HDMI/DP,pcm=8 as /devices/pci0000:40/0000:40:03.1/0000:45:00.0/0000:46:02.0/0000:48:00.0/sound/card2/input10
[    8.712522] input: HDA Intel PCH HDMI/DP,pcm=9 as /devices/pci0000:40/0000:40:03.1/0000:45:00.0/0000:46:02.0/0000:48:00.0/sound/card2/input11
[    8.715327] xe 0000:47:00.0: [drm] Cannot find any crtc or sizes
[    8.994199] xe 0000:03:00.0: [drm] Tile0: GT0: ccs1 fused off
[    8.994204] xe 0000:03:00.0: [drm] Tile0: GT0: ccs2 fused off
[    8.994207] xe 0000:03:00.0: [drm] Tile0: GT0: ccs3 fused off
[    9.023307] xe 0000:03:00.0: [drm] Tile0: GT1: Using GuC firmware from xe/bmg_guc_70.bin version 70.58.0
[    9.026358] xe 0000:03:00.0: [drm] Tile0: GT1: Using HuC firmware from xe/bmg_huc.bin version 8.2.10
[    9.038347] xe 0000:03:00.0: [drm] Tile0: GT1: vcs1 fused off
[    9.038352] xe 0000:03:00.0: [drm] Tile0: GT1: vcs3 fused off
[    9.038355] xe 0000:03:00.0: [drm] Tile0: GT1: vcs4 fused off
[    9.038358] xe 0000:03:00.0: [drm] Tile0: GT1: vcs5 fused off
[    9.038361] xe 0000:03:00.0: [drm] Tile0: GT1: vcs6 fused off
[    9.038363] xe 0000:03:00.0: [drm] Tile0: GT1: vcs7 fused off
[    9.038366] xe 0000:03:00.0: [drm] Tile0: GT1: vecs2 fused off
[    9.038369] xe 0000:03:00.0: [drm] Tile0: GT1: vecs3 fused off
[    9.102075] xe 0000:03:00.0: [drm] Registered 4 planes with drm panic
[    9.102080] [drm] Initialized xe 1.1.0 for 0000:03:00.0 on minor 3
[    9.134484] xe 0000:03:00.0: [drm] Cannot find any crtc or sizes
[    9.143826] xe 0000:03:00.0: [drm] Using mailbox commands for power limits
[    9.144400] xe 0000:03:00.0: [drm] PL2 is supported on channel 0
[    9.147572] xe 0000:07:00.0: [drm] Running in SR-IOV PF mode
[    9.147722] xe 0000:07:00.0: [drm] Found battlemage (device ID e223) discrete display version 14.01 stepping C0
[    9.149097] xe 0000:07:00.0: [drm] VISIBLE VRAM: 0x000001d800000000, 0x0000000800000000
[    9.149118] xe 0000:07:00.0: [drm] VRAM[0]: Actual physical size 0x0000000800000000, usable size exclude stolen 0x00000007f9000000, CPU accessible size 0x00000007f9000000
[    9.149121] xe 0000:07:00.0: [drm] VRAM[0]: DPA range: [0x0000000000000000-800000000], io range: [0x000001d800000000-1dff9000000]
[    9.149125] xe 0000:07:00.0: [drm] VRAM[0]: Actual physical size 0x0000000800000000, usable size exclude stolen 0x00000007f9000000, CPU accessible size 0x00000007f9000000
[    9.149128] xe 0000:07:00.0: [drm] VRAM[0]: DPA range: [0x0000000000000000-800000000], io range: [0x000001d800000000-1dff9000000]
[    9.185161] xe 0000:07:00.0: [drm] Finished loading DMC firmware i915/bmg_dmc.bin (v2.6)
[    9.187897] xe 0000:07:00.0: [drm] Tile0: GT0: Using GuC firmware from xe/bmg_guc_70.bin version 70.58.0
[    9.199696] xe 0000:03:00.0: [drm] Cannot find any crtc or sizes
[    9.199702] snd_hda_intel 0000:04:00.0: bound 0000:03:00.0 (ops intel_audio_component_bind_ops [xe])
[    9.204603] snd_hda_intel 0000:04:00.0: Unknown capability 0
[    9.231799] input: HDA Intel PCH HDMI/DP,pcm=3 as /devices/pci0000:00/0000:00:01.1/0000:01:00.0/0000:02:02.0/0000:04:00.0/sound/card3/input12
[    9.231906] input: HDA Intel PCH HDMI/DP,pcm=7 as /devices/pci0000:00/0000:00:01.1/0000:01:00.0/0000:02:02.0/0000:04:00.0/sound/card3/input13
[    9.232002] input: HDA Intel PCH HDMI/DP,pcm=8 as /devices/pci0000:00/0000:00:01.1/0000:01:00.0/0000:02:02.0/0000:04:00.0/sound/card3/input14
[    9.232099] input: HDA Intel PCH HDMI/DP,pcm=9 as /devices/pci0000:00/0000:00:01.1/0000:01:00.0/0000:02:02.0/0000:04:00.0/sound/card3/input15
[    9.232627] xe 0000:03:00.0: [drm] Cannot find any crtc or sizes
[    9.514195] xe 0000:07:00.0: [drm] Tile0: GT0: ccs1 fused off
[    9.514203] xe 0000:07:00.0: [drm] Tile0: GT0: ccs2 fused off
[    9.514206] xe 0000:07:00.0: [drm] Tile0: GT0: ccs3 fused off
[    9.543431] xe 0000:07:00.0: [drm] Tile0: GT1: Using GuC firmware from xe/bmg_guc_70.bin version 70.58.0
[    9.546425] xe 0000:07:00.0: [drm] Tile0: GT1: Using HuC firmware from xe/bmg_huc.bin version 8.2.10
[    9.558328] xe 0000:07:00.0: [drm] Tile0: GT1: vcs1 fused off
[    9.558332] xe 0000:07:00.0: [drm] Tile0: GT1: vcs3 fused off
[    9.558335] xe 0000:07:00.0: [drm] Tile0: GT1: vcs4 fused off
[    9.558338] xe 0000:07:00.0: [drm] Tile0: GT1: vcs5 fused off
[    9.558341] xe 0000:07:00.0: [drm] Tile0: GT1: vcs6 fused off
[    9.558344] xe 0000:07:00.0: [drm] Tile0: GT1: vcs7 fused off
[    9.558347] xe 0000:07:00.0: [drm] Tile0: GT1: vecs2 fused off
[    9.558349] xe 0000:07:00.0: [drm] Tile0: GT1: vecs3 fused off
[    9.620502] xe 0000:07:00.0: [drm] Registered 4 planes with drm panic
[    9.620507] [drm] Initialized xe 1.1.0 for 0000:07:00.0 on minor 4
[    9.652915] xe 0000:07:00.0: [drm] Cannot find any crtc or sizes
[    9.654190] xe 0000:07:00.0: [drm] Using mailbox commands for power limits
[    9.654783] xe 0000:07:00.0: [drm] PL2 is supported on channel 0
[    9.680788] Creating 4 MTD partitions on "xe.nvm.17152":
[    9.680796] 0x000000000000-0x000000001000 : "xe.nvm.17152.DESCRIPTOR"
[    9.691535] 0x000000001000-0x00000054e000 : "xe.nvm.17152.GSC"
[    9.695380] 0x00000054e000-0x00000074e000 : "xe.nvm.17152.OptionROM"
[    9.697414] 0x00000074e000-0x00000075e000 : "xe.nvm.17152.DAM"
[    9.706037] Creating 4 MTD partitions on "xe.nvm.18176":
[    9.706043] 0x000000000000-0x000000001000 : "xe.nvm.18176.DESCRIPTOR"
[    9.707745] 0x000000001000-0x00000054e000 : "xe.nvm.18176.GSC"
[    9.709624] 0x00000054e000-0x00000074e000 : "xe.nvm.18176.OptionROM"
[    9.711264] 0x00000074e000-0x00000075e000 : "xe.nvm.18176.DAM"
[    9.714239] Creating 4 MTD partitions on "xe.nvm.768":
[    9.714245] 0x000000000000-0x000000001000 : "xe.nvm.768.DESCRIPTOR"
[    9.715795] 0x000000001000-0x00000054e000 : "xe.nvm.768.GSC"
[    9.717356] 0x00000054e000-0x00000074e000 : "xe.nvm.768.OptionROM"
[    9.719054] 0x00000074e000-0x00000075e000 : "xe.nvm.768.DAM"
[    9.719428] xe 0000:07:00.0: [drm] Cannot find any crtc or sizes
[    9.722829] Creating 4 MTD partitions on "xe.nvm.1792":
[    9.722835] 0x000000000000-0x000000001000 : "xe.nvm.1792.DESCRIPTOR"
[    9.724371] 0x000000001000-0x00000054e000 : "xe.nvm.1792.GSC"
[    9.726072] 0x00000054e000-0x00000074e000 : "xe.nvm.1792.OptionROM"
[    9.727832] 0x00000074e000-0x00000075e000 : "xe.nvm.1792.DAM"
[    9.751659] xe 0000:07:00.0: [drm] Cannot find any crtc or sizes
[    9.751665] snd_hda_intel 0000:08:00.0: bound 0000:07:00.0 (ops intel_audio_component_bind_ops [xe])
[    9.758407] snd_hda_intel 0000:08:00.0: Unknown capability 0
[    9.804425] mei_lb xe.mei-gscfi.18176-e2c2afa2-3817-4d19-9d95-06b16b588a5d: bound 0000:47:00.0 (ops xe_late_bind_component_ops [xe])
[    9.804801] mei_lb xe.mei-gscfi.17152-e2c2afa2-3817-4d19-9d95-06b16b588a5d: bound 0000:43:00.0 (ops xe_late_bind_component_ops [xe])
[    9.804916] input: HDA Intel PCH HDMI/DP,pcm=3 as /devices/pci0000:00/0000:00:03.1/0000:05:00.0/0000:06:02.0/0000:08:00.0/sound/card4/input16
[    9.804956] mei_lb xe.mei-gscfi.768-e2c2afa2-3817-4d19-9d95-06b16b588a5d: bound 0000:03:00.0 (ops xe_late_bind_component_ops [xe])
[    9.805247] mei_lb xe.mei-gscfi.1792-e2c2afa2-3817-4d19-9d95-06b16b588a5d: bound 0000:07:00.0 (ops xe_late_bind_component_ops [xe])
[    9.805530] input: HDA Intel PCH HDMI/DP,pcm=7 as /devices/pci0000:00/0000:00:03.1/0000:05:00.0/0000:06:02.0/0000:08:00.0/sound/card4/input17
[    9.806193] input: HDA Intel PCH HDMI/DP,pcm=8 as /devices/pci0000:00/0000:00:03.1/0000:05:00.0/0000:06:02.0/0000:08:00.0/sound/card4/input18
[    9.806429] input: HDA Intel PCH HDMI/DP,pcm=9 as /devices/pci0000:00/0000:00:03.1/0000:05:00.0/0000:06:02.0/0000:08:00.0/sound/card4/input19
[  127.958550] kauditd_printk_skb: 175 callbacks suppressed
[  127.958555] audit: type=1400 audit(1789846502.925:187): apparmor="STATUS" operation="profile_load" profile="unconfined" name="docker-default" pid=2767 comm="apparmor_parser"
[  128.184425] Initializing XFRM netlink socket
[  128.206329] bridge: filtering via arp/ip/ip6tables is no longer available by default. Update your scripts to load br_netfilter if you need this.
[  128.771732] audit: type=1400 audit(1789846503.738:188): apparmor="DENIED" operation="open" class="file" profile="who" name="/usr/share/coreutils/locales/uucore/en-US.ftl" pid=3003 comm="who" requested_mask="r" denied_mask="r" fsuid=0 ouid=0
[  129.194036] evm: overlay not supported
[  129.388837] docker0: port 1(vethe475a4d) entered blocking state
[  129.388845] docker0: port 1(vethe475a4d) entered disabled state
[  129.388855] vethe475a4d: entered allmulticast mode
[  129.388963] vethe475a4d: entered promiscuous mode
[  129.395538] eth0: renamed from veth2cbefa2
[  129.397301] docker0: port 1(vethe475a4d) entered blocking state
[  129.397306] docker0: port 1(vethe475a4d) entered forwarding state
[  129.516573] veth2cbefa2: renamed from eth0
[  129.516760] docker0: port 1(vethe475a4d) entered disabled state
[  129.560919] docker0: port 1(vethe475a4d) entered disabled state
[  129.561267] vethe475a4d (unregistering): left allmulticast mode
[  129.561273] vethe475a4d (unregistering): left promiscuous mode
[  129.561276] docker0: port 1(vethe475a4d) entered disabled state
[  129.769778] docker0: port 1(veth7d4c9d9) entered blocking state
[  129.769791] docker0: port 1(veth7d4c9d9) entered disabled state
[  129.769810] veth7d4c9d9: entered allmulticast mode
[  129.769886] veth7d4c9d9: entered promiscuous mode
[  129.774961] eth0: renamed from veth7be2a1d
[  129.775686] docker0: port 1(veth7d4c9d9) entered blocking state
[  129.775696] docker0: port 1(veth7d4c9d9) entered forwarding state
[  129.845546] docker0: port 1(veth7d4c9d9) entered disabled state
[  129.845602] veth7be2a1d: renamed from eth0
[  129.880957] docker0: port 1(veth7d4c9d9) entered disabled state
[  129.881272] veth7d4c9d9 (unregistering): left allmulticast mode
[  129.881278] veth7d4c9d9 (unregistering): left promiscuous mode
[  129.881281] docker0: port 1(veth7d4c9d9) entered disabled state
[  154.612691] docker0: port 1(veth48a587f) entered blocking state
[  154.612699] docker0: port 1(veth48a587f) entered disabled state
[  154.612710] veth48a587f: entered allmulticast mode
[  154.612817] veth48a587f: entered promiscuous mode
[  154.618380] eth0: renamed from vethcd44f0e
[  154.619032] docker0: port 1(veth48a587f) entered blocking state
[  154.619038] docker0: port 1(veth48a587f) entered forwarding state
[  154.690330] docker0: port 1(veth48a587f) entered disabled state
[  154.690381] vethcd44f0e: renamed from eth0
[  154.740348] docker0: port 1(veth48a587f) entered disabled state
[  154.741104] veth48a587f (unregistering): left allmulticast mode
[  154.741110] veth48a587f (unregistering): left promiscuous mode
[  154.741115] docker0: port 1(veth48a587f) entered disabled state
[  178.775420] docker0: port 1(veth2eaba23) entered blocking state
[  178.775428] docker0: port 1(veth2eaba23) entered disabled state
[  178.775439] veth2eaba23: entered allmulticast mode
[  178.775502] veth2eaba23: entered promiscuous mode
[  178.780776] eth0: renamed from veth6af807b
[  178.781315] docker0: port 1(veth2eaba23) entered blocking state
[  178.781320] docker0: port 1(veth2eaba23) entered forwarding state
[  230.120477] audit: type=1400 audit(1789846605.085:189): apparmor="DENIED" operation="open" class="file" profile="who" name="/usr/share/coreutils/locales/uucore/en-US.ftl" pid=4811 comm="who" requested_mask="r" denied_mask="r" fsuid=0 ouid=0
[  247.694331] xe 0000:03:00.0: Using 46-bit DMA addresses
[  247.930893] xe 0000:43:00.0: Using 46-bit DMA addresses
[  247.931300] xe 0000:47:00.0: Using 46-bit DMA addresses
[  374.389661] xe 0000:07:00.0: Using 46-bit DMA addresses
[  666.934703] audit: type=1400 audit(1789847041.891:190): apparmor="DENIED" operation="open" class="file" profile="who" name="/usr/share/coreutils/locales/uucore/en-US.ftl" pid=7551 comm="who" requested_mask="r" denied_mask="r" fsuid=0 ouid=0
[  921.344260] workqueue: delayed_fput hogged CPU for >10000us 4 times, consider switching to WQ_UNBOUND
[  953.803010] docker0: port 1(veth2eaba23) entered disabled state
[  953.803066] veth6af807b: renamed from eth0
[  953.841586] docker0: port 1(veth2eaba23) entered disabled state
[  953.842397] veth2eaba23 (unregistering): left allmulticast mode
[  953.842402] veth2eaba23 (unregistering): left promiscuous mode
[  953.842407] docker0: port 1(veth2eaba23) entered disabled state
[ 1111.001032] audit: type=1400 audit(1789847485.950:191): apparmor="DENIED" operation="open" class="file" profile="who" name="/usr/share/coreutils/locales/uucore/en-US.ftl" pid=9664 comm="who" requested_mask="r" denied_mask="r" fsuid=0 ouid=0
[ 1149.861147] docker0: port 1(veth1bd7e2b) entered blocking state
[ 1149.861155] docker0: port 1(veth1bd7e2b) entered disabled state
[ 1149.861164] veth1bd7e2b: entered allmulticast mode
[ 1149.861225] veth1bd7e2b: entered promiscuous mode
[ 1149.867620] eth0: renamed from veth1f36f47
[ 1149.869755] docker0: port 1(veth1bd7e2b) entered blocking state
[ 1149.869760] docker0: port 1(veth1bd7e2b) entered forwarding state
[ 1201.664919] audit: type=1400 audit(1789847576.613:192): apparmor="DENIED" operation="open" class="file" profile="who" name="/usr/share/coreutils/locales/uucore/en-US.ftl" pid=10999 comm="who" requested_mask="r" denied_mask="r" fsuid=0 ouid=0
[ 1495.221288] audit: type=1400 audit(1789847870.165:193): apparmor="DENIED" operation="open" class="file" profile="who" name="/usr/share/coreutils/locales/uucore/en-US.ftl" pid=12883 comm="who" requested_mask="r" denied_mask="r" fsuid=0 ouid=0
[ 1934.493263] audit: type=1400 audit(1789848309.430:194): apparmor="DENIED" operation="open" class="file" profile="who" name="/usr/share/coreutils/locales/uucore/en-US.ftl" pid=15746 comm="who" requested_mask="r" denied_mask="r" fsuid=0 ouid=0
[ 2395.744440] audit: type=1400 audit(1789848770.674:195): apparmor="DENIED" operation="open" class="file" profile="who" name="/usr/share/coreutils/locales/uucore/en-US.ftl" pid=17610 comm="who" requested_mask="r" denied_mask="r" fsuid=0 ouid=0
[ 2526.152635] audit: type=1400 audit(1789848901.080:196): apparmor="DENIED" operation="open" class="file" profile="who" name="/usr/share/coreutils/locales/uucore/en-US.ftl" pid=18427 comm="who" requested_mask="r" denied_mask="r" fsuid=0 ouid=0
[ 2983.720676] audit: type=1400 audit(1789849358.641:197): apparmor="DENIED" operation="open" class="file" profile="who" name="/usr/share/coreutils/locales/uucore/en-US.ftl" pid=20154 comm="who" requested_mask="r" denied_mask="r" fsuid=0 ouid=0
[ 3400.182954] audit: type=1400 audit(1789849775.096:198): apparmor="DENIED" operation="open" class="file" profile="who" name="/usr/share/coreutils/locales/uucore/en-US.ftl" pid=21692 comm="who" requested_mask="r" denied_mask="r" fsuid=0 ouid=0
[ 3453.893801] workqueue: delayed_fput hogged CPU for >10000us 5 times, consider switching to WQ_UNBOUND
[ 3453.922809] workqueue: delayed_fput hogged CPU for >10000us 7 times, consider switching to WQ_UNBOUND
[ 3454.196657] docker0: port 1(veth1bd7e2b) entered disabled state
[ 3454.196713] veth1f36f47: renamed from eth0
[ 3454.240349] docker0: port 1(veth1bd7e2b) entered disabled state
[ 3454.240649] veth1bd7e2b (unregistering): left allmulticast mode
[ 3454.240654] veth1bd7e2b (unregistering): left promiscuous mode
[ 3454.240657] docker0: port 1(veth1bd7e2b) entered disabled state
[ 3459.938183] docker0: port 1(vethc833e5e) entered blocking state
[ 3459.938192] docker0: port 1(vethc833e5e) entered disabled state
[ 3459.938219] vethc833e5e: entered allmulticast mode
[ 3459.938379] vethc833e5e: entered promiscuous mode
[ 3459.944661] eth0: renamed from veth5de75b8
[ 3459.946109] docker0: port 1(vethc833e5e) entered blocking state
[ 3459.946114] docker0: port 1(vethc833e5e) entered forwarding state
[ 3514.521244] audit: type=1400 audit(1789849889.434:199): apparmor="DENIED" operation="open" class="file" profile="who" name="/usr/share/coreutils/locales/uucore/en-US.ftl" pid=23507 comm="who" requested_mask="r" denied_mask="r" fsuid=0 ouid=0
[ 3931.435031] audit: type=1400 audit(1789850306.340:200): apparmor="DENIED" operation="open" class="file" profile="who" name="/usr/share/coreutils/locales/uucore/en-US.ftl" pid=26046 comm="who" requested_mask="r" denied_mask="r" fsuid=0 ouid=0
[ 4090.873840] xe 0000:03:00.0: [drm] Tile0: GT0: 
               	ASID: 49
               	Faulted Address: 0x0000e000e99ff000
               	FaultType: 0
               	AccessType: 0
               	FaultLevel: 0
               	EngineClass: 5 ccs
               	EngineInstance: 0
[ 4090.873851] xe 0000:03:00.0: [drm] Tile0: GT0: Fault response: Unsuccessful -ENOENT
[ 4090.873910] xe 0000:03:00.0: [drm] Tile0: GT0: Engine memory CAT error [18]: class=ccs, logical_mask: 0x1, guc_id=22
[ 4090.876425] xe 0000:03:00.0: [drm] Tile0: GT0: Engine reset: engine_class=ccs, logical_mask: 0x1, guc_id=22, state=0x249
[ 4090.876444] xe 0000:03:00.0: [drm] Tile0: GT0: Timedout job: seqno=95, lrc_seqno=95, guc_id=22, flags=0x20 in python3 [23186]
[ 4090.876461] kworker/u128:6: page allocation failure: order:9, mode:0x40820(GFP_ATOMIC|__GFP_COMP), nodemask=(null),cpuset=/,mems_allowed=0
[ 4090.876470] xe 0000:43:00.0: [drm] Tile0: GT0: 
               	ASID: 55
               	Faulted Address: 0x0000f555941ff000
               	FaultType: 0
               	AccessType: 0
               	FaultLevel: 0
               	EngineClass: 5 ccs
               	EngineInstance: 0
[ 4090.876474] CPU: 28 UID: 0 PID: 8984 Comm: kworker/u128:6 Not tainted 7.0.0-31-generic #31-Ubuntu PREEMPT(lazy) 
[ 4090.876478] Hardware name: To Be Filled By O.E.M. WRX80D8-2T/WRX80D8-2T, BIOS 10.27 05/05/2022
[ 4090.876482] xe 0000:43:00.0: [drm] Tile0: GT0: Fault response: Unsuccessful -ENOENT
[ 4090.876480] Workqueue: gt-ordered-wq drm_sched_job_timedout [gpu_sched]
[ 4090.876490] Call Trace:
[ 4090.876493]  <TASK>
[ 4090.876496]  show_stack+0x49/0x60
[ 4090.876502]  dump_stack_lvl+0x5f/0x90
[ 4090.876507]  dump_stack+0x10/0x18
[ 4090.876509]  warn_alloc+0x172/0x1a0
[ 4090.876517]  __alloc_pages_slowpath.constprop.0+0x59c/0x9b0
[ 4090.876524]  __alloc_frozen_pages_noprof+0x327/0x360
[ 4090.876529]  alloc_pages_mpol+0x88/0x1b0
[ 4090.876534]  alloc_frozen_pages_noprof+0x59/0xe0
[ 4090.876537]  ? srso_return_thunk+0x5/0x5f
[ 4090.876539] xe 0000:43:00.0: [drm] Tile0: GT0: Engine memory CAT error [18]: class=ccs, logical_mask: 0x1, guc_id=42
[ 4090.876540]  ? srso_return_thunk+0x5/0x5f
[ 4090.876542]  ___kmalloc_large_node+0xf6/0x140
[ 4090.876546]  __kmalloc_large_node_noprof+0x1f/0x110
[ 4090.876550]  ? xe_guc_log_snapshot_alloc+0xec/0x160 [xe]
[ 4090.876652]  __kmalloc_noprof+0x40e/0x5e0
[ 4090.876655]  ? __kmalloc_cache_noprof+0x12c/0x4b0
[ 4090.876658]  ? srso_return_thunk+0x5/0x5f
[ 4090.876661]  xe_guc_log_snapshot_alloc+0xec/0x160 [xe]
[ 4090.876751]  xe_guc_log_snapshot_capture+0x3c/0x1a0 [xe]
[ 4090.876841]  devcoredump_snapshot+0xfb/0x190 [xe]
[ 4090.876926]  xe_devcoredump+0x124/0x140 [xe]
[ 4090.877009]  ? _dev_notice+0x7b/0xb0
[ 4090.877015]  ? schedule_timeout+0x91/0x110
[ 4090.877020]  guc_exec_queue_timedout_job+0x3f6/0xc60 [xe]
[ 4090.877110]  ? __pfx_autoremove_wake_function+0x10/0x10
[ 4090.877116]  drm_sched_job_timedout+0x8c/0x1a0 [gpu_sched]
[ 4090.877122]  process_one_work+0x1ac/0x3d0
[ 4090.877127]  worker_thread+0x1b8/0x360
[ 4090.877130]  ? __pfx_worker_thread+0x10/0x10
[ 4090.877133]  kthread+0xf7/0x130
[ 4090.877136]  ? __pfx_kthread+0x10/0x10
[ 4090.877140]  ret_from_fork+0x195/0x2a0
[ 4090.877143]  ? __pfx_kthread+0x10/0x10
[ 4090.877146]  ? __pfx_kthread+0x10/0x10
[ 4090.877149]  ret_from_fork_asm+0x1a/0x30
[ 4090.877156]  </TASK>
[ 4090.877168] Mem-Info:
[ 4090.877173] active_anon:745621 inactive_anon:1750977 isolated_anon:0
                active_file:243136 inactive_file:1845438 isolated_file:0
                unevictable:2882 dirty:106 writeback:0
                slab_reclaimable:71208 slab_unreclaimable:337555
                mapped:308766 shmem:154893 pagetables:27207
                sec_pagetables:7965 bounce:0
                kernel_misc_reclaimable:0
                free:600527 free_pcp:9723 free_cma:0
[ 4090.877179] Node 0 active_anon:2982484kB inactive_anon:7003908kB active_file:973048kB inactive_file:7381752kB unevictable:11528kB isolated(anon):0kB isolated(file):0kB mapped:1235064kB dirty:424kB writeback:0kB shmem:619572kB shmem_thp:0kB shmem_pmdmapped:0kB anon_thp:0kB kernel_stack:25680kB pagetables:108828kB sec_pagetables:31860kB all_unreclaimable? no Balloon:0kB
[ 4090.877185] Node 0 DMA free:11268kB boost:0kB min:8kB low:20kB high:32kB reserved_highatomic:0KB free_highatomic:0KB active_anon:0kB inactive_anon:0kB active_file:0kB inactive_file:0kB unevictable:0kB writepending:0kB zspages:0kB present:15996kB managed:15364kB mlocked:0kB bounce:0kB free_pcp:0kB local_pcp:0kB free_cma:0kB
[ 4090.877192] lowmem_reserve[]: 0 787 126570 126570 126570
[ 4090.877201] Node 0 DMA32 free:503504kB boost:0kB min:388kB low:1132kB high:1876kB reserved_highatomic:0KB free_highatomic:0KB active_anon:0kB inactive_anon:0kB active_file:0kB inactive_file:0kB unevictable:0kB writepending:0kB zspages:0kB present:2972712kB managed:806820kB mlocked:0kB bounce:0kB free_pcp:0kB local_pcp:0kB free_cma:0kB
[ 4090.877207] lowmem_reserve[]: 0 0 125782 125782 125782
[ 4090.877216] Node 0 Normal free:1887336kB boost:136932kB min:204116kB low:332904kB high:461692kB reserved_highatomic:0KB free_highatomic:0KB active_anon:2982484kB inactive_anon:7003908kB active_file:973552kB inactive_file:7380744kB unevictable:11528kB writepending:424kB zspages:0kB present:131058688kB managed:128801320kB mlocked:8456kB bounce:0kB free_pcp:38884kB local_pcp:772kB free_cma:0kB
[ 4090.877223] lowmem_reserve[]: 0 0 0 0 0
[ 4090.877231] Node 0 DMA: 1*4kB (U) 0*8kB 0*16kB 0*32kB 0*64kB 0*128kB 0*256kB 0*512kB 1*1024kB (U) 1*2048kB (M) 2*4096kB (M) = 11268kB
[ 4090.877255] Node 0 DMA32: 12*4kB (UM) 12*8kB (UM) 12*16kB (UM) 20*32kB (UM) 16*64kB (UM) 14*128kB (UM) 10*256kB (UM) 5*512kB (UM) 3*1024kB (UM) 8*2048kB (UM) 116*4096kB (UM) = 503504kB
[ 4090.877287] Node 0 Normal: 36038*4kB (UME) 27690*8kB (UME) 15634*16kB (UME) 11223*32kB (UME) 6352*64kB (UME) 2646*128kB (UME) 541*256kB (UM) 54*512kB (UM) 1*1024kB (U) 0*2048kB 0*4096kB = 1887336kB
[ 4090.877321] Node 0 hugepages_total=0 hugepages_free=0 hugepages_surp=0 hugepages_size=1048576kB
[ 4090.877324] Node 0 hugepages_total=0 hugepages_free=0 hugepages_surp=0 hugepages_size=2048kB
[ 4090.877326] 2461790 total pagecache pages
[ 4090.877328] 216574 pages in swap cache
[ 4090.877330] Free swap  = 89402600kB
[ 4090.877331] Total swap = 100663292kB
[ 4090.877333] 33511849 pages RAM
[ 4090.877335] 0 pages HighMem/MovableOnly
[ 4090.877336] 1105973 pages reserved
[ 4090.877338] 0 pages cma reserved
[ 4090.877340] 0 pages hwpoisoned
[ 4090.877341] Memory cgroup min protection 0kB -- low protection 0kB
[ 4090.878843] xe 0000:07:00.0: [drm] Tile0: GT0: 
               	ASID: 52
               	Faulted Address: 0x0000eaab3edff000
               	FaultType: 0
               	AccessType: 0
               	FaultLevel: 0
               	EngineClass: 5 ccs
               	EngineInstance: 0
[ 4090.878850] xe 0000:07:00.0: [drm] Tile0: GT0: Fault response: Unsuccessful -ENOENT
[ 4090.878907] xe 0000:07:00.0: [drm] Tile0: GT0: Engine memory CAT error [18]: class=ccs, logical_mask: 0x1, guc_id=32
[ 4090.879030] xe 0000:43:00.0: [drm] Tile0: GT0: Engine reset: engine_class=ccs, logical_mask: 0x1, guc_id=42, state=0x249
[ 4090.879059] xe 0000:43:00.0: [drm] Tile0: GT0: Timedout job: seqno=63, lrc_seqno=63, guc_id=42, flags=0x20 in python3 [23383]
[ 4090.881405] xe 0000:07:00.0: [drm] Tile0: GT0: Engine reset: engine_class=ccs, logical_mask: 0x1, guc_id=32, state=0x249
[ 4090.881510] xe 0000:07:00.0: [drm] Tile0: GT0: Timedout job: seqno=51, lrc_seqno=51, guc_id=32, flags=0x20 in python3 [23276]
[ 4090.881528] xe 0000:47:00.0: [drm] Tile0: GT0: 
               	ASID: 58
               	Faulted Address: 0x0000ffffe95ff000
               	FaultType: 0
               	AccessType: 0
               	FaultLevel: 0
               	EngineClass: 5 ccs
               	EngineInstance: 0
[ 4090.881536] xe 0000:47:00.0: [drm] Tile0: GT0: Fault response: Unsuccessful -ENOENT
[ 4090.881587] xe 0000:47:00.0: [drm] Tile0: GT0: Engine memory CAT error [18]: class=ccs, logical_mask: 0x1, guc_id=52
[ 4090.883067] xe 0000:03:00.0: [drm] Xe device coredump has been created
[ 4090.883071] xe 0000:03:00.0: [drm] Check your /sys/class/drm/card3/device/devcoredump/data
[ 4090.884081] xe 0000:47:00.0: [drm] Tile0: GT0: Engine reset: engine_class=ccs, logical_mask: 0x1, guc_id=52, state=0x249
[ 4090.884102] xe 0000:47:00.0: [drm] Tile0: GT0: Timedout job: seqno=355, lrc_seqno=355, guc_id=52, flags=0x20 in python3 [23478]
[ 4090.884855] xe 0000:43:00.0: [drm] Xe device coredump has been created
[ 4090.884859] xe 0000:43:00.0: [drm] Check your /sys/class/drm/card1/device/devcoredump/data
[ 4090.887476] xe 0000:07:00.0: [drm] Xe device coredump has been created
[ 4090.887480] xe 0000:07:00.0: [drm] Check your /sys/class/drm/card4/device/devcoredump/data
[ 4090.889819] xe 0000:47:00.0: [drm] Xe device coredump has been created
[ 4090.889823] xe 0000:47:00.0: [drm] Check your /sys/class/drm/card2/device/devcoredump/data
[ 4383.832495] audit: type=1400 audit(1789850758.731:201): apparmor="DENIED" operation="open" class="file" profile="who" name="/usr/share/coreutils/locales/uucore/en-US.ftl" pid=28776 comm="who" requested_mask="r" denied_mask="r" fsuid=0 ouid=0
[ 4429.857162] xe 0000:43:00.0: [drm] Tile0: GT0: 
               	ASID: 55
               	Faulted Address: 0x0000caac54fb4000
               	FaultType: 0
               	AccessType: 0
               	FaultLevel: 4
               	EngineClass: 3 bcs
               	EngineInstance: 0
[ 4429.857174] xe 0000:43:00.0: [drm] Tile0: GT0: Fault response: Unsuccessful -ENOENT
[ 4429.857211] xe 0000:43:00.0: [drm] Tile0: GT0: Engine reset: engine_class=bcs, logical_mask: 0x1, guc_id=46, state=0x289
[ 4429.898683] xe 0000:03:00.0: [drm] Tile0: GT0: 
               	ASID: 49
               	Faulted Address: 0x0000b557aa5b4000
               	FaultType: 0
               	AccessType: 0
               	FaultLevel: 4
               	EngineClass: 3 bcs
               	EngineInstance: 0
[ 4429.898694] xe 0000:03:00.0: [drm] Tile0: GT0: Fault response: Unsuccessful -ENOENT
[ 4429.898776] xe 0000:03:00.0: [drm] Tile0: GT0: Engine reset: engine_class=bcs, logical_mask: 0x1, guc_id=26, state=0x289
[ 4430.172025] docker0: port 1(vethc833e5e) entered disabled state
[ 4430.172085] veth5de75b8: renamed from eth0
[ 4430.207130] docker0: port 1(vethc833e5e) entered disabled state
[ 4430.207415] vethc833e5e (unregistering): left allmulticast mode
[ 4430.207421] vethc833e5e (unregistering): left promiscuous mode
[ 4430.207425] docker0: port 1(vethc833e5e) entered disabled state
[ 4436.291597] docker0: port 1(veth417057b) entered blocking state
[ 4436.291605] docker0: port 1(veth417057b) entered disabled state
[ 4436.291618] veth417057b: entered allmulticast mode
[ 4436.291683] veth417057b: entered promiscuous mode
[ 4436.297807] eth0: renamed from veth42abb36
[ 4436.298616] docker0: port 1(veth417057b) entered blocking state
[ 4436.298620] docker0: port 1(veth417057b) entered forwarding state
[ 4457.065057] hrtimer: interrupt took 6160 ns
[ 4487.210469] audit: type=1400 audit(1789850862.108:202): apparmor="DENIED" operation="open" class="file" profile="who" name="/usr/share/coreutils/locales/uucore/en-US.ftl" pid=30282 comm="who" requested_mask="r" denied_mask="r" fsuid=0 ouid=0
[ 4920.664663] audit: type=1400 audit(1789851295.555:203): apparmor="DENIED" operation="open" class="file" profile="who" name="/usr/share/coreutils/locales/uucore/en-US.ftl" pid=32969 comm="who" requested_mask="r" denied_mask="r" fsuid=0 ouid=0
[ 5355.064147] audit: type=1400 audit(1789851729.948:204): apparmor="DENIED" operation="open" class="file" profile="who" name="/usr/share/coreutils/locales/uucore/en-US.ftl" pid=35354 comm="who" requested_mask="r" denied_mask="r" fsuid=0 ouid=0
[ 5433.443907] audit: type=1400 audit(1789851808.327:205): apparmor="DENIED" operation="open" class="file" profile="who" name="/usr/share/coreutils/locales/uucore/en-US.ftl" pid=35919 comm="who" requested_mask="r" denied_mask="r" fsuid=0 ouid=0
[ 5746.352952] audit: type=1400 audit(1789852121.231:206): apparmor="DENIED" operation="open" class="file" profile="who" name="/usr/share/coreutils/locales/uucore/en-US.ftl" pid=37598 comm="who" requested_mask="r" denied_mask="r" fsuid=0 ouid=0
[ 5823.682914] audit: type=1400 audit(1789852198.560:207): apparmor="DENIED" operation="open" class="file" profile="who" name="/usr/share/coreutils/locales/uucore/en-US.ftl" pid=38093 comm="who" requested_mask="r" denied_mask="r" fsuid=0 ouid=0
[ 6002.860915] audit: type=1400 audit(1789852377.735:208): apparmor="DENIED" operation="open" class="file" profile="who" name="/usr/share/coreutils/locales/uucore/en-US.ftl" pid=39634 comm="who" requested_mask="r" denied_mask="r" fsuid=0 ouid=0
[ 6066.584291] audit: type=1400 audit(1789852441.457:209): apparmor="DENIED" operation="open" class="file" profile="who" name="/usr/share/coreutils/locales/uucore/en-US.ftl" pid=40376 comm="who" requested_mask="r" denied_mask="r" fsuid=0 ouid=0
[ 6127.039387] audit: type=1400 audit(1789852501.912:210): apparmor="DENIED" operation="open" class="file" profile="who" name="/usr/share/coreutils/locales/uucore/en-US.ftl" pid=40769 comm="who" requested_mask="r" denied_mask="r" fsuid=0 ouid=0
[ 6205.875655] audit: type=1400 audit(1789852580.747:211): apparmor="DENIED" operation="open" class="file" profile="who" name="/usr/share/coreutils/locales/uucore/en-US.ftl" pid=41321 comm="who" requested_mask="r" denied_mask="r" fsuid=0 ouid=0
[ 6580.546260] audit: type=1400 audit(1789852955.411:212): apparmor="DENIED" operation="open" class="file" profile="who" name="/usr/share/coreutils/locales/uucore/en-US.ftl" pid=43371 comm="who" requested_mask="r" denied_mask="r" fsuid=0 ouid=0
[ 6834.078711] audit: type=1400 audit(1789853208.940:213): apparmor="DENIED" operation="open" class="file" profile="who" name="/usr/share/coreutils/locales/uucore/en-US.ftl" pid=44658 comm="who" requested_mask="r" denied_mask="r" fsuid=0 ouid=0
[ 6928.940892] audit: type=1400 audit(1789853303.801:214): apparmor="DENIED" operation="open" class="file" profile="who" name="/usr/share/coreutils/locales/uucore/en-US.ftl" pid=45717 comm="who" requested_mask="r" denied_mask="r" fsuid=0 ouid=0
[ 7132.322011] audit: type=1400 audit(1789853507.179:215): apparmor="DENIED" operation="open" class="file" profile="who" name="/usr/share/coreutils/locales/uucore/en-US.ftl" pid=46896 comm="who" requested_mask="r" denied_mask="r" fsuid=0 ouid=0
[ 7313.893209] audit: type=1400 audit(1789853688.747:216): apparmor="DENIED" operation="open" class="file" profile="who" name="/usr/share/coreutils/locales/uucore/en-US.ftl" pid=48150 comm="who" requested_mask="r" denied_mask="r" fsuid=0 ouid=0
[ 7616.650482] audit: type=1400 audit(1789853991.501:217): apparmor="DENIED" operation="open" class="file" profile="who" name="/usr/share/coreutils/locales/uucore/en-US.ftl" pid=49913 comm="who" requested_mask="r" denied_mask="r" fsuid=0 ouid=0
[ 7634.216016] workqueue: delayed_fput hogged CPU for >10000us 11 times, consider switching to WQ_UNBOUND
[ 7634.589972] docker0: port 1(veth417057b) entered disabled state
[ 7634.590647] veth42abb36: renamed from eth0
[ 7634.630543] docker0: port 1(veth417057b) entered disabled state
[ 7634.630817] veth417057b (unregistering): left allmulticast mode
[ 7634.630822] veth417057b (unregistering): left promiscuous mode
[ 7634.630826] docker0: port 1(veth417057b) entered disabled state
[ 7635.324448] docker0: port 1(vetha7d990a) entered blocking state
[ 7635.324457] docker0: port 1(vetha7d990a) entered disabled state
[ 7635.324483] vetha7d990a: entered allmulticast mode
[ 7635.324574] vetha7d990a: entered promiscuous mode
[ 7635.329994] eth0: renamed from veth9f798b7
[ 7635.330761] docker0: port 1(vetha7d990a) entered blocking state
[ 7635.330766] docker0: port 1(vetha7d990a) entered forwarding state
[ 7685.492576] audit: type=1400 audit(1789854060.342:218): apparmor="DENIED" operation="open" class="file" profile="who" name="/usr/share/coreutils/locales/uucore/en-US.ftl" pid=51361 comm="who" requested_mask="r" denied_mask="r" fsuid=0 ouid=0
[ 7903.302063] xe 0000:07:00.0: [drm] Xe device coredump has been deleted.
[ 7903.302065] xe 0000:03:00.0: [drm] Xe device coredump has been deleted.
[ 7903.302087] xe 0000:43:00.0: [drm] Xe device coredump has been deleted.
[ 7903.302122] xe 0000:47:00.0: [drm] Xe device coredump has been deleted.
[ 8190.359975] audit: type=1400 audit(1789854565.201:219): apparmor="DENIED" operation="open" class="file" profile="who" name="/usr/share/coreutils/locales/uucore/en-US.ftl" pid=54383 comm="who" requested_mask="r" denied_mask="r" fsuid=0 ouid=0
[ 8271.594456] audit: type=1400 audit(1789854646.435:220): apparmor="DENIED" operation="open" class="file" profile="who" name="/usr/share/coreutils/locales/uucore/en-US.ftl" pid=55037 comm="who" requested_mask="r" denied_mask="r" fsuid=0 ouid=0
[ 8341.254454] audit: type=1400 audit(1789854716.094:221): apparmor="DENIED" operation="open" class="file" profile="who" name="/usr/share/coreutils/locales/uucore/en-US.ftl" pid=55850 comm="who" requested_mask="r" denied_mask="r" fsuid=0 ouid=0
[ 8790.904396] audit: type=1400 audit(1789855165.737:222): apparmor="DENIED" operation="open" class="file" profile="who" name="/usr/share/coreutils/locales/uucore/en-US.ftl" pid=57679 comm="who" requested_mask="r" denied_mask="r" fsuid=0 ouid=0
[ 9103.874161] audit: type=1400 audit(1789855478.702:223): apparmor="DENIED" operation="open" class="file" profile="who" name="/usr/share/coreutils/locales/uucore/en-US.ftl" pid=59195 comm="who" requested_mask="r" denied_mask="r" fsuid=0 ouid=0
[ 9558.334189] audit: type=1400 audit(1789855933.155:224): apparmor="DENIED" operation="open" class="file" profile="who" name="/usr/share/coreutils/locales/uucore/en-US.ftl" pid=60895 comm="who" requested_mask="r" denied_mask="r" fsuid=0 ouid=0
[ 9601.793401] docker0: port 1(vetha7d990a) entered disabled state
[ 9601.795282] veth9f798b7: renamed from eth0
[ 9601.834114] docker0: port 1(vetha7d990a) entered disabled state
[ 9601.834413] vetha7d990a (unregistering): left allmulticast mode
[ 9601.834419] vetha7d990a (unregistering): left promiscuous mode
[ 9601.834423] docker0: port 1(vetha7d990a) entered disabled state
[ 9608.495283] docker0: port 1(veth6dd2545) entered blocking state
[ 9608.495291] docker0: port 1(veth6dd2545) entered disabled state
[ 9608.495304] veth6dd2545: entered allmulticast mode
[ 9608.495379] veth6dd2545: entered promiscuous mode
[ 9608.501070] eth0: renamed from vethd022c0c
[ 9608.502549] docker0: port 1(veth6dd2545) entered blocking state
[ 9608.502555] docker0: port 1(veth6dd2545) entered forwarding state
[ 9660.951902] audit: type=1400 audit(1789856035.772:225): apparmor="DENIED" operation="open" class="file" profile="who" name="/usr/share/coreutils/locales/uucore/en-US.ftl" pid=62495 comm="who" requested_mask="r" denied_mask="r" fsuid=0 ouid=0
[10046.621538] audit: type=1400 audit(1789856421.436:226): apparmor="DENIED" operation="open" class="file" profile="who" name="/usr/share/coreutils/locales/uucore/en-US.ftl" pid=64802 comm="who" requested_mask="r" denied_mask="r" fsuid=0 ouid=0
[10476.121782] audit: type=1400 audit(1789856850.929:227): apparmor="DENIED" operation="open" class="file" profile="who" name="/usr/share/coreutils/locales/uucore/en-US.ftl" pid=67389 comm="who" requested_mask="r" denied_mask="r" fsuid=0 ouid=0
[10952.381404] audit: type=1400 audit(1789857327.181:228): apparmor="DENIED" operation="open" class="file" profile="who" name="/usr/share/coreutils/locales/uucore/en-US.ftl" pid=69466 comm="who" requested_mask="r" denied_mask="r" fsuid=0 ouid=0
[11052.476721] audit: type=1400 audit(1789857427.275:229): apparmor="DENIED" operation="open" class="file" profile="who" name="/usr/share/coreutils/locales/uucore/en-US.ftl" pid=69887 comm="who" requested_mask="r" denied_mask="r" fsuid=0 ouid=0
[11490.202963] audit: type=1400 audit(1789857864.995:230): apparmor="DENIED" operation="open" class="file" profile="who" name="/usr/share/coreutils/locales/uucore/en-US.ftl" pid=71612 comm="who" requested_mask="r" denied_mask="r" fsuid=0 ouid=0
[11507.983204] workqueue: delayed_fput hogged CPU for >10000us 19 times, consider switching to WQ_UNBOUND
[11508.324957] docker0: port 1(veth6dd2545) entered disabled state
[11508.326501] vethd022c0c: renamed from eth0
[11508.361675] docker0: port 1(veth6dd2545) entered disabled state
[11508.361990] veth6dd2545 (unregistering): left allmulticast mode
[11508.361997] veth6dd2545 (unregistering): left promiscuous mode
[11508.362001] docker0: port 1(veth6dd2545) entered disabled state
[11509.081362] docker0: port 1(veth8cec74a) entered blocking state
[11509.081370] docker0: port 1(veth8cec74a) entered disabled state
[11509.081382] veth8cec74a: entered allmulticast mode
[11509.081458] veth8cec74a: entered promiscuous mode
[11509.087049] eth0: renamed from veth958d1ca
[11509.088317] docker0: port 1(veth8cec74a) entered blocking state
[11509.088322] docker0: port 1(veth8cec74a) entered forwarding state
[11558.623271] audit: type=1400 audit(1789857933.414:231): apparmor="DENIED" operation="open" class="file" profile="who" name="/usr/share/coreutils/locales/uucore/en-US.ftl" pid=73118 comm="who" requested_mask="r" denied_mask="r" fsuid=0 ouid=0
[11988.431156] audit: type=1400 audit(1789858363.215:232): apparmor="DENIED" operation="open" class="file" profile="who" name="/usr/share/coreutils/locales/uucore/en-US.ftl" pid=75686 comm="who" requested_mask="r" denied_mask="r" fsuid=0 ouid=0
[12180.233700] xe 0000:47:00.0: [drm] Tile0: GT0: 
               	ASID: 142
               	Faulted Address: 0x0000ffffe91ff000
               	FaultType: 0
               	AccessType: 0
               	FaultLevel: 1
               	EngineClass: 5 ccs
               	EngineInstance: 0
[12180.233712] xe 0000:47:00.0: [drm] Tile0: GT0: Fault response: Unsuccessful -ENOENT
[12180.233761] xe 0000:47:00.0: [drm] Tile0: GT0: Engine memory CAT error [18]: class=ccs, logical_mask: 0x1, guc_id=52
[12180.236167] xe 0000:43:00.0: [drm] Tile0: GT0: 
               	ASID: 139
               	Faulted Address: 0x0000f55593dff000
               	FaultType: 0
               	AccessType: 0
               	FaultLevel: 1
               	EngineClass: 5 ccs
               	EngineInstance: 0
[12180.236173] xe 0000:43:00.0: [drm] Tile0: GT0: Fault response: Unsuccessful -ENOENT
[12180.236177] xe 0000:47:00.0: [drm] Tile0: GT0: Engine reset: engine_class=ccs, logical_mask: 0x1, guc_id=52, state=0x249
[12180.236195] xe 0000:47:00.0: [drm] Tile0: GT0: Timedout job: seqno=591, lrc_seqno=591, guc_id=52, flags=0x20 in python3 [73186]
[12180.236219] xe 0000:43:00.0: [drm] Tile0: GT0: Engine memory CAT error [18]: class=ccs, logical_mask: 0x1, guc_id=42
[12180.238466] xe 0000:07:00.0: [drm] Tile0: GT0: 
               	ASID: 136
               	Faulted Address: 0x0000eaab3e9ff000
               	FaultType: 0
               	AccessType: 0
               	FaultLevel: 1
               	EngineClass: 5 ccs
               	EngineInstance: 0
[12180.238477] xe 0000:07:00.0: [drm] Tile0: GT0: Fault response: Unsuccessful -ENOENT
[12180.238525] xe 0000:07:00.0: [drm] Tile0: GT0: Engine memory CAT error [18]: class=ccs, logical_mask: 0x1, guc_id=32
[12180.238652] xe 0000:43:00.0: [drm] Tile0: GT0: Engine reset: engine_class=ccs, logical_mask: 0x1, guc_id=42, state=0x249
[12180.238670] xe 0000:43:00.0: [drm] Tile0: GT0: Timedout job: seqno=65, lrc_seqno=65, guc_id=42, flags=0x20 in python3 [73000]
[12180.240605] xe 0000:03:00.0: [drm] Tile0: GT0: 
               	ASID: 133
               	Faulted Address: 0x0000e000e95ff000
               	FaultType: 0
               	AccessType: 0
               	FaultLevel: 1
               	EngineClass: 5 ccs
               	EngineInstance: 0
[12180.240612] xe 0000:03:00.0: [drm] Tile0: GT0: Fault response: Unsuccessful -ENOENT
[12180.240671] xe 0000:03:00.0: [drm] Tile0: GT0: Engine memory CAT error [18]: class=ccs, logical_mask: 0x1, guc_id=22
[12180.241058] xe 0000:07:00.0: [drm] Tile0: GT0: Engine reset: engine_class=ccs, logical_mask: 0x1, guc_id=32, state=0x249
[12180.241076] xe 0000:07:00.0: [drm] Tile0: GT0: Timedout job: seqno=59, lrc_seqno=59, guc_id=32, flags=0x20 in python3 [72909]
[12180.243362] xe 0000:03:00.0: [drm] Tile0: GT0: Engine reset: engine_class=ccs, logical_mask: 0x1, guc_id=22, state=0x249
[12180.243380] xe 0000:03:00.0: [drm] Tile0: GT0: Timedout job: seqno=75, lrc_seqno=75, guc_id=22, flags=0x20 in python3 [72823]
[12180.285418] xe 0000:47:00.0: [drm] Xe device coredump has been created
[12180.285422] xe 0000:47:00.0: [drm] Check your /sys/class/drm/card2/device/devcoredump/data
[12180.287997] xe 0000:43:00.0: [drm] Xe device coredump has been created
[12180.288005] xe 0000:43:00.0: [drm] Check your /sys/class/drm/card1/device/devcoredump/data
[12180.291019] xe 0000:07:00.0: [drm] Xe device coredump has been created
[12180.291023] xe 0000:07:00.0: [drm] Check your /sys/class/drm/card4/device/devcoredump/data
[12180.293898] xe 0000:03:00.0: [drm] Xe device coredump has been created
[12180.293903] xe 0000:03:00.0: [drm] Check your /sys/class/drm/card3/device/devcoredump/data
[12190.670482] xe 0000:47:00.0: [drm] exec queue reset detected
[12190.739346] xe 0000:07:00.0: [drm] exec queue reset detected
[12191.165228] xe 0000:43:00.0: [drm] exec queue reset detected
[12191.172140] xe 0000:47:00.0: [drm] exec queue reset detected
[12191.666771] xe 0000:43:00.0: [drm] exec queue reset detected
[12198.747984] xe 0000:07:00.0: [drm] exec queue reset detected
[12201.180917] xe 0000:43:00.0: [drm] exec queue reset detected
[12201.190886] xe 0000:47:00.0: [drm] exec queue reset detected
[12201.250644] xe 0000:07:00.0: [drm] exec queue reset detected
[12245.223993] docker0: port 1(veth8cec74a) entered disabled state
[12245.224052] veth958d1ca: renamed from eth0
[12245.258903] docker0: port 1(veth8cec74a) entered disabled state
[12245.259257] veth8cec74a (unregistering): left allmulticast mode
[12245.259267] veth8cec74a (unregistering): left promiscuous mode
[12245.259271] docker0: port 1(veth8cec74a) entered disabled state
[12299.657198] audit: type=1400 audit(1789858674.436:233): apparmor="DENIED" operation="open" class="file" profile="who" name="/usr/share/coreutils/locales/uucore/en-US.ftl" pid=77459 comm="who" requested_mask="r" denied_mask="r" fsuid=0 ouid=0
[12318.859048] docker0: port 1(veth6af4c66) entered blocking state
[12318.859056] docker0: port 1(veth6af4c66) entered disabled state
[12318.859068] veth6af4c66: entered allmulticast mode
[12318.859145] veth6af4c66: entered promiscuous mode
[12318.865875] eth0: renamed from veth1441e17
[12318.867458] docker0: port 1(veth6af4c66) entered blocking state
[12318.867463] docker0: port 1(veth6af4c66) entered forwarding state
[12731.999296] audit: type=1400 audit(1789859106.772:234): apparmor="DENIED" operation="open" class="file" profile="who" name="/usr/share/coreutils/locales/uucore/en-US.ftl" pid=80220 comm="who" requested_mask="r" denied_mask="r" fsuid=0 ouid=0
[12976.687622] xe 0000:07:00.0: [drm] Tile0: GT0: 
               	ASID: 157
               	Faulted Address: 0x0000eaab3e9ff000
               	FaultType: 0
               	AccessType: 0
               	FaultLevel: 1
               	EngineClass: 5 ccs
               	EngineInstance: 0
[12976.687632] xe 0000:07:00.0: [drm] Tile0: GT0: Fault response: Unsuccessful -ENOENT
[12976.687685] xe 0000:07:00.0: [drm] Tile0: GT0: Engine memory CAT error [18]: class=ccs, logical_mask: 0x1, guc_id=32
[12976.689208] xe 0000:07:00.0: [drm] Tile0: GT0: Engine reset: engine_class=ccs, logical_mask: 0x1, guc_id=32, state=0x249
[12976.689235] xe 0000:07:00.0: [drm] Tile0: GT0: Timedout job: seqno=584, lrc_seqno=584, guc_id=32, flags=0x20 in python3 [78488]
[12976.690628] xe 0000:03:00.0: [drm] Tile0: GT0: 
               	ASID: 154
               	Faulted Address: 0x0000e000e95ff000
               	FaultType: 0
               	AccessType: 0
               	FaultLevel: 1
               	EngineClass: 5 ccs
               	EngineInstance: 0
[12976.690637] xe 0000:03:00.0: [drm] Tile0: GT0: Fault response: Unsuccessful -ENOENT
[12976.690685] xe 0000:03:00.0: [drm] Tile0: GT0: Engine memory CAT error [18]: class=ccs, logical_mask: 0x1, guc_id=22
[12976.692162] xe 0000:03:00.0: [drm] Tile0: GT0: Engine reset: engine_class=ccs, logical_mask: 0x1, guc_id=22, state=0x249
[12976.692179] xe 0000:03:00.0: [drm] Tile0: GT0: Timedout job: seqno=77, lrc_seqno=77, guc_id=22, flags=0x20 in python3 [78418]
[12976.692653] xe 0000:47:00.0: [drm] Tile0: GT0: 
               	ASID: 163
               	Faulted Address: 0x0000ffffe91ff000
               	FaultType: 0
               	AccessType: 0
               	FaultLevel: 1
               	EngineClass: 5 ccs
               	EngineInstance: 0
[12976.692660] xe 0000:47:00.0: [drm] Tile0: GT0: Fault response: Unsuccessful -ENOENT
[12976.692712] xe 0000:47:00.0: [drm] Tile0: GT0: Engine memory CAT error [18]: class=ccs, logical_mask: 0x1, guc_id=52
[12976.694207] xe 0000:47:00.0: [drm] Tile0: GT0: Engine reset: engine_class=ccs, logical_mask: 0x1, guc_id=52, state=0x249
[12976.694236] xe 0000:47:00.0: [drm] Tile0: GT0: Timedout job: seqno=67, lrc_seqno=67, guc_id=52, flags=0x20 in python3 [78688]
[12976.695036] xe 0000:43:00.0: [drm] Tile0: GT0: 
               	ASID: 160
               	Faulted Address: 0x0000f55593dff000
               	FaultType: 0
               	AccessType: 0
               	FaultLevel: 1
               	EngineClass: 5 ccs
               	EngineInstance: 0
[12976.695045] xe 0000:43:00.0: [drm] Tile0: GT0: Fault response: Unsuccessful -ENOENT
[12976.695095] xe 0000:43:00.0: [drm] Tile0: GT0: Engine memory CAT error [18]: class=ccs, logical_mask: 0x1, guc_id=42
[12976.696587] xe 0000:43:00.0: [drm] Tile0: GT0: Engine reset: engine_class=ccs, logical_mask: 0x1, guc_id=42, state=0x249
[12976.696608] xe 0000:43:00.0: [drm] Tile0: GT0: Timedout job: seqno=63, lrc_seqno=63, guc_id=42, flags=0x20 in python3 [78597]
[12986.923310] xe 0000:43:00.0: [drm] exec queue reset detected
[12987.233174] xe 0000:07:00.0: [drm] exec queue reset detected
[12987.306076] xe 0000:47:00.0: [drm] exec queue reset detected
[12987.424963] xe 0000:43:00.0: [drm] exec queue reset detected
[12992.243356] xe 0000:07:00.0: [drm] exec queue reset detected
[12995.825064] xe 0000:47:00.0: [drm] exec queue reset detected
[12997.435200] xe 0000:43:00.0: [drm] exec queue reset detected
[12997.749537] xe 0000:07:00.0: [drm] exec queue reset detected
[12997.832205] xe 0000:47:00.0: [drm] exec queue reset detected
[13040.768181] docker0: port 1(veth6af4c66) entered disabled state
[13040.768296] veth1441e17: renamed from eth0
[13040.799050] docker0: port 1(veth6af4c66) entered disabled state
[13040.799378] veth6af4c66 (unregistering): left allmulticast mode
[13040.799385] veth6af4c66 (unregistering): left promiscuous mode
[13040.799389] docker0: port 1(veth6af4c66) entered disabled state
[13046.755675] audit: type=1400 audit(1789859421.523:235): apparmor="DENIED" operation="open" class="file" profile="who" name="/usr/share/coreutils/locales/uucore/en-US.ftl" pid=81549 comm="who" requested_mask="r" denied_mask="r" fsuid=0 ouid=0
[13112.127149] audit: type=1400 audit(1789859486.894:236): apparmor="DENIED" operation="open" class="file" profile="who" name="/usr/share/coreutils/locales/uucore/en-US.ftl" pid=81868 comm="who" requested_mask="r" denied_mask="r" fsuid=0 ouid=0
[13162.731726] docker0: port 1(vethdf5b3b6) entered blocking state
[13162.731735] docker0: port 1(vethdf5b3b6) entered disabled state
[13162.731760] vethdf5b3b6: entered allmulticast mode
[13162.731870] vethdf5b3b6: entered promiscuous mode
[13162.737894] eth0: renamed from veth83df2da
[13162.739255] docker0: port 1(vethdf5b3b6) entered blocking state
[13162.739260] docker0: port 1(vethdf5b3b6) entered forwarding state
[13202.320304] audit: type=1400 audit(1789859577.086:237): apparmor="DENIED" operation="open" class="file" profile="who" name="/usr/share/coreutils/locales/uucore/en-US.ftl" pid=83180 comm="who" requested_mask="r" denied_mask="r" fsuid=0 ouid=0
[13221.010434] docker0: port 1(vethdf5b3b6) entered disabled state
[13221.010484] veth83df2da: renamed from eth0
[13221.048859] docker0: port 1(vethdf5b3b6) entered disabled state
[13221.049600] vethdf5b3b6 (unregistering): left allmulticast mode
[13221.049605] vethdf5b3b6 (unregistering): left promiscuous mode
[13221.049608] docker0: port 1(vethdf5b3b6) entered disabled state
[13239.914136] docker0: port 1(veth1dc106f) entered blocking state
[13239.914143] docker0: port 1(veth1dc106f) entered disabled state
[13239.914156] veth1dc106f: entered allmulticast mode
[13239.914216] veth1dc106f: entered promiscuous mode
[13239.919779] eth0: renamed from vethedab815
[13239.920255] docker0: port 1(veth1dc106f) entered blocking state
[13239.920260] docker0: port 1(veth1dc106f) entered forwarding state
[13291.520052] audit: type=1400 audit(1789859666.284:238): apparmor="DENIED" operation="open" class="file" profile="who" name="/usr/share/coreutils/locales/uucore/en-US.ftl" pid=84854 comm="who" requested_mask="r" denied_mask="r" fsuid=0 ouid=0
[13587.606893] audit: type=1400 audit(1789859962.366:239): apparmor="DENIED" operation="open" class="file" profile="who" name="/usr/share/coreutils/locales/uucore/en-US.ftl" pid=86758 comm="who" requested_mask="r" denied_mask="r" fsuid=0 ouid=0
[13651.821594] audit: type=1400 audit(1789860026.580:240): apparmor="DENIED" operation="open" class="file" profile="who" name="/usr/share/coreutils/locales/uucore/en-US.ftl" pid=87659 comm="who" requested_mask="r" denied_mask="r" fsuid=0 ouid=0
[13747.995205] audit: type=1400 audit(1789860122.752:241): apparmor="DENIED" operation="open" class="file" profile="who" name="/usr/share/coreutils/locales/uucore/en-US.ftl" pid=88548 comm="who" requested_mask="r" denied_mask="r" fsuid=0 ouid=0
[14179.863400] audit: type=1400 audit(1789860554.614:242): apparmor="DENIED" operation="open" class="file" profile="who" name="/usr/share/coreutils/locales/uucore/en-US.ftl" pid=91089 comm="who" requested_mask="r" denied_mask="r" fsuid=0 ouid=0
[14640.447864] audit: type=1400 audit(1789861015.191:243): apparmor="DENIED" operation="open" class="file" profile="who" name="/usr/share/coreutils/locales/uucore/en-US.ftl" pid=93064 comm="who" requested_mask="r" denied_mask="r" fsuid=0 ouid=0
[14719.967282] audit: type=1400 audit(1789861094.710:244): apparmor="DENIED" operation="open" class="file" profile="who" name="/usr/share/coreutils/locales/uucore/en-US.ftl" pid=93361 comm="who" requested_mask="r" denied_mask="r" fsuid=0 ouid=0
[14847.410369] audit: type=1400 audit(1789861222.151:245): apparmor="DENIED" operation="open" class="file" profile="who" name="/usr/share/coreutils/locales/uucore/en-US.ftl" pid=93938 comm="who" requested_mask="r" denied_mask="r" fsuid=0 ouid=0
[14947.510095] audit: type=1400 audit(1789861322.248:246): apparmor="DENIED" operation="open" class="file" profile="who" name="/usr/share/coreutils/locales/uucore/en-US.ftl" pid=94400 comm="who" requested_mask="r" denied_mask="r" fsuid=0 ouid=0
[15397.362596] audit: type=1400 audit(1789861772.094:247): apparmor="DENIED" operation="open" class="file" profile="who" name="/usr/share/coreutils/locales/uucore/en-US.ftl" pid=96045 comm="who" requested_mask="r" denied_mask="r" fsuid=0 ouid=0
[15730.775531] audit: type=1400 audit(1789862105.501:248): apparmor="DENIED" operation="open" class="file" profile="who" name="/usr/share/coreutils/locales/uucore/en-US.ftl" pid=97448 comm="who" requested_mask="r" denied_mask="r" fsuid=0 ouid=0
[16029.890702] xe 0000:43:00.0: [drm] Xe device coredump has been deleted.
[16029.890711] xe 0000:47:00.0: [drm] Xe device coredump has been deleted.
[16029.890744] xe 0000:07:00.0: [drm] Xe device coredump has been deleted.
[16029.891656] xe 0000:03:00.0: [drm] Xe device coredump has been deleted.
[16355.182284] audit: type=1400 audit(1789862729.898:249): apparmor="DENIED" operation="open" class="file" profile="who" name="/usr/share/coreutils/locales/uucore/en-US.ftl" pid=99750 comm="who" requested_mask="r" denied_mask="r" fsuid=0 ouid=0
[16462.462268] audit: type=1400 audit(1789862837.177:250): apparmor="DENIED" operation="open" class="file" profile="who" name="/usr/share/coreutils/locales/uucore/en-US.ftl" pid=100289 comm="who" requested_mask="r" denied_mask="r" fsuid=0 ouid=0
[16588.925032] audit: type=1400 audit(1789862963.637:251): apparmor="DENIED" operation="open" class="file" profile="who" name="/usr/share/coreutils/locales/uucore/en-US.ftl" pid=100813 comm="who" requested_mask="r" denied_mask="r" fsuid=0 ouid=0
[16809.489211] audit: type=1400 audit(1789863184.198:252): apparmor="DENIED" operation="open" class="file" profile="who" name="/usr/share/coreutils/locales/uucore/en-US.ftl" pid=101577 comm="who" requested_mask="r" denied_mask="r" fsuid=0 ouid=0
[16935.637570] audit: type=1400 audit(1789863310.344:253): apparmor="DENIED" operation="open" class="file" profile="who" name="/usr/share/coreutils/locales/uucore/en-US.ftl" pid=102214 comm="who" requested_mask="r" denied_mask="r" fsuid=0 ouid=0
[17106.689788] audit: type=1400 audit(1789863481.393:254): apparmor="DENIED" operation="open" class="file" profile="who" name="/usr/share/coreutils/locales/uucore/en-US.ftl" pid=102955 comm="who" requested_mask="r" denied_mask="r" fsuid=0 ouid=0
[17240.277115] audit: type=1400 audit(1789863614.979:255): apparmor="DENIED" operation="open" class="file" profile="who" name="/usr/share/coreutils/locales/uucore/en-US.ftl" pid=103686 comm="who" requested_mask="r" denied_mask="r" fsuid=0 ouid=0
[17240.553846] overlayfs: lowerdir is in-use as upperdir/workdir of another mount, accessing files from both mounts will result in undefined behavior.
[17416.671967] audit: type=1400 audit(1789863791.371:256): apparmor="DENIED" operation="open" class="file" profile="who" name="/usr/share/coreutils/locales/uucore/en-US.ftl" pid=104347 comm="who" requested_mask="r" denied_mask="r" fsuid=0 ouid=0
[17482.087407] audit: type=1400 audit(1789863856.785:257): apparmor="DENIED" operation="open" class="file" profile="who" name="/usr/share/coreutils/locales/uucore/en-US.ftl" pid=104658 comm="who" requested_mask="r" denied_mask="r" fsuid=0 ouid=0
[17606.686550] audit: type=1400 audit(1789863981.382:258): apparmor="DENIED" operation="open" class="file" profile="who" name="/usr/share/coreutils/locales/uucore/en-US.ftl" pid=105592 comm="who" requested_mask="r" denied_mask="r" fsuid=0 ouid=0
[17806.077914] audit: type=1400 audit(1789864180.769:259): apparmor="DENIED" operation="open" class="file" profile="who" name="/usr/share/coreutils/locales/uucore/en-US.ftl" pid=106475 comm="who" requested_mask="r" denied_mask="r" fsuid=0 ouid=0
--- lspci -nn
00:00.0 Host bridge [0600]: Advanced Micro Devices, Inc. [AMD] Starship/Matisse Root Complex [1022:1480]
00:00.2 IOMMU [0806]: Advanced Micro Devices, Inc. [AMD] Starship/Matisse IOMMU [1022:1481]
00:01.0 Host bridge [0600]: Advanced Micro Devices, Inc. [AMD] Starship/Matisse PCIe Dummy Host Bridge [1022:1482]
00:01.1 PCI bridge [0604]: Advanced Micro Devices, Inc. [AMD] Starship/Matisse GPP Bridge [1022:1483]
00:02.0 Host bridge [0600]: Advanced Micro Devices, Inc. [AMD] Starship/Matisse PCIe Dummy Host Bridge [1022:1482]
00:03.0 Host bridge [0600]: Advanced Micro Devices, Inc. [AMD] Starship/Matisse PCIe Dummy Host Bridge [1022:1482]
00:03.1 PCI bridge [0604]: Advanced Micro Devices, Inc. [AMD] Starship/Matisse GPP Bridge [1022:1483]
00:04.0 Host bridge [0600]: Advanced Micro Devices, Inc. [AMD] Starship/Matisse PCIe Dummy Host Bridge [1022:1482]
00:05.0 Host bridge [0600]: Advanced Micro Devices, Inc. [AMD] Starship/Matisse PCIe Dummy Host Bridge [1022:1482]
00:07.0 Host bridge [0600]: Advanced Micro Devices, Inc. [AMD] Starship/Matisse PCIe Dummy Host Bridge [1022:1482]
00:07.1 PCI bridge [0604]: Advanced Micro Devices, Inc. [AMD] Starship/Matisse Internal PCIe GPP Bridge 0 to bus[E:B] [1022:1484]
00:08.0 Host bridge [0600]: Advanced Micro Devices, Inc. [AMD] Starship/Matisse PCIe Dummy Host Bridge [1022:1482]
00:08.1 PCI bridge [0604]: Advanced Micro Devices, Inc. [AMD] Starship/Matisse Internal PCIe GPP Bridge 0 to bus[E:B] [1022:1484]
00:14.0 SMBus [0c05]: Advanced Micro Devices, Inc. [AMD] FCH SMBus Controller [1022:790b] (rev 61)
00:14.3 ISA bridge [0601]: Advanced Micro Devices, Inc. [AMD] FCH LPC Bridge [1022:790e] (rev 51)
00:18.0 Host bridge [0600]: Advanced Micro Devices, Inc. [AMD] Starship Device 24; Function 0 [1022:1490]
00:18.1 Host bridge [0600]: Advanced Micro Devices, Inc. [AMD] Starship Device 24; Function 1 [1022:1491]
00:18.2 Host bridge [0600]: Advanced Micro Devices, Inc. [AMD] Starship Device 24; Function 2 [1022:1492]
00:18.3 Host bridge [0600]: Advanced Micro Devices, Inc. [AMD] Starship Device 24; Function 3 [1022:1493]
00:18.4 Host bridge [0600]: Advanced Micro Devices, Inc. [AMD] Starship Device 24; Function 4 [1022:1494]
00:18.5 Host bridge [0600]: Advanced Micro Devices, Inc. [AMD] Starship Device 24; Function 5 [1022:1495]
00:18.6 Host bridge [0600]: Advanced Micro Devices, Inc. [AMD] Starship Device 24; Function 6 [1022:1496]
00:18.7 Host bridge [0600]: Advanced Micro Devices, Inc. [AMD] Starship Device 24; Function 7 [1022:1497]
01:00.0 PCI bridge [0604]: Intel Corporation Device [8086:e2ff] (rev 01)
02:01.0 PCI bridge [0604]: Intel Corporation Device [8086:e2f0]
02:02.0 PCI bridge [0604]: Intel Corporation Device [8086:e2f1]
03:00.0 VGA compatible controller [0300]: Intel Corporation Battlemage G31 [Intel Graphics] [8086:e223]
04:00.0 Audio device [0403]: Intel Corporation Device [8086:e2f7]
05:00.0 PCI bridge [0604]: Intel Corporation Device [8086:e2ff] (rev 01)
06:01.0 PCI bridge [0604]: Intel Corporation Device [8086:e2f0]
06:02.0 PCI bridge [0604]: Intel Corporation Device [8086:e2f1]
07:00.0 VGA compatible controller [0300]: Intel Corporation Battlemage G31 [Intel Graphics] [8086:e223]
08:00.0 Audio device [0403]: Intel Corporation Device [8086:e2f7]
09:00.0 Non-Essential Instrumentation [1300]: Advanced Micro Devices, Inc. [AMD] Starship/Matisse PCIe Dummy Function [1022:148a]
0a:00.0 Non-Essential Instrumentation [1300]: Advanced Micro Devices, Inc. [AMD] Starship/Matisse Reserved SPP [1022:1485]
0a:00.3 USB controller [0c03]: Advanced Micro Devices, Inc. [AMD] Starship USB 3.0 Host Controller [1022:148c]
20:00.0 Host bridge [0600]: Advanced Micro Devices, Inc. [AMD] Starship/Matisse Root Complex [1022:1480]
20:00.2 IOMMU [0806]: Advanced Micro Devices, Inc. [AMD] Starship/Matisse IOMMU [1022:1481]
20:01.0 Host bridge [0600]: Advanced Micro Devices, Inc. [AMD] Starship/Matisse PCIe Dummy Host Bridge [1022:1482]
20:02.0 Host bridge [0600]: Advanced Micro Devices, Inc. [AMD] Starship/Matisse PCIe Dummy Host Bridge [1022:1482]
20:03.0 Host bridge [0600]: Advanced Micro Devices, Inc. [AMD] Starship/Matisse PCIe Dummy Host Bridge [1022:1482]
20:04.0 Host bridge [0600]: Advanced Micro Devices, Inc. [AMD] Starship/Matisse PCIe Dummy Host Bridge [1022:1482]
20:05.0 Host bridge [0600]: Advanced Micro Devices, Inc. [AMD] Starship/Matisse PCIe Dummy Host Bridge [1022:1482]
20:07.0 Host bridge [0600]: Advanced Micro Devices, Inc. [AMD] Starship/Matisse PCIe Dummy Host Bridge [1022:1482]
20:07.1 PCI bridge [0604]: Advanced Micro Devices, Inc. [AMD] Starship/Matisse Internal PCIe GPP Bridge 0 to bus[E:B] [1022:1484]
20:08.0 Host bridge [0600]: Advanced Micro Devices, Inc. [AMD] Starship/Matisse PCIe Dummy Host Bridge [1022:1482]
20:08.1 PCI bridge [0604]: Advanced Micro Devices, Inc. [AMD] Starship/Matisse Internal PCIe GPP Bridge 0 to bus[E:B] [1022:1484]
21:00.0 Non-Essential Instrumentation [1300]: Advanced Micro Devices, Inc. [AMD] Starship/Matisse PCIe Dummy Function [1022:148a]
22:00.0 Non-Essential Instrumentation [1300]: Advanced Micro Devices, Inc. [AMD] Starship/Matisse Reserved SPP [1022:1485]
22:00.1 Encryption controller [1080]: Advanced Micro Devices, Inc. [AMD] Starship/Matisse Cryptographic Coprocessor PSPCPP [1022:1486]
22:00.3 USB controller [0c03]: Advanced Micro Devices, Inc. [AMD] Starship USB 3.0 Host Controller [1022:148c]
22:00.4 Audio device [0403]: Advanced Micro Devices, Inc. [AMD] Starship/Matisse HD Audio Controller [1022:1487]
40:00.0 Host bridge [0600]: Advanced Micro Devices, Inc. [AMD] Starship/Matisse Root Complex [1022:1480]
40:00.2 IOMMU [0806]: Advanced Micro Devices, Inc. [AMD] Starship/Matisse IOMMU [1022:1481]
40:01.0 Host bridge [0600]: Advanced Micro Devices, Inc. [AMD] Starship/Matisse PCIe Dummy Host Bridge [1022:1482]
40:01.1 PCI bridge [0604]: Advanced Micro Devices, Inc. [AMD] Starship/Matisse GPP Bridge [1022:1483]
40:02.0 Host bridge [0600]: Advanced Micro Devices, Inc. [AMD] Starship/Matisse PCIe Dummy Host Bridge [1022:1482]
40:03.0 Host bridge [0600]: Advanced Micro Devices, Inc. [AMD] Starship/Matisse PCIe Dummy Host Bridge [1022:1482]
40:03.1 PCI bridge [0604]: Advanced Micro Devices, Inc. [AMD] Starship/Matisse GPP Bridge [1022:1483]
40:04.0 Host bridge [0600]: Advanced Micro Devices, Inc. [AMD] Starship/Matisse PCIe Dummy Host Bridge [1022:1482]
40:05.0 Host bridge [0600]: Advanced Micro Devices, Inc. [AMD] Starship/Matisse PCIe Dummy Host Bridge [1022:1482]
40:07.0 Host bridge [0600]: Advanced Micro Devices, Inc. [AMD] Starship/Matisse PCIe Dummy Host Bridge [1022:1482]
40:07.1 PCI bridge [0604]: Advanced Micro Devices, Inc. [AMD] Starship/Matisse Internal PCIe GPP Bridge 0 to bus[E:B] [1022:1484]
40:08.0 Host bridge [0600]: Advanced Micro Devices, Inc. [AMD] Starship/Matisse PCIe Dummy Host Bridge [1022:1482]
40:08.1 PCI bridge [0604]: Advanced Micro Devices, Inc. [AMD] Starship/Matisse Internal PCIe GPP Bridge 0 to bus[E:B] [1022:1484]
41:00.0 PCI bridge [0604]: Intel Corporation Device [8086:e2ff] (rev 01)
42:01.0 PCI bridge [0604]: Intel Corporation Device [8086:e2f0]
42:02.0 PCI bridge [0604]: Intel Corporation Device [8086:e2f1]
43:00.0 VGA compatible controller [0300]: Intel Corporation Battlemage G31 [Intel Graphics] [8086:e223]
44:00.0 Audio device [0403]: Intel Corporation Device [8086:e2f7]
45:00.0 PCI bridge [0604]: Intel Corporation Device [8086:e2ff] (rev 01)
46:01.0 PCI bridge [0604]: Intel Corporation Device [8086:e2f0]
46:02.0 PCI bridge [0604]: Intel Corporation Device [8086:e2f1]
47:00.0 VGA compatible controller [0300]: Intel Corporation Battlemage G31 [Intel Graphics] [8086:e223]
48:00.0 Audio device [0403]: Intel Corporation Device [8086:e2f7]
49:00.0 Non-Essential Instrumentation [1300]: Advanced Micro Devices, Inc. [AMD] Starship/Matisse PCIe Dummy Function [1022:148a]
4a:00.0 Non-Essential Instrumentation [1300]: Advanced Micro Devices, Inc. [AMD] Starship/Matisse Reserved SPP [1022:1485]
60:00.0 Host bridge [0600]: Advanced Micro Devices, Inc. [AMD] Starship/Matisse Root Complex [1022:1480]
60:00.2 IOMMU [0806]: Advanced Micro Devices, Inc. [AMD] Starship/Matisse IOMMU [1022:1481]
60:01.0 Host bridge [0600]: Advanced Micro Devices, Inc. [AMD] Starship/Matisse PCIe Dummy Host Bridge [1022:1482]
60:02.0 Host bridge [0600]: Advanced Micro Devices, Inc. [AMD] Starship/Matisse PCIe Dummy Host Bridge [1022:1482]
60:03.0 Host bridge [0600]: Advanced Micro Devices, Inc. [AMD] Starship/Matisse PCIe Dummy Host Bridge [1022:1482]
60:03.1 PCI bridge [0604]: Advanced Micro Devices, Inc. [AMD] Starship/Matisse GPP Bridge [1022:1483]
60:03.2 PCI bridge [0604]: Advanced Micro Devices, Inc. [AMD] Starship/Matisse GPP Bridge [1022:1483]
60:03.3 PCI bridge [0604]: Advanced Micro Devices, Inc. [AMD] Starship/Matisse GPP Bridge [1022:1483]
60:04.0 Host bridge [0600]: Advanced Micro Devices, Inc. [AMD] Starship/Matisse PCIe Dummy Host Bridge [1022:1482]
60:05.0 Host bridge [0600]: Advanced Micro Devices, Inc. [AMD] Starship/Matisse PCIe Dummy Host Bridge [1022:1482]
60:07.0 Host bridge [0600]: Advanced Micro Devices, Inc. [AMD] Starship/Matisse PCIe Dummy Host Bridge [1022:1482]
60:07.1 PCI bridge [0604]: Advanced Micro Devices, Inc. [AMD] Starship/Matisse Internal PCIe GPP Bridge 0 to bus[E:B] [1022:1484]
60:08.0 Host bridge [0600]: Advanced Micro Devices, Inc. [AMD] Starship/Matisse PCIe Dummy Host Bridge [1022:1482]
60:08.1 PCI bridge [0604]: Advanced Micro Devices, Inc. [AMD] Starship/Matisse Internal PCIe GPP Bridge 0 to bus[E:B] [1022:1484]
61:00.0 PCI bridge [0604]: Advanced Micro Devices, Inc. [AMD] Matisse Switch Upstream [1022:57ad]
62:03.0 PCI bridge [0604]: Advanced Micro Devices, Inc. [AMD] Matisse PCIe GPP Bridge [1022:57a3]
62:08.0 PCI bridge [0604]: Advanced Micro Devices, Inc. [AMD] Matisse PCIe GPP Bridge [1022:57a4]
62:09.0 PCI bridge [0604]: Advanced Micro Devices, Inc. [AMD] Matisse PCIe GPP Bridge [1022:57a4]
62:0a.0 PCI bridge [0604]: Advanced Micro Devices, Inc. [AMD] Matisse PCIe GPP Bridge [1022:57a4]
63:00.0 Non-Volatile memory controller [0108]: MAXIO Technology (Hangzhou) Ltd. NVMe SSD Controller MAP1202 (DRAM-less) [1e4b:1202] (rev 01)
64:00.0 Non-Essential Instrumentation [1300]: Advanced Micro Devices, Inc. [AMD] Starship/Matisse Reserved SPP [1022:1485]
64:00.1 USB controller [0c03]: Advanced Micro Devices, Inc. [AMD] Matisse USB 3.0 Host Controller [1022:149c]
64:00.3 USB controller [0c03]: Advanced Micro Devices, Inc. [AMD] Matisse USB 3.0 Host Controller [1022:149c]
65:00.0 SATA controller [0106]: Advanced Micro Devices, Inc. [AMD] FCH SATA Controller [AHCI mode] [1022:7901] (rev 51)
66:00.0 SATA controller [0106]: Advanced Micro Devices, Inc. [AMD] FCH SATA Controller [AHCI mode] [1022:7901] (rev 51)
67:00.0 PCI bridge [0604]: ASPEED Technology, Inc. AST1150 PCI-to-PCI Bridge [1a03:1150] (rev 04)
68:00.0 VGA compatible controller [0300]: ASPEED Technology, Inc. ASPEED Graphics Family [1a03:2000] (rev 41)
69:00.0 Ethernet controller [0200]: Intel Corporation Ethernet Controller X710 for 10GBASE-T [8086:15ff] (rev 02)
69:00.1 Ethernet controller [0200]: Intel Corporation Ethernet Controller X710 for 10GBASE-T [8086:15ff] (rev 02)
6b:00.0 Non-Essential Instrumentation [1300]: Advanced Micro Devices, Inc. [AMD] Starship/Matisse PCIe Dummy Function [1022:148a]
6c:00.0 Non-Essential Instrumentation [1300]: Advanced Micro Devices, Inc. [AMD] Starship/Matisse Reserved SPP [1022:1485]
--- lspci -vvv
00:00.0 Host bridge: Advanced Micro Devices, Inc. [AMD] Starship/Matisse Root Complex
	Subsystem: ASRock Incorporation ROME2D32LM3
	Control: I/O- Mem- BusMaster- SpecCycle- MemWINV- VGASnoop- ParErr- Stepping- SERR- FastB2B- DisINTx-
	Status: Cap- 66MHz- UDF- FastB2B- ParErr- DEVSEL=fast >TAbort- <TAbort- <MAbort- >SERR- <PERR- INTx-

00:00.2 IOMMU: Advanced Micro Devices, Inc. [AMD] Starship/Matisse IOMMU
	Subsystem: Advanced Micro Devices, Inc. [AMD] Starship/Matisse IOMMU
	Control: I/O- Mem- BusMaster- SpecCycle- MemWINV- VGASnoop- ParErr+ Stepping- SERR- FastB2B- DisINTx+
	Status: Cap+ 66MHz- UDF- FastB2B- ParErr- DEVSEL=fast >TAbort- <TAbort- <MAbort- >SERR- <PERR- INTx-
	Interrupt: pin ? routed to IRQ 30
	Capabilities: <access denied>

00:01.0 Host bridge: Advanced Micro Devices, Inc. [AMD] Starship/Matisse PCIe Dummy Host Bridge
	Control: I/O- Mem- BusMaster- SpecCycle- MemWINV- VGASnoop- ParErr- Stepping- SERR- FastB2B- DisINTx-
	Status: Cap- 66MHz- UDF- FastB2B- ParErr- DEVSEL=fast >TAbort- <TAbort- <MAbort- >SERR- <PERR- INTx-
	IOMMU group: 60

00:01.1 PCI bridge: Advanced Micro Devices, Inc. [AMD] Starship/Matisse GPP Bridge (prog-if 00 [Normal decode])
	Subsystem: Advanced Micro Devices, Inc. [AMD] Device 1453
	Control: I/O+ Mem+ BusMaster+ SpecCycle- MemWINV- VGASnoop- ParErr- Stepping- SERR- FastB2B- DisINTx+
	Status: Cap+ 66MHz- UDF- FastB2B- ParErr- DEVSEL=fast >TAbort- <TAbort- <MAbort- >SERR- <PERR- INTx-
	Latency: 0, Cache Line Size: 64 bytes
	Interrupt: pin ? routed to IRQ 55
	IOMMU group: 61
	Bus: primary=00, secondary=01, subordinate=04, sec-latency=0
	I/O behind bridge: 0000f000-00000fff [disabled] [32-bit]
	Memory behind bridge: f3a00000-f3cfffff [size=3M] [32-bit]
	Prefetchable memory behind bridge: 1f000000000-200057fffff [size=65624M] [32-bit]
	Secondary status: 66MHz- FastB2B- ParErr- DEVSEL=fast >TAbort- <TAbort- <MAbort+ <SERR- <PERR-
	BridgeCtl: Parity- SERR+ NoISA- VGA- VGA16+ MAbort- >Reset- FastB2B-
		PriDiscTmr- SecDiscTmr- DiscTmrStat- DiscTmrSERREn-
	Capabilities: <access denied>
	Kernel driver in use: pcieport
	Kernel modules: shpchp

00:02.0 Host bridge: Advanced Micro Devices, Inc. [AMD] Starship/Matisse PCIe Dummy Host Bridge
	Control: I/O- Mem- BusMaster- SpecCycle- MemWINV- VGASnoop- ParErr- Stepping- SERR- FastB2B- DisINTx-
	Status: Cap- 66MHz- UDF- FastB2B- ParErr- DEVSEL=fast >TAbort- <TAbort- <MAbort- >SERR- <PERR- INTx-
	IOMMU group: 62

00:03.0 Host bridge: Advanced Micro Devices, Inc. [AMD] Starship/Matisse PCIe Dummy Host Bridge
	Control: I/O- Mem- BusMaster- SpecCycle- MemWINV- VGASnoop- ParErr- Stepping- SERR- FastB2B- DisINTx-
	Status: Cap- 66MHz- UDF- FastB2B- ParErr- DEVSEL=fast >TAbort- <TAbort- <MAbort- >SERR- <PERR- INTx-
	IOMMU group: 63

00:03.1 PCI bridge: Advanced Micro Devices, Inc. [AMD] Starship/Matisse GPP Bridge (prog-if 00 [Normal decode])
	Subsystem: Advanced Micro Devices, Inc. [AMD] Device 1453
	Control: I/O+ Mem+ BusMaster+ SpecCycle- MemWINV- VGASnoop- ParErr- Stepping- SERR- FastB2B- DisINTx+
	Status: Cap+ 66MHz- UDF- FastB2B- ParErr- DEVSEL=fast >TAbort- <TAbort- <MAbort- >SERR- <PERR- INTx-
	Latency: 0, Cache Line Size: 64 bytes
	Interrupt: pin ? routed to IRQ 56
	IOMMU group: 64
	Bus: primary=00, secondary=05, subordinate=08, sec-latency=0
	I/O behind bridge: 0000f000-00000fff [disabled] [32-bit]
	Memory behind bridge: f3600000-f38fffff [size=3M] [32-bit]
	Prefetchable memory behind bridge: 1d800000000-1e8057fffff [size=65624M] [32-bit]
	Secondary status: 66MHz- FastB2B- ParErr- DEVSEL=fast >TAbort- <TAbort- <MAbort- <SERR- <PERR-
	BridgeCtl: Parity- SERR+ NoISA- VGA+ VGA16+ MAbort- >Reset- FastB2B-
		PriDiscTmr- SecDiscTmr- DiscTmrStat- DiscTmrSERREn-
	Capabilities: <access denied>
	Kernel driver in use: pcieport
	Kernel modules: shpchp

00:04.0 Host bridge: Advanced Micro Devices, Inc. [AMD] Starship/Matisse PCIe Dummy Host Bridge
	Control: I/O- Mem- BusMaster- SpecCycle- MemWINV- VGASnoop- ParErr- Stepping- SERR- FastB2B- DisINTx-
	Status: Cap- 66MHz- UDF- FastB2B- ParErr- DEVSEL=fast >TAbort- <TAbort- <MAbort- >SERR- <PERR- INTx-
	IOMMU group: 65

00:05.0 Host bridge: Advanced Micro Devices, Inc. [AMD] Starship/Matisse PCIe Dummy Host Bridge
	Control: I/O- Mem- BusMaster- SpecCycle- MemWINV- VGASnoop- ParErr- Stepping- SERR- FastB2B- DisINTx-
	Status: Cap- 66MHz- UDF- FastB2B- ParErr- DEVSEL=fast >TAbort- <TAbort- <MAbort- >SERR- <PERR- INTx-
	IOMMU group: 66

00:07.0 Host bridge: Advanced Micro Devices, Inc. [AMD] Starship/Matisse PCIe Dummy Host Bridge
	Control: I/O- Mem- BusMaster- SpecCycle- MemWINV- VGASnoop- ParErr- Stepping- SERR- FastB2B- DisINTx-
	Status: Cap- 66MHz- UDF- FastB2B- ParErr- DEVSEL=fast >TAbort- <TAbort- <MAbort- >SERR- <PERR- INTx-
	IOMMU group: 67

00:07.1 PCI bridge: Advanced Micro Devices, Inc. [AMD] Starship/Matisse Internal PCIe GPP Bridge 0 to bus[E:B] (prog-if 00 [Normal decode])
	Subsystem: Advanced Micro Devices, Inc. [AMD] Starship/Matisse Internal PCIe GPP Bridge 0 to bus[E:B]
	Control: I/O+ Mem+ BusMaster+ SpecCycle- MemWINV- VGASnoop- ParErr- Stepping- SERR- FastB2B- DisINTx+
	Status: Cap+ 66MHz- UDF- FastB2B- ParErr- DEVSEL=fast >TAbort- <TAbort- <MAbort- >SERR- <PERR- INTx-
	Latency: 0, Cache Line Size: 64 bytes
	Interrupt: pin A routed to IRQ 58
	IOMMU group: 68
	Bus: primary=00, secondary=09, subordinate=09, sec-latency=0
	I/O behind bridge: 0000f000-00000fff [disabled] [32-bit]
	Memory behind bridge: fff00000-000fffff [disabled] [32-bit]
	Prefetchable memory behind bridge: 00000000fff00000-00000000000fffff [disabled] [64-bit]
	Secondary status: 66MHz- FastB2B- ParErr- DEVSEL=fast >TAbort- <TAbort- <MAbort- <SERR- <PERR-
	BridgeCtl: Parity- SERR+ NoISA- VGA- VGA16+ MAbort- >Reset- FastB2B-
		PriDiscTmr- SecDiscTmr- DiscTmrStat- DiscTmrSERREn-
	Capabilities: <access denied>
	Kernel driver in use: pcieport
	Kernel modules: shpchp

00:08.0 Host bridge: Advanced Micro Devices, Inc. [AMD] Starship/Matisse PCIe Dummy Host Bridge
	Control: I/O- Mem- BusMaster- SpecCycle- MemWINV- VGASnoop- ParErr- Stepping- SERR- FastB2B- DisINTx-
	Status: Cap- 66MHz- UDF- FastB2B- ParErr- DEVSEL=fast >TAbort- <TAbort- <MAbort- >SERR- <PERR- INTx-
	IOMMU group: 69

00:08.1 PCI bridge: Advanced Micro Devices, Inc. [AMD] Starship/Matisse Internal PCIe GPP Bridge 0 to bus[E:B] (prog-if 00 [Normal decode])
	Subsystem: Advanced Micro Devices, Inc. [AMD] Starship/Matisse Internal PCIe GPP Bridge 0 to bus[E:B]
	Control: I/O+ Mem+ BusMaster+ SpecCycle- MemWINV- VGASnoop- ParErr- Stepping- SERR- FastB2B- DisINTx+
	Status: Cap+ 66MHz- UDF- FastB2B- ParErr- DEVSEL=fast >TAbort- <TAbort- <MAbort- >SERR- <PERR- INTx-
	Latency: 0, Cache Line Size: 64 bytes
	Interrupt: pin A routed to IRQ 59
	IOMMU group: 70
	Bus: primary=00, secondary=0a, subordinate=0a, sec-latency=0
	I/O behind bridge: 0000f000-00000fff [disabled] [32-bit]
	Memory behind bridge: f3e00000-f3efffff [size=1M] [32-bit]
	Prefetchable memory behind bridge: 00000000fff00000-00000000000fffff [disabled] [64-bit]
	Secondary status: 66MHz- FastB2B- ParErr- DEVSEL=fast >TAbort- <TAbort- <MAbort- <SERR- <PERR-
	BridgeCtl: Parity- SERR+ NoISA- VGA- VGA16+ MAbort- >Reset- FastB2B-
		PriDiscTmr- SecDiscTmr- DiscTmrStat- DiscTmrSERREn-
	Capabilities: <access denied>
	Kernel driver in use: pcieport
	Kernel modules: shpchp

00:14.0 SMBus: Advanced Micro Devices, Inc. [AMD] FCH SMBus Controller (rev 61)
	Subsystem: Advanced Micro Devices, Inc. [AMD] Device d102
	Control: I/O+ Mem+ BusMaster- SpecCycle- MemWINV- VGASnoop- ParErr- Stepping- SERR- FastB2B- DisINTx+
	Status: Cap- 66MHz+ UDF- FastB2B- ParErr- DEVSEL=medium >TAbort- <TAbort- <MAbort- >SERR- <PERR- INTx-
	IOMMU group: 71
	Kernel driver in use: piix4_smbus
	Kernel modules: i2c_piix4, sp5100_tco

00:14.3 ISA bridge: Advanced Micro Devices, Inc. [AMD] FCH LPC Bridge (rev 51)
	Subsystem: Advanced Micro Devices, Inc. [AMD] Device d102
	Control: I/O+ Mem+ BusMaster+ SpecCycle+ MemWINV- VGASnoop- ParErr- Stepping- SERR- FastB2B- DisINTx-
	Status: Cap- 66MHz+ UDF- FastB2B- ParErr- DEVSEL=medium >TAbort- <TAbort- <MAbort- >SERR- <PERR- INTx-
	Latency: 0
	IOMMU group: 71

00:18.0 Host bridge: Advanced Micro Devices, Inc. [AMD] Starship Device 24; Function 0
	Control: I/O- Mem- BusMaster- SpecCycle- MemWINV- VGASnoop- ParErr- Stepping- SERR- FastB2B- DisINTx-
	Status: Cap- 66MHz- UDF- FastB2B- ParErr- DEVSEL=fast >TAbort- <TAbort- <MAbort- >SERR- <PERR- INTx-
	IOMMU group: 72

00:18.1 Host bridge: Advanced Micro Devices, Inc. [AMD] Starship Device 24; Function 1
	Control: I/O- Mem- BusMaster- SpecCycle- MemWINV- VGASnoop- ParErr- Stepping- SERR- FastB2B- DisINTx-
	Status: Cap- 66MHz- UDF- FastB2B- ParErr- DEVSEL=fast >TAbort- <TAbort- <MAbort- >SERR- <PERR- INTx-
	IOMMU group: 72

00:18.2 Host bridge: Advanced Micro Devices, Inc. [AMD] Starship Device 24; Function 2
	Control: I/O- Mem- BusMaster- SpecCycle- MemWINV- VGASnoop- ParErr- Stepping- SERR- FastB2B- DisINTx-
	Status: Cap- 66MHz- UDF- FastB2B- ParErr- DEVSEL=fast >TAbort- <TAbort- <MAbort- >SERR- <PERR- INTx-
	IOMMU group: 72

00:18.3 Host bridge: Advanced Micro Devices, Inc. [AMD] Starship Device 24; Function 3
	Control: I/O- Mem- BusMaster- SpecCycle- MemWINV- VGASnoop- ParErr- Stepping- SERR- FastB2B- DisINTx-
	Status: Cap- 66MHz- UDF- FastB2B- ParErr- DEVSEL=fast >TAbort- <TAbort- <MAbort- >SERR- <PERR- INTx-
	IOMMU group: 72
	Kernel driver in use: k10temp
	Kernel modules: k10temp

00:18.4 Host bridge: Advanced Micro Devices, Inc. [AMD] Starship Device 24; Function 4
	Control: I/O- Mem- BusMaster- SpecCycle- MemWINV- VGASnoop- ParErr- Stepping- SERR- FastB2B- DisINTx-
	Status: Cap- 66MHz- UDF- FastB2B- ParErr- DEVSEL=fast >TAbort- <TAbort- <MAbort- >SERR- <PERR- INTx-
	IOMMU group: 72

00:18.5 Host bridge: Advanced Micro Devices, Inc. [AMD] Starship Device 24; Function 5
	Control: I/O- Mem- BusMaster- SpecCycle- MemWINV- VGASnoop- ParErr- Stepping- SERR- FastB2B- DisINTx-
	Status: Cap- 66MHz- UDF- FastB2B- ParErr- DEVSEL=fast >TAbort- <TAbort- <MAbort- >SERR- <PERR- INTx-
	IOMMU group: 72

00:18.6 Host bridge: Advanced Micro Devices, Inc. [AMD] Starship Device 24; Function 6
	Control: I/O- Mem- BusMaster- SpecCycle- MemWINV- VGASnoop- ParErr- Stepping- SERR- FastB2B- DisINTx-
	Status: Cap- 66MHz- UDF- FastB2B- ParErr- DEVSEL=fast >TAbort- <TAbort- <MAbort- >SERR- <PERR- INTx-
	IOMMU group: 72

00:18.7 Host bridge: Advanced Micro Devices, Inc. [AMD] Starship Device 24; Function 7
	Control: I/O- Mem- BusMaster- SpecCycle- MemWINV- VGASnoop- ParErr- Stepping- SERR- FastB2B- DisINTx-
	Status: Cap- 66MHz- UDF- FastB2B- ParErr- DEVSEL=fast >TAbort- <TAbort- <MAbort- >SERR- <PERR- INTx-
	IOMMU group: 72

01:00.0 PCI bridge: Intel Corporation Device e2ff (rev 01) (prog-if 00 [Normal decode])
	Control: I/O+ Mem+ BusMaster+ SpecCycle- MemWINV- VGASnoop- ParErr- Stepping- SERR- FastB2B- DisINTx-
	Status: Cap+ 66MHz- UDF- FastB2B- ParErr- DEVSEL=fast >TAbort- <TAbort- <MAbort- >SERR- <PERR- INTx-
	Latency: 0, Cache Line Size: 64 bytes
	Interrupt: pin A routed to IRQ 60
	IOMMU group: 73
	Region 0: Memory at 20005000000 (64-bit, prefetchable) [size=8M]
	Bus: primary=01, secondary=02, subordinate=04, sec-latency=0
	I/O behind bridge: 0000f000-00000fff [disabled] [32-bit]
	Memory behind bridge: f3a00000-f3cfffff [size=3M] [32-bit]
	Prefetchable memory behind bridge: 1f000000000-20004ffffff [size=65616M] [32-bit]
	Secondary status: 66MHz- FastB2B- ParErr- DEVSEL=fast >TAbort- <TAbort- <MAbort- <SERR- <PERR-
	BridgeCtl: Parity- SERR+ NoISA- VGA- VGA16+ MAbort- >Reset- FastB2B-
		PriDiscTmr- SecDiscTmr- DiscTmrStat- DiscTmrSERREn-
	Capabilities: <access denied>
	Kernel driver in use: pcieport
	Kernel modules: shpchp

02:01.0 PCI bridge: Intel Corporation Device e2f0 (prog-if 00 [Normal decode])
	Subsystem: Intel Corporation Device 0000
	Control: I/O+ Mem+ BusMaster+ SpecCycle- MemWINV- VGASnoop- ParErr- Stepping- SERR- FastB2B- DisINTx-
	Status: Cap+ 66MHz- UDF- FastB2B- ParErr- DEVSEL=fast >TAbort- <TAbort- <MAbort- >SERR- <PERR- INTx-
	Latency: 0, Cache Line Size: 64 bytes
	IOMMU group: 74
	Bus: primary=02, secondary=03, subordinate=03, sec-latency=0
	I/O behind bridge: f000-0fff [disabled] [16-bit]
	Memory behind bridge: f3a00000-f3bfffff [size=2M] [32-bit]
	Prefetchable memory behind bridge: 1f000000000-20004ffffff [size=65616M] [32-bit]
	Secondary status: 66MHz- FastB2B- ParErr- DEVSEL=fast >TAbort- <TAbort- <MAbort- <SERR- <PERR-
	BridgeCtl: Parity- SERR+ NoISA- VGA- VGA16+ MAbort- >Reset- FastB2B-
		PriDiscTmr- SecDiscTmr- DiscTmrStat- DiscTmrSERREn-
	Capabilities: <access denied>
	Kernel driver in use: pcieport
	Kernel modules: shpchp

02:02.0 PCI bridge: Intel Corporation Device e2f1 (prog-if 00 [Normal decode])
	Subsystem: Intel Corporation Device 0000
	Control: I/O+ Mem+ BusMaster+ SpecCycle- MemWINV- VGASnoop- ParErr- Stepping- SERR- FastB2B- DisINTx-
	Status: Cap+ 66MHz- UDF- FastB2B- ParErr- DEVSEL=fast >TAbort- <TAbort- <MAbort- >SERR- <PERR- INTx-
	Latency: 0, Cache Line Size: 64 bytes
	IOMMU group: 75
	Bus: primary=02, secondary=04, subordinate=04, sec-latency=0
	I/O behind bridge: f000-0fff [disabled] [16-bit]
	Memory behind bridge: f3c00000-f3cfffff [size=1M] [32-bit]
	Prefetchable memory behind bridge: 00000000fff00000-00000000000fffff [disabled] [64-bit]
	Secondary status: 66MHz- FastB2B- ParErr- DEVSEL=fast >TAbort- <TAbort- <MAbort- <SERR- <PERR-
	BridgeCtl: Parity- SERR+ NoISA- VGA- VGA16+ MAbort- >Reset- FastB2B-
		PriDiscTmr- SecDiscTmr- DiscTmrStat- DiscTmrSERREn-
	Capabilities: <access denied>
	Kernel driver in use: pcieport
	Kernel modules: shpchp

03:00.0 VGA compatible controller: Intel Corporation Battlemage G31 [Intel Graphics] (prog-if 00 [VGA controller])
	Subsystem: Intel Corporation Device 1701
	Control: I/O- Mem+ BusMaster+ SpecCycle- MemWINV- VGASnoop- ParErr- Stepping- SERR- FastB2B- DisINTx-
	Status: Cap+ 66MHz- UDF- FastB2B- ParErr- DEVSEL=fast >TAbort- <TAbort- <MAbort- >SERR- <PERR- INTx-
	Latency: 0, Cache Line Size: 64 bytes
	Interrupt: pin ? routed to IRQ 212
	IOMMU group: 76
	Region 0: Memory at 20004000000 (64-bit, prefetchable) [size=16M]
	Region 2: Memory at 1f000000000 (64-bit, prefetchable) [size=32G]
	Expansion ROM at f3a00000 [disabled] [size=2M]
	Capabilities: <access denied>
	Kernel driver in use: xe
	Kernel modules: xe

04:00.0 Audio device: Intel Corporation Device e2f7 (prog-if 00 [HDA compatible])
	Subsystem: Intel Corporation Device 1701
	Control: I/O- Mem+ BusMaster+ SpecCycle- MemWINV- VGASnoop- ParErr- Stepping- SERR- FastB2B- DisINTx+
	Status: Cap+ 66MHz- UDF- FastB2B- ParErr- DEVSEL=fast >TAbort- <TAbort- <MAbort- >SERR- <PERR- INTx-
	Latency: 0, Cache Line Size: 64 bytes
	Interrupt: pin ? routed to IRQ 216
	IOMMU group: 77
	Region 0: Memory at f3c00000 (64-bit, non-prefetchable) [size=16K]
	Capabilities: <access denied>
	Kernel driver in use: snd_hda_intel
	Kernel modules: snd_hda_intel

05:00.0 PCI bridge: Intel Corporation Device e2ff (rev 01) (prog-if 00 [Normal decode])
	Control: I/O+ Mem+ BusMaster+ SpecCycle- MemWINV- VGASnoop- ParErr- Stepping- SERR- FastB2B- DisINTx-
	Status: Cap+ 66MHz- UDF- FastB2B- ParErr- DEVSEL=fast >TAbort- <TAbort- <MAbort- >SERR- <PERR- INTx-
	Latency: 0, Cache Line Size: 64 bytes
	Interrupt: pin A routed to IRQ 61
	IOMMU group: 78
	Region 0: Memory at 1e805000000 (64-bit, prefetchable) [size=8M]
	Bus: primary=05, secondary=06, subordinate=08, sec-latency=0
	I/O behind bridge: 0000f000-00000fff [disabled] [32-bit]
	Memory behind bridge: f3600000-f38fffff [size=3M] [32-bit]
	Prefetchable memory behind bridge: 1d800000000-1e804ffffff [size=65616M] [32-bit]
	Secondary status: 66MHz- FastB2B- ParErr- DEVSEL=fast >TAbort- <TAbort- <MAbort- <SERR- <PERR-
	BridgeCtl: Parity- SERR+ NoISA- VGA+ VGA16+ MAbort- >Reset- FastB2B-
		PriDiscTmr- SecDiscTmr- DiscTmrStat- DiscTmrSERREn-
	Capabilities: <access denied>
	Kernel driver in use: pcieport
	Kernel modules: shpchp

06:01.0 PCI bridge: Intel Corporation Device e2f0 (prog-if 00 [Normal decode])
	Subsystem: Intel Corporation Device 0000
	Control: I/O+ Mem+ BusMaster+ SpecCycle- MemWINV- VGASnoop- ParErr- Stepping- SERR- FastB2B- DisINTx-
	Status: Cap+ 66MHz- UDF- FastB2B- ParErr- DEVSEL=fast >TAbort- <TAbort- <MAbort- >SERR- <PERR- INTx-
	Latency: 0, Cache Line Size: 64 bytes
	IOMMU group: 79
	Bus: primary=06, secondary=07, subordinate=07, sec-latency=0
	I/O behind bridge: f000-0fff [disabled] [16-bit]
	Memory behind bridge: f3600000-f37fffff [size=2M] [32-bit]
	Prefetchable memory behind bridge: 1d800000000-1e804ffffff [size=65616M] [32-bit]
	Secondary status: 66MHz- FastB2B- ParErr- DEVSEL=fast >TAbort- <TAbort- <MAbort- <SERR- <PERR-
	BridgeCtl: Parity- SERR+ NoISA- VGA+ VGA16+ MAbort- >Reset- FastB2B-
		PriDiscTmr- SecDiscTmr- DiscTmrStat- DiscTmrSERREn-
	Capabilities: <access denied>
	Kernel driver in use: pcieport
	Kernel modules: shpchp

06:02.0 PCI bridge: Intel Corporation Device e2f1 (prog-if 00 [Normal decode])
	Subsystem: Intel Corporation Device 0000
	Control: I/O+ Mem+ BusMaster+ SpecCycle- MemWINV- VGASnoop- ParErr- Stepping- SERR- FastB2B- DisINTx-
	Status: Cap+ 66MHz- UDF- FastB2B- ParErr- DEVSEL=fast >TAbort- <TAbort- <MAbort- >SERR- <PERR- INTx-
	Latency: 0, Cache Line Size: 64 bytes
	IOMMU group: 80
	Bus: primary=06, secondary=08, subordinate=08, sec-latency=0
	I/O behind bridge: f000-0fff [disabled] [16-bit]
	Memory behind bridge: f3800000-f38fffff [size=1M] [32-bit]
	Prefetchable memory behind bridge: 00000000fff00000-00000000000fffff [disabled] [64-bit]
	Secondary status: 66MHz- FastB2B- ParErr- DEVSEL=fast >TAbort- <TAbort- <MAbort- <SERR- <PERR-
	BridgeCtl: Parity- SERR+ NoISA- VGA- VGA16+ MAbort- >Reset- FastB2B-
		PriDiscTmr- SecDiscTmr- DiscTmrStat- DiscTmrSERREn-
	Capabilities: <access denied>
	Kernel driver in use: pcieport
	Kernel modules: shpchp

07:00.0 VGA compatible controller: Intel Corporation Battlemage G31 [Intel Graphics] (prog-if 00 [VGA controller])
	Subsystem: Intel Corporation Device 1701
	Control: I/O- Mem+ BusMaster+ SpecCycle- MemWINV- VGASnoop- ParErr- Stepping- SERR- FastB2B- DisINTx-
	Status: Cap+ 66MHz- UDF- FastB2B- ParErr- DEVSEL=fast >TAbort- <TAbort- <MAbort- >SERR- <PERR- INTx-
	Latency: 0, Cache Line Size: 64 bytes
	Interrupt: pin ? routed to IRQ 215
	IOMMU group: 81
	Region 0: Memory at 1e804000000 (64-bit, prefetchable) [size=16M]
	Region 2: Memory at 1d800000000 (64-bit, prefetchable) [size=32G]
	Expansion ROM at f3600000 [disabled] [size=2M]
	Capabilities: <access denied>
	Kernel driver in use: xe
	Kernel modules: xe

08:00.0 Audio device: Intel Corporation Device e2f7 (prog-if 00 [HDA compatible])
	Subsystem: Intel Corporation Device 1701
	Control: I/O- Mem+ BusMaster+ SpecCycle- MemWINV- VGASnoop- ParErr- Stepping- SERR- FastB2B- DisINTx+
	Status: Cap+ 66MHz- UDF- FastB2B- ParErr- DEVSEL=fast >TAbort- <TAbort- <MAbort- >SERR- <PERR- INTx-
	Latency: 0, Cache Line Size: 64 bytes
	Interrupt: pin ? routed to IRQ 218
	IOMMU group: 82
	Region 0: Memory at f3800000 (64-bit, non-prefetchable) [size=16K]
	Capabilities: <access denied>
	Kernel driver in use: snd_hda_intel
	Kernel modules: snd_hda_intel

09:00.0 Non-Essential Instrumentation [1300]: Advanced Micro Devices, Inc. [AMD] Starship/Matisse PCIe Dummy Function
	Subsystem: Advanced Micro Devices, Inc. [AMD] Starship/Matisse PCIe Dummy Function
	Control: I/O- Mem- BusMaster- SpecCycle- MemWINV- VGASnoop- ParErr- Stepping- SERR- FastB2B- DisINTx-
	Status: Cap+ 66MHz- UDF- FastB2B- ParErr- DEVSEL=fast >TAbort- <TAbort- <MAbort- >SERR- <PERR- INTx-
	IOMMU group: 83
	Capabilities: <access denied>

0a:00.0 Non-Essential Instrumentation [1300]: Advanced Micro Devices, Inc. [AMD] Starship/Matisse Reserved SPP
	Subsystem: Advanced Micro Devices, Inc. [AMD] Starship/Matisse Reserved SPP
	Control: I/O- Mem- BusMaster- SpecCycle- MemWINV- VGASnoop- ParErr- Stepping- SERR- FastB2B- DisINTx-
	Status: Cap+ 66MHz- UDF- FastB2B- ParErr- DEVSEL=fast >TAbort- <TAbort- <MAbort- >SERR- <PERR- INTx-
	IOMMU group: 84
	Capabilities: <access denied>

0a:00.3 USB controller: Advanced Micro Devices, Inc. [AMD] Starship USB 3.0 Host Controller (prog-if 30 [XHCI])
	Subsystem: Advanced Micro Devices, Inc. [AMD] Device d102
	Control: I/O+ Mem+ BusMaster+ SpecCycle- MemWINV- VGASnoop- ParErr- Stepping- SERR- FastB2B- DisINTx+
	Status: Cap+ 66MHz- UDF- FastB2B- ParErr- DEVSEL=fast >TAbort- <TAbort- <MAbort- >SERR- <PERR- INTx-
	Latency: 0, Cache Line Size: 64 bytes
	Interrupt: pin C routed to IRQ 80
	IOMMU group: 85
	Region 0: Memory at f3e00000 (64-bit, non-prefetchable) [size=1M]
	Capabilities: <access denied>
	Kernel driver in use: xhci_hcd
	Kernel modules: xhci_pci

20:00.0 Host bridge: Advanced Micro Devices, Inc. [AMD] Starship/Matisse Root Complex
	Subsystem: ASRock Incorporation ROME2D32LM3
	Control: I/O- Mem- BusMaster- SpecCycle- MemWINV- VGASnoop- ParErr- Stepping- SERR- FastB2B- DisINTx-
	Status: Cap- 66MHz- UDF- FastB2B- ParErr- DEVSEL=fast >TAbort- <TAbort- <MAbort- >SERR- <PERR- INTx-

20:00.2 IOMMU: Advanced Micro Devices, Inc. [AMD] Starship/Matisse IOMMU
	Subsystem: Advanced Micro Devices, Inc. [AMD] Starship/Matisse IOMMU
	Control: I/O- Mem- BusMaster- SpecCycle- MemWINV- VGASnoop- ParErr+ Stepping- SERR- FastB2B- DisINTx+
	Status: Cap+ 66MHz- UDF- FastB2B- ParErr- DEVSEL=fast >TAbort- <TAbort- <MAbort- >SERR- <PERR- INTx-
	Interrupt: pin ? routed to IRQ 29
	Capabilities: <access denied>

20:01.0 Host bridge: Advanced Micro Devices, Inc. [AMD] Starship/Matisse PCIe Dummy Host Bridge
	Control: I/O- Mem- BusMaster- SpecCycle- MemWINV- VGASnoop- ParErr- Stepping- SERR- FastB2B- DisINTx-
	Status: Cap- 66MHz- UDF- FastB2B- ParErr- DEVSEL=fast >TAbort- <TAbort- <MAbort- >SERR- <PERR- INTx-
	IOMMU group: 46

20:02.0 Host bridge: Advanced Micro Devices, Inc. [AMD] Starship/Matisse PCIe Dummy Host Bridge
	Control: I/O- Mem- BusMaster- SpecCycle- MemWINV- VGASnoop- ParErr- Stepping- SERR- FastB2B- DisINTx-
	Status: Cap- 66MHz- UDF- FastB2B- ParErr- DEVSEL=fast >TAbort- <TAbort- <MAbort- >SERR- <PERR- INTx-
	IOMMU group: 47

20:03.0 Host bridge: Advanced Micro Devices, Inc. [AMD] Starship/Matisse PCIe Dummy Host Bridge
	Control: I/O- Mem- BusMaster- SpecCycle- MemWINV- VGASnoop- ParErr- Stepping- SERR- FastB2B- DisINTx-
	Status: Cap- 66MHz- UDF- FastB2B- ParErr- DEVSEL=fast >TAbort- <TAbort- <MAbort- >SERR- <PERR- INTx-
	IOMMU group: 48

20:04.0 Host bridge: Advanced Micro Devices, Inc. [AMD] Starship/Matisse PCIe Dummy Host Bridge
	Control: I/O- Mem- BusMaster- SpecCycle- MemWINV- VGASnoop- ParErr- Stepping- SERR- FastB2B- DisINTx-
	Status: Cap- 66MHz- UDF- FastB2B- ParErr- DEVSEL=fast >TAbort- <TAbort- <MAbort- >SERR- <PERR- INTx-
	IOMMU group: 49

20:05.0 Host bridge: Advanced Micro Devices, Inc. [AMD] Starship/Matisse PCIe Dummy Host Bridge
	Control: I/O- Mem- BusMaster- SpecCycle- MemWINV- VGASnoop- ParErr- Stepping- SERR- FastB2B- DisINTx-
	Status: Cap- 66MHz- UDF- FastB2B- ParErr- DEVSEL=fast >TAbort- <TAbort- <MAbort- >SERR- <PERR- INTx-
	IOMMU group: 50

20:07.0 Host bridge: Advanced Micro Devices, Inc. [AMD] Starship/Matisse PCIe Dummy Host Bridge
	Control: I/O- Mem- BusMaster- SpecCycle- MemWINV- VGASnoop- ParErr- Stepping- SERR- FastB2B- DisINTx-
	Status: Cap- 66MHz- UDF- FastB2B- ParErr- DEVSEL=fast >TAbort- <TAbort- <MAbort- >SERR- <PERR- INTx-
	IOMMU group: 51

20:07.1 PCI bridge: Advanced Micro Devices, Inc. [AMD] Starship/Matisse Internal PCIe GPP Bridge 0 to bus[E:B] (prog-if 00 [Normal decode])
	Subsystem: Advanced Micro Devices, Inc. [AMD] Starship/Matisse Internal PCIe GPP Bridge 0 to bus[E:B]
	Control: I/O+ Mem+ BusMaster+ SpecCycle- MemWINV- VGASnoop- ParErr- Stepping- SERR- FastB2B- DisINTx+
	Status: Cap+ 66MHz- UDF- FastB2B- ParErr- DEVSEL=fast >TAbort- <TAbort- <MAbort- >SERR- <PERR- INTx-
	Latency: 0, Cache Line Size: 64 bytes
	Interrupt: pin A routed to IRQ 53
	IOMMU group: 52
	Bus: primary=20, secondary=21, subordinate=21, sec-latency=0
	I/O behind bridge: 0000f000-00000fff [disabled] [32-bit]
	Memory behind bridge: fff00000-000fffff [disabled] [32-bit]
	Prefetchable memory behind bridge: 00000000fff00000-00000000000fffff [disabled] [64-bit]
	Secondary status: 66MHz- FastB2B- ParErr- DEVSEL=fast >TAbort- <TAbort- <MAbort- <SERR- <PERR-
	BridgeCtl: Parity- SERR+ NoISA- VGA- VGA16+ MAbort- >Reset- FastB2B-
		PriDiscTmr- SecDiscTmr- DiscTmrStat- DiscTmrSERREn-
	Capabilities: <access denied>
	Kernel driver in use: pcieport
	Kernel modules: shpchp

20:08.0 Host bridge: Advanced Micro Devices, Inc. [AMD] Starship/Matisse PCIe Dummy Host Bridge
	Control: I/O- Mem- BusMaster- SpecCycle- MemWINV- VGASnoop- ParErr- Stepping- SERR- FastB2B- DisINTx-
	Status: Cap- 66MHz- UDF- FastB2B- ParErr- DEVSEL=fast >TAbort- <TAbort- <MAbort- >SERR- <PERR- INTx-
	IOMMU group: 53

20:08.1 PCI bridge: Advanced Micro Devices, Inc. [AMD] Starship/Matisse Internal PCIe GPP Bridge 0 to bus[E:B] (prog-if 00 [Normal decode])
	Subsystem: Advanced Micro Devices, Inc. [AMD] Starship/Matisse Internal PCIe GPP Bridge 0 to bus[E:B]
	Control: I/O+ Mem+ BusMaster+ SpecCycle- MemWINV- VGASnoop- ParErr- Stepping- SERR- FastB2B- DisINTx+
	Status: Cap+ 66MHz- UDF- FastB2B- ParErr- DEVSEL=fast >TAbort- <TAbort- <MAbort- >SERR- <PERR- INTx-
	Latency: 0, Cache Line Size: 64 bytes
	Interrupt: pin A routed to IRQ 54
	IOMMU group: 54
	Bus: primary=20, secondary=22, subordinate=22, sec-latency=0
	I/O behind bridge: 0000f000-00000fff [disabled] [32-bit]
	Memory behind bridge: c3d00000-c3ffffff [size=3M] [32-bit]
	Prefetchable memory behind bridge: 00000000fff00000-00000000000fffff [disabled] [64-bit]
	Secondary status: 66MHz- FastB2B- ParErr- DEVSEL=fast >TAbort- <TAbort- <MAbort- <SERR- <PERR-
	BridgeCtl: Parity- SERR+ NoISA- VGA- VGA16+ MAbort- >Reset- FastB2B-
		PriDiscTmr- SecDiscTmr- DiscTmrStat- DiscTmrSERREn-
	Capabilities: <access denied>
	Kernel driver in use: pcieport
	Kernel modules: shpchp

21:00.0 Non-Essential Instrumentation [1300]: Advanced Micro Devices, Inc. [AMD] Starship/Matisse PCIe Dummy Function
	Subsystem: Advanced Micro Devices, Inc. [AMD] Starship/Matisse PCIe Dummy Function
	Control: I/O- Mem- BusMaster- SpecCycle- MemWINV- VGASnoop- ParErr- Stepping- SERR- FastB2B- DisINTx-
	Status: Cap+ 66MHz- UDF- FastB2B- ParErr- DEVSEL=fast >TAbort- <TAbort- <MAbort- >SERR- <PERR- INTx-
	IOMMU group: 55
	Capabilities: <access denied>

22:00.0 Non-Essential Instrumentation [1300]: Advanced Micro Devices, Inc. [AMD] Starship/Matisse Reserved SPP
	Subsystem: Advanced Micro Devices, Inc. [AMD] Starship/Matisse Reserved SPP
	Control: I/O- Mem- BusMaster- SpecCycle- MemWINV- VGASnoop- ParErr- Stepping- SERR- FastB2B- DisINTx-
	Status: Cap+ 66MHz- UDF- FastB2B- ParErr- DEVSEL=fast >TAbort- <TAbort- <MAbort- >SERR- <PERR- INTx-
	IOMMU group: 56
	Capabilities: <access denied>

22:00.1 Encryption controller: Advanced Micro Devices, Inc. [AMD] Starship/Matisse Cryptographic Coprocessor PSPCPP
	Subsystem: Advanced Micro Devices, Inc. [AMD] Starship/Matisse Cryptographic Coprocessor PSPCPP
	Control: I/O- Mem+ BusMaster+ SpecCycle- MemWINV- VGASnoop- ParErr- Stepping- SERR- FastB2B- DisINTx+
	Status: Cap+ 66MHz- UDF- FastB2B- ParErr- DEVSEL=fast >TAbort+ <TAbort- <MAbort- >SERR- <PERR- INTx-
	Latency: 0, Cache Line Size: 64 bytes
	Interrupt: pin A routed to IRQ 89
	IOMMU group: 57
	Region 2: Memory at c3e00000 (32-bit, non-prefetchable) [size=1M]
	Region 5: Memory at c3f08000 (32-bit, non-prefetchable) [size=8K]
	Capabilities: <access denied>
	Kernel driver in use: ccp
	Kernel modules: ccp

22:00.3 USB controller: Advanced Micro Devices, Inc. [AMD] Starship USB 3.0 Host Controller (prog-if 30 [XHCI])
	Subsystem: Advanced Micro Devices, Inc. [AMD] Device d102
	Control: I/O+ Mem+ BusMaster+ SpecCycle- MemWINV- VGASnoop- ParErr- Stepping- SERR- FastB2B- DisINTx+
	Status: Cap+ 66MHz- UDF- FastB2B- ParErr- DEVSEL=fast >TAbort- <TAbort- <MAbort- >SERR- <PERR- INTx-
	Latency: 0, Cache Line Size: 64 bytes
	Interrupt: pin C routed to IRQ 71
	IOMMU group: 58
	Region 0: Memory at c3d00000 (64-bit, non-prefetchable) [size=1M]
	Capabilities: <access denied>
	Kernel driver in use: xhci_hcd
	Kernel modules: xhci_pci

22:00.4 Audio device: Advanced Micro Devices, Inc. [AMD] Starship/Matisse HD Audio Controller (prog-if 00 [HDA compatible])
	Subsystem: Advanced Micro Devices, Inc. [AMD] Device d102
	Control: I/O- Mem+ BusMaster+ SpecCycle- MemWINV- VGASnoop- ParErr- Stepping- SERR- FastB2B- DisINTx+
	Status: Cap+ 66MHz- UDF- FastB2B- ParErr- DEVSEL=fast >TAbort- <TAbort- <MAbort- >SERR- <PERR- INTx-
	Latency: 0, Cache Line Size: 64 bytes
	Interrupt: pin D routed to IRQ 205
	IOMMU group: 59
	Region 0: Memory at c3f00000 (32-bit, non-prefetchable) [size=32K]
	Capabilities: <access denied>
	Kernel driver in use: snd_hda_intel
	Kernel modules: snd_hda_intel

40:00.0 Host bridge: Advanced Micro Devices, Inc. [AMD] Starship/Matisse Root Complex
	Subsystem: ASRock Incorporation ROME2D32LM3
	Control: I/O- Mem- BusMaster- SpecCycle- MemWINV- VGASnoop- ParErr- Stepping- SERR- FastB2B- DisINTx-
	Status: Cap- 66MHz- UDF- FastB2B- ParErr- DEVSEL=fast >TAbort- <TAbort- <MAbort- >SERR- <PERR- INTx-

40:00.2 IOMMU: Advanced Micro Devices, Inc. [AMD] Starship/Matisse IOMMU
	Subsystem: Advanced Micro Devices, Inc. [AMD] Starship/Matisse IOMMU
	Control: I/O- Mem- BusMaster- SpecCycle- MemWINV- VGASnoop- ParErr+ Stepping- SERR- FastB2B- DisINTx+
	Status: Cap+ 66MHz- UDF- FastB2B- ParErr- DEVSEL=fast >TAbort- <TAbort- <MAbort- >SERR- <PERR- INTx-
	Interrupt: pin ? routed to IRQ 28
	Capabilities: <access denied>

40:01.0 Host bridge: Advanced Micro Devices, Inc. [AMD] Starship/Matisse PCIe Dummy Host Bridge
	Control: I/O- Mem- BusMaster- SpecCycle- MemWINV- VGASnoop- ParErr- Stepping- SERR- FastB2B- DisINTx-
	Status: Cap- 66MHz- UDF- FastB2B- ParErr- DEVSEL=fast >TAbort- <TAbort- <MAbort- >SERR- <PERR- INTx-
	IOMMU group: 23

40:01.1 PCI bridge: Advanced Micro Devices, Inc. [AMD] Starship/Matisse GPP Bridge (prog-if 00 [Normal decode])
	Subsystem: Advanced Micro Devices, Inc. [AMD] Device 1453
	Control: I/O+ Mem+ BusMaster+ SpecCycle- MemWINV- VGASnoop- ParErr- Stepping- SERR- FastB2B- DisINTx+
	Status: Cap+ 66MHz- UDF- FastB2B- ParErr- DEVSEL=fast >TAbort- <TAbort- <MAbort- >SERR- <PERR- INTx-
	Latency: 0, Cache Line Size: 64 bytes
	Interrupt: pin ? routed to IRQ 44
	IOMMU group: 24
	Bus: primary=40, secondary=41, subordinate=44, sec-latency=0
	I/O behind bridge: 0000f000-00000fff [disabled] [32-bit]
	Memory behind bridge: c9c00000-c9efffff [size=3M] [32-bit]
	Prefetchable memory behind bridge: 17000000000-180057fffff [size=65624M] [32-bit]
	Secondary status: 66MHz- FastB2B- ParErr- DEVSEL=fast >TAbort- <TAbort- <MAbort- <SERR- <PERR-
	BridgeCtl: Parity- SERR+ NoISA- VGA- VGA16+ MAbort- >Reset- FastB2B-
		PriDiscTmr- SecDiscTmr- DiscTmrStat- DiscTmrSERREn-
	Capabilities: <access denied>
	Kernel driver in use: pcieport
	Kernel modules: shpchp

40:02.0 Host bridge: Advanced Micro Devices, Inc. [AMD] Starship/Matisse PCIe Dummy Host Bridge
	Control: I/O- Mem- BusMaster- SpecCycle- MemWINV- VGASnoop- ParErr- Stepping- SERR- FastB2B- DisINTx-
	Status: Cap- 66MHz- UDF- FastB2B- ParErr- DEVSEL=fast >TAbort- <TAbort- <MAbort- >SERR- <PERR- INTx-
	IOMMU group: 25

40:03.0 Host bridge: Advanced Micro Devices, Inc. [AMD] Starship/Matisse PCIe Dummy Host Bridge
	Control: I/O- Mem- BusMaster- SpecCycle- MemWINV- VGASnoop- ParErr- Stepping- SERR- FastB2B- DisINTx-
	Status: Cap- 66MHz- UDF- FastB2B- ParErr- DEVSEL=fast >TAbort- <TAbort- <MAbort- >SERR- <PERR- INTx-
	IOMMU group: 26

40:03.1 PCI bridge: Advanced Micro Devices, Inc. [AMD] Starship/Matisse GPP Bridge (prog-if 00 [Normal decode])
	Subsystem: Advanced Micro Devices, Inc. [AMD] Device 1453
	Control: I/O+ Mem+ BusMaster+ SpecCycle- MemWINV- VGASnoop- ParErr- Stepping- SERR- FastB2B- DisINTx+
	Status: Cap+ 66MHz- UDF- FastB2B- ParErr- DEVSEL=fast >TAbort- <TAbort- <MAbort- >SERR- <PERR- INTx-
	Latency: 0, Cache Line Size: 64 bytes
	Interrupt: pin ? routed to IRQ 45
	IOMMU group: 27
	Bus: primary=40, secondary=45, subordinate=48, sec-latency=0
	I/O behind bridge: 0000f000-00000fff [disabled] [32-bit]
	Memory behind bridge: c9800000-c9afffff [size=3M] [32-bit]
	Prefetchable memory behind bridge: 15800000000-168057fffff [size=65624M] [32-bit]
	Secondary status: 66MHz- FastB2B- ParErr- DEVSEL=fast >TAbort- <TAbort- <MAbort- <SERR- <PERR-
	BridgeCtl: Parity- SERR+ NoISA- VGA- VGA16+ MAbort- >Reset- FastB2B-
		PriDiscTmr- SecDiscTmr- DiscTmrStat- DiscTmrSERREn-
	Capabilities: <access denied>
	Kernel driver in use: pcieport
	Kernel modules: shpchp

40:04.0 Host bridge: Advanced Micro Devices, Inc. [AMD] Starship/Matisse PCIe Dummy Host Bridge
	Control: I/O- Mem- BusMaster- SpecCycle- MemWINV- VGASnoop- ParErr- Stepping- SERR- FastB2B- DisINTx-
	Status: Cap- 66MHz- UDF- FastB2B- ParErr- DEVSEL=fast >TAbort- <TAbort- <MAbort- >SERR- <PERR- INTx-
	IOMMU group: 28

40:05.0 Host bridge: Advanced Micro Devices, Inc. [AMD] Starship/Matisse PCIe Dummy Host Bridge
	Control: I/O- Mem- BusMaster- SpecCycle- MemWINV- VGASnoop- ParErr- Stepping- SERR- FastB2B- DisINTx-
	Status: Cap- 66MHz- UDF- FastB2B- ParErr- DEVSEL=fast >TAbort- <TAbort- <MAbort- >SERR- <PERR- INTx-
	IOMMU group: 29

40:07.0 Host bridge: Advanced Micro Devices, Inc. [AMD] Starship/Matisse PCIe Dummy Host Bridge
	Control: I/O- Mem- BusMaster- SpecCycle- MemWINV- VGASnoop- ParErr- Stepping- SERR- FastB2B- DisINTx-
	Status: Cap- 66MHz- UDF- FastB2B- ParErr- DEVSEL=fast >TAbort- <TAbort- <MAbort- >SERR- <PERR- INTx-
	IOMMU group: 30

40:07.1 PCI bridge: Advanced Micro Devices, Inc. [AMD] Starship/Matisse Internal PCIe GPP Bridge 0 to bus[E:B] (prog-if 00 [Normal decode])
	Subsystem: Advanced Micro Devices, Inc. [AMD] Starship/Matisse Internal PCIe GPP Bridge 0 to bus[E:B]
	Control: I/O+ Mem+ BusMaster+ SpecCycle- MemWINV- VGASnoop- ParErr- Stepping- SERR- FastB2B- DisINTx+
	Status: Cap+ 66MHz- UDF- FastB2B- ParErr- DEVSEL=fast >TAbort- <TAbort- <MAbort- >SERR- <PERR- INTx-
	Latency: 0, Cache Line Size: 64 bytes
	Interrupt: pin A routed to IRQ 47
	IOMMU group: 31
	Bus: primary=40, secondary=49, subordinate=49, sec-latency=0
	I/O behind bridge: 0000f000-00000fff [disabled] [32-bit]
	Memory behind bridge: fff00000-000fffff [disabled] [32-bit]
	Prefetchable memory behind bridge: 00000000fff00000-00000000000fffff [disabled] [64-bit]
	Secondary status: 66MHz- FastB2B- ParErr- DEVSEL=fast >TAbort- <TAbort- <MAbort- <SERR- <PERR-
	BridgeCtl: Parity- SERR+ NoISA- VGA- VGA16+ MAbort- >Reset- FastB2B-
		PriDiscTmr- SecDiscTmr- DiscTmrStat- DiscTmrSERREn-
	Capabilities: <access denied>
	Kernel driver in use: pcieport
	Kernel modules: shpchp

40:08.0 Host bridge: Advanced Micro Devices, Inc. [AMD] Starship/Matisse PCIe Dummy Host Bridge
	Control: I/O- Mem- BusMaster- SpecCycle- MemWINV- VGASnoop- ParErr- Stepping- SERR- FastB2B- DisINTx-
	Status: Cap- 66MHz- UDF- FastB2B- ParErr- DEVSEL=fast >TAbort- <TAbort- <MAbort- >SERR- <PERR- INTx-
	IOMMU group: 32

40:08.1 PCI bridge: Advanced Micro Devices, Inc. [AMD] Starship/Matisse Internal PCIe GPP Bridge 0 to bus[E:B] (prog-if 00 [Normal decode])
	Subsystem: Advanced Micro Devices, Inc. [AMD] Starship/Matisse Internal PCIe GPP Bridge 0 to bus[E:B]
	Control: I/O+ Mem+ BusMaster+ SpecCycle- MemWINV- VGASnoop- ParErr- Stepping- SERR- FastB2B- DisINTx+
	Status: Cap+ 66MHz- UDF- FastB2B- ParErr- DEVSEL=fast >TAbort- <TAbort- <MAbort- >SERR- <PERR- INTx-
	Latency: 0, Cache Line Size: 64 bytes
	Interrupt: pin A routed to IRQ 49
	IOMMU group: 33
	Bus: primary=40, secondary=4a, subordinate=4a, sec-latency=0
	I/O behind bridge: 0000f000-00000fff [disabled] [32-bit]
	Memory behind bridge: fff00000-000fffff [disabled] [32-bit]
	Prefetchable memory behind bridge: 00000000fff00000-00000000000fffff [disabled] [64-bit]
	Secondary status: 66MHz- FastB2B- ParErr- DEVSEL=fast >TAbort- <TAbort- <MAbort- <SERR- <PERR-
	BridgeCtl: Parity- SERR+ NoISA- VGA- VGA16+ MAbort- >Reset- FastB2B-
		PriDiscTmr- SecDiscTmr- DiscTmrStat- DiscTmrSERREn-
	Capabilities: <access denied>
	Kernel driver in use: pcieport
	Kernel modules: shpchp

41:00.0 PCI bridge: Intel Corporation Device e2ff (rev 01) (prog-if 00 [Normal decode])
	Control: I/O+ Mem+ BusMaster+ SpecCycle- MemWINV- VGASnoop- ParErr- Stepping- SERR- FastB2B- DisINTx-
	Status: Cap+ 66MHz- UDF- FastB2B- ParErr- DEVSEL=fast >TAbort- <TAbort- <MAbort- >SERR- <PERR- INTx-
	Latency: 0, Cache Line Size: 64 bytes
	Interrupt: pin A routed to IRQ 50
	IOMMU group: 34
	Region 0: Memory at 18005000000 (64-bit, prefetchable) [size=8M]
	Bus: primary=41, secondary=42, subordinate=44, sec-latency=0
	I/O behind bridge: 0000f000-00000fff [disabled] [32-bit]
	Memory behind bridge: c9c00000-c9efffff [size=3M] [32-bit]
	Prefetchable memory behind bridge: 17000000000-18004ffffff [size=65616M] [32-bit]
	Secondary status: 66MHz- FastB2B- ParErr- DEVSEL=fast >TAbort- <TAbort- <MAbort- <SERR- <PERR-
	BridgeCtl: Parity- SERR+ NoISA- VGA- VGA16+ MAbort- >Reset- FastB2B-
		PriDiscTmr- SecDiscTmr- DiscTmrStat- DiscTmrSERREn-
	Capabilities: <access denied>
	Kernel driver in use: pcieport
	Kernel modules: shpchp

42:01.0 PCI bridge: Intel Corporation Device e2f0 (prog-if 00 [Normal decode])
	Subsystem: Intel Corporation Device 0000
	Control: I/O+ Mem+ BusMaster+ SpecCycle- MemWINV- VGASnoop- ParErr- Stepping- SERR- FastB2B- DisINTx-
	Status: Cap+ 66MHz- UDF- FastB2B- ParErr- DEVSEL=fast >TAbort- <TAbort- <MAbort- >SERR- <PERR- INTx-
	Latency: 0, Cache Line Size: 64 bytes
	IOMMU group: 35
	Bus: primary=42, secondary=43, subordinate=43, sec-latency=0
	I/O behind bridge: f000-0fff [disabled] [16-bit]
	Memory behind bridge: c9c00000-c9dfffff [size=2M] [32-bit]
	Prefetchable memory behind bridge: 17000000000-18004ffffff [size=65616M] [32-bit]
	Secondary status: 66MHz- FastB2B- ParErr- DEVSEL=fast >TAbort- <TAbort- <MAbort- <SERR- <PERR-
	BridgeCtl: Parity- SERR+ NoISA- VGA- VGA16+ MAbort- >Reset- FastB2B-
		PriDiscTmr- SecDiscTmr- DiscTmrStat- DiscTmrSERREn-
	Capabilities: <access denied>
	Kernel driver in use: pcieport
	Kernel modules: shpchp

42:02.0 PCI bridge: Intel Corporation Device e2f1 (prog-if 00 [Normal decode])
	Subsystem: Intel Corporation Device 0000
	Control: I/O+ Mem+ BusMaster+ SpecCycle- MemWINV- VGASnoop- ParErr- Stepping- SERR- FastB2B- DisINTx-
	Status: Cap+ 66MHz- UDF- FastB2B- ParErr- DEVSEL=fast >TAbort- <TAbort- <MAbort- >SERR- <PERR- INTx-
	Latency: 0, Cache Line Size: 64 bytes
	IOMMU group: 36
	Bus: primary=42, secondary=44, subordinate=44, sec-latency=0
	I/O behind bridge: f000-0fff [disabled] [16-bit]
	Memory behind bridge: c9e00000-c9efffff [size=1M] [32-bit]
	Prefetchable memory behind bridge: 00000000fff00000-00000000000fffff [disabled] [64-bit]
	Secondary status: 66MHz- FastB2B- ParErr- DEVSEL=fast >TAbort- <TAbort- <MAbort- <SERR- <PERR-
	BridgeCtl: Parity- SERR+ NoISA- VGA- VGA16+ MAbort- >Reset- FastB2B-
		PriDiscTmr- SecDiscTmr- DiscTmrStat- DiscTmrSERREn-
	Capabilities: <access denied>
	Kernel driver in use: pcieport
	Kernel modules: shpchp

43:00.0 VGA compatible controller: Intel Corporation Battlemage G31 [Intel Graphics] (prog-if 00 [VGA controller])
	Subsystem: Intel Corporation Device 1701
	Control: I/O- Mem+ BusMaster+ SpecCycle- MemWINV- VGASnoop- ParErr- Stepping- SERR- FastB2B- DisINTx-
	Status: Cap+ 66MHz- UDF- FastB2B- ParErr- DEVSEL=fast >TAbort- <TAbort- <MAbort- >SERR- <PERR- INTx-
	Latency: 0, Cache Line Size: 64 bytes
	Interrupt: pin ? routed to IRQ 207
	IOMMU group: 37
	Region 0: Memory at 18004000000 (64-bit, prefetchable) [size=16M]
	Region 2: Memory at 17000000000 (64-bit, prefetchable) [size=32G]
	Expansion ROM at c9c00000 [disabled] [size=2M]
	Capabilities: <access denied>
	Kernel driver in use: xe
	Kernel modules: xe

44:00.0 Audio device: Intel Corporation Device e2f7 (prog-if 00 [HDA compatible])
	Subsystem: Intel Corporation Device 1701
	Control: I/O- Mem+ BusMaster+ SpecCycle- MemWINV- VGASnoop- ParErr- Stepping- SERR- FastB2B- DisINTx+
	Status: Cap+ 66MHz- UDF- FastB2B- ParErr- DEVSEL=fast >TAbort- <TAbort- <MAbort- >SERR- <PERR- INTx-
	Latency: 0, Cache Line Size: 64 bytes
	Interrupt: pin ? routed to IRQ 210
	IOMMU group: 38
	Region 0: Memory at c9e00000 (64-bit, non-prefetchable) [size=16K]
	Capabilities: <access denied>
	Kernel driver in use: snd_hda_intel
	Kernel modules: snd_hda_intel

45:00.0 PCI bridge: Intel Corporation Device e2ff (rev 01) (prog-if 00 [Normal decode])
	Control: I/O+ Mem+ BusMaster+ SpecCycle- MemWINV- VGASnoop- ParErr- Stepping- SERR- FastB2B- DisINTx-
	Status: Cap+ 66MHz- UDF- FastB2B- ParErr- DEVSEL=fast >TAbort- <TAbort- <MAbort- >SERR- <PERR- INTx-
	Latency: 0, Cache Line Size: 64 bytes
	Interrupt: pin A routed to IRQ 51
	IOMMU group: 39
	Region 0: Memory at 16805000000 (64-bit, prefetchable) [size=8M]
	Bus: primary=45, secondary=46, subordinate=48, sec-latency=0
	I/O behind bridge: 0000f000-00000fff [disabled] [32-bit]
	Memory behind bridge: c9800000-c9afffff [size=3M] [32-bit]
	Prefetchable memory behind bridge: 15800000000-16804ffffff [size=65616M] [32-bit]
	Secondary status: 66MHz- FastB2B- ParErr- DEVSEL=fast >TAbort- <TAbort- <MAbort- <SERR- <PERR-
	BridgeCtl: Parity- SERR+ NoISA- VGA- VGA16+ MAbort- >Reset- FastB2B-
		PriDiscTmr- SecDiscTmr- DiscTmrStat- DiscTmrSERREn-
	Capabilities: <access denied>
	Kernel driver in use: pcieport
	Kernel modules: shpchp

46:01.0 PCI bridge: Intel Corporation Device e2f0 (prog-if 00 [Normal decode])
	Subsystem: Intel Corporation Device 0000
	Control: I/O+ Mem+ BusMaster+ SpecCycle- MemWINV- VGASnoop- ParErr- Stepping- SERR- FastB2B- DisINTx-
	Status: Cap+ 66MHz- UDF- FastB2B- ParErr- DEVSEL=fast >TAbort- <TAbort- <MAbort- >SERR- <PERR- INTx-
	Latency: 0, Cache Line Size: 64 bytes
	IOMMU group: 40
	Bus: primary=46, secondary=47, subordinate=47, sec-latency=0
	I/O behind bridge: f000-0fff [disabled] [16-bit]
	Memory behind bridge: c9800000-c99fffff [size=2M] [32-bit]
	Prefetchable memory behind bridge: 15800000000-16804ffffff [size=65616M] [32-bit]
	Secondary status: 66MHz- FastB2B- ParErr- DEVSEL=fast >TAbort- <TAbort- <MAbort- <SERR- <PERR-
	BridgeCtl: Parity- SERR+ NoISA- VGA- VGA16+ MAbort- >Reset- FastB2B-
		PriDiscTmr- SecDiscTmr- DiscTmrStat- DiscTmrSERREn-
	Capabilities: <access denied>
	Kernel driver in use: pcieport
	Kernel modules: shpchp

46:02.0 PCI bridge: Intel Corporation Device e2f1 (prog-if 00 [Normal decode])
	Subsystem: Intel Corporation Device 0000
	Control: I/O+ Mem+ BusMaster+ SpecCycle- MemWINV- VGASnoop- ParErr- Stepping- SERR- FastB2B- DisINTx-
	Status: Cap+ 66MHz- UDF- FastB2B- ParErr- DEVSEL=fast >TAbort- <TAbort- <MAbort- >SERR- <PERR- INTx-
	Latency: 0, Cache Line Size: 64 bytes
	IOMMU group: 41
	Bus: primary=46, secondary=48, subordinate=48, sec-latency=0
	I/O behind bridge: f000-0fff [disabled] [16-bit]
	Memory behind bridge: c9a00000-c9afffff [size=1M] [32-bit]
	Prefetchable memory behind bridge: 00000000fff00000-00000000000fffff [disabled] [64-bit]
	Secondary status: 66MHz- FastB2B- ParErr- DEVSEL=fast >TAbort- <TAbort- <MAbort- <SERR- <PERR-
	BridgeCtl: Parity- SERR+ NoISA- VGA- VGA16+ MAbort- >Reset- FastB2B-
		PriDiscTmr- SecDiscTmr- DiscTmrStat- DiscTmrSERREn-
	Capabilities: <access denied>
	Kernel driver in use: pcieport
	Kernel modules: shpchp

47:00.0 VGA compatible controller: Intel Corporation Battlemage G31 [Intel Graphics] (prog-if 00 [VGA controller])
	Subsystem: Intel Corporation Device 1701
	Control: I/O- Mem+ BusMaster+ SpecCycle- MemWINV- VGASnoop- ParErr- Stepping- SERR- FastB2B- DisINTx-
	Status: Cap+ 66MHz- UDF- FastB2B- ParErr- DEVSEL=fast >TAbort- <TAbort- <MAbort- >SERR- <PERR- INTx-
	Latency: 0, Cache Line Size: 64 bytes
	Interrupt: pin ? routed to IRQ 209
	IOMMU group: 42
	Region 0: Memory at 16804000000 (64-bit, prefetchable) [size=16M]
	Region 2: Memory at 15800000000 (64-bit, prefetchable) [size=32G]
	Expansion ROM at c9800000 [disabled] [size=2M]
	Capabilities: <access denied>
	Kernel driver in use: xe
	Kernel modules: xe

48:00.0 Audio device: Intel Corporation Device e2f7 (prog-if 00 [HDA compatible])
	Subsystem: Intel Corporation Device 1701
	Control: I/O- Mem+ BusMaster+ SpecCycle- MemWINV- VGASnoop- ParErr- Stepping- SERR- FastB2B- DisINTx+
	Status: Cap+ 66MHz- UDF- FastB2B- ParErr- DEVSEL=fast >TAbort- <TAbort- <MAbort- >SERR- <PERR- INTx-
	Latency: 0, Cache Line Size: 64 bytes
	Interrupt: pin ? routed to IRQ 213
	IOMMU group: 43
	Region 0: Memory at c9a00000 (64-bit, non-prefetchable) [size=16K]
	Capabilities: <access denied>
	Kernel driver in use: snd_hda_intel
	Kernel modules: snd_hda_intel

49:00.0 Non-Essential Instrumentation [1300]: Advanced Micro Devices, Inc. [AMD] Starship/Matisse PCIe Dummy Function
	Subsystem: Advanced Micro Devices, Inc. [AMD] Starship/Matisse PCIe Dummy Function
	Control: I/O- Mem- BusMaster- SpecCycle- MemWINV- VGASnoop- ParErr- Stepping- SERR- FastB2B- DisINTx-
	Status: Cap+ 66MHz- UDF- FastB2B- ParErr- DEVSEL=fast >TAbort- <TAbort- <MAbort- >SERR- <PERR- INTx-
	IOMMU group: 44
	Capabilities: <access denied>

4a:00.0 Non-Essential Instrumentation [1300]: Advanced Micro Devices, Inc. [AMD] Starship/Matisse Reserved SPP
	Subsystem: Advanced Micro Devices, Inc. [AMD] Starship/Matisse Reserved SPP
	Control: I/O- Mem- BusMaster- SpecCycle- MemWINV- VGASnoop- ParErr- Stepping- SERR- FastB2B- DisINTx-
	Status: Cap+ 66MHz- UDF- FastB2B- ParErr- DEVSEL=fast >TAbort- <TAbort- <MAbort- >SERR- <PERR- INTx-
	IOMMU group: 45
	Capabilities: <access denied>

60:00.0 Host bridge: Advanced Micro Devices, Inc. [AMD] Starship/Matisse Root Complex
	Subsystem: ASRock Incorporation ROME2D32LM3
	Control: I/O- Mem- BusMaster- SpecCycle- MemWINV- VGASnoop- ParErr- Stepping- SERR- FastB2B- DisINTx-
	Status: Cap- 66MHz- UDF- FastB2B- ParErr- DEVSEL=fast >TAbort- <TAbort- <MAbort- >SERR- <PERR- INTx-

60:00.2 IOMMU: Advanced Micro Devices, Inc. [AMD] Starship/Matisse IOMMU
	Subsystem: Advanced Micro Devices, Inc. [AMD] Starship/Matisse IOMMU
	Control: I/O- Mem- BusMaster- SpecCycle- MemWINV- VGASnoop- ParErr+ Stepping- SERR- FastB2B- DisINTx+
	Status: Cap+ 66MHz- UDF- FastB2B- ParErr- DEVSEL=fast >TAbort- <TAbort- <MAbort- >SERR- <PERR- INTx-
	Interrupt: pin ? routed to IRQ 27
	Capabilities: <access denied>

60:01.0 Host bridge: Advanced Micro Devices, Inc. [AMD] Starship/Matisse PCIe Dummy Host Bridge
	Control: I/O- Mem- BusMaster- SpecCycle- MemWINV- VGASnoop- ParErr- Stepping- SERR- FastB2B- DisINTx-
	Status: Cap- 66MHz- UDF- FastB2B- ParErr- DEVSEL=fast >TAbort- <TAbort- <MAbort- >SERR- <PERR- INTx-
	IOMMU group: 0

60:02.0 Host bridge: Advanced Micro Devices, Inc. [AMD] Starship/Matisse PCIe Dummy Host Bridge
	Control: I/O- Mem- BusMaster- SpecCycle- MemWINV- VGASnoop- ParErr- Stepping- SERR- FastB2B- DisINTx-
	Status: Cap- 66MHz- UDF- FastB2B- ParErr- DEVSEL=fast >TAbort- <TAbort- <MAbort- >SERR- <PERR- INTx-
	IOMMU group: 1

60:03.0 Host bridge: Advanced Micro Devices, Inc. [AMD] Starship/Matisse PCIe Dummy Host Bridge
	Control: I/O- Mem- BusMaster- SpecCycle- MemWINV- VGASnoop- ParErr- Stepping- SERR- FastB2B- DisINTx-
	Status: Cap- 66MHz- UDF- FastB2B- ParErr- DEVSEL=fast >TAbort- <TAbort- <MAbort- >SERR- <PERR- INTx-
	IOMMU group: 2

60:03.1 PCI bridge: Advanced Micro Devices, Inc. [AMD] Starship/Matisse GPP Bridge (prog-if 00 [Normal decode])
	Subsystem: Advanced Micro Devices, Inc. [AMD] Device 1453
	Control: I/O+ Mem+ BusMaster+ SpecCycle- MemWINV- VGASnoop- ParErr- Stepping- SERR- FastB2B- DisINTx+
	Status: Cap+ 66MHz- UDF- FastB2B- ParErr- DEVSEL=fast >TAbort- <TAbort- <MAbort- >SERR- <PERR- INTx-
	Latency: 0, Cache Line Size: 64 bytes
	Interrupt: pin ? routed to IRQ 31
	IOMMU group: 3
	Bus: primary=60, secondary=61, subordinate=66, sec-latency=0
	I/O behind bridge: 0000f000-00000fff [disabled] [32-bit]
	Memory behind bridge: cd200000-cd6fffff [size=5M] [32-bit]
	Prefetchable memory behind bridge: 00000000fff00000-00000000000fffff [disabled] [64-bit]
	Secondary status: 66MHz- FastB2B- ParErr- DEVSEL=fast >TAbort- <TAbort- <MAbort- <SERR- <PERR-
	BridgeCtl: Parity- SERR+ NoISA- VGA- VGA16+ MAbort- >Reset- FastB2B-
		PriDiscTmr- SecDiscTmr- DiscTmrStat- DiscTmrSERREn-
	Capabilities: <access denied>
	Kernel driver in use: pcieport
	Kernel modules: shpchp

60:03.2 PCI bridge: Advanced Micro Devices, Inc. [AMD] Starship/Matisse GPP Bridge (prog-if 00 [Normal decode])
	Subsystem: Advanced Micro Devices, Inc. [AMD] Device 1453
	Control: I/O+ Mem+ BusMaster+ SpecCycle- MemWINV- VGASnoop- ParErr- Stepping- SERR- FastB2B- DisINTx+
	Status: Cap+ 66MHz- UDF- FastB2B- ParErr- DEVSEL=fast >TAbort- <TAbort- <MAbort- >SERR- <PERR- INTx-
	Latency: 0, Cache Line Size: 64 bytes
	Interrupt: pin ? routed to IRQ 32
	IOMMU group: 4
	Bus: primary=60, secondary=67, subordinate=68, sec-latency=0
	I/O behind bridge: f000-ffff [size=4K] [16-bit]
	Memory behind bridge: cc000000-cd0fffff [size=17M] [32-bit]
	Prefetchable memory behind bridge: 00000000fff00000-00000000000fffff [disabled] [64-bit]
	Secondary status: 66MHz- FastB2B- ParErr- DEVSEL=fast >TAbort- <TAbort- <MAbort- <SERR- <PERR-
	BridgeCtl: Parity- SERR+ NoISA- VGA- VGA16+ MAbort- >Reset- FastB2B-
		PriDiscTmr- SecDiscTmr- DiscTmrStat- DiscTmrSERREn-
	Capabilities: <access denied>
	Kernel driver in use: pcieport
	Kernel modules: shpchp

60:03.3 PCI bridge: Advanced Micro Devices, Inc. [AMD] Starship/Matisse GPP Bridge (prog-if 00 [Normal decode])
	Subsystem: Advanced Micro Devices, Inc. [AMD] Device 1453
	Control: I/O+ Mem+ BusMaster+ SpecCycle- MemWINV- VGASnoop- ParErr- Stepping- SERR- FastB2B- DisINTx+
	Status: Cap+ 66MHz- UDF- FastB2B- ParErr- DEVSEL=fast >TAbort- <TAbort- <MAbort- >SERR- <PERR- INTx-
	Latency: 0, Cache Line Size: 64 bytes
	Interrupt: pin ? routed to IRQ 33
	IOMMU group: 5
	Bus: primary=60, secondary=69, subordinate=6a, sec-latency=0
	I/O behind bridge: 0000f000-00000fff [disabled] [32-bit]
	Memory behind bridge: cd700000-cd7fffff [size=1M] [32-bit]
	Prefetchable memory behind bridge: 1401e000000-14020afffff [size=43M] [32-bit]
	Secondary status: 66MHz- FastB2B- ParErr- DEVSEL=fast >TAbort- <TAbort- <MAbort+ <SERR- <PERR-
	BridgeCtl: Parity- SERR+ NoISA- VGA- VGA16+ MAbort- >Reset- FastB2B-
		PriDiscTmr- SecDiscTmr- DiscTmrStat- DiscTmrSERREn-
	Capabilities: <access denied>
	Kernel driver in use: pcieport
	Kernel modules: shpchp

60:04.0 Host bridge: Advanced Micro Devices, Inc. [AMD] Starship/Matisse PCIe Dummy Host Bridge
	Control: I/O- Mem- BusMaster- SpecCycle- MemWINV- VGASnoop- ParErr- Stepping- SERR- FastB2B- DisINTx-
	Status: Cap- 66MHz- UDF- FastB2B- ParErr- DEVSEL=fast >TAbort- <TAbort- <MAbort- >SERR- <PERR- INTx-
	IOMMU group: 6

60:05.0 Host bridge: Advanced Micro Devices, Inc. [AMD] Starship/Matisse PCIe Dummy Host Bridge
	Control: I/O- Mem- BusMaster- SpecCycle- MemWINV- VGASnoop- ParErr- Stepping- SERR- FastB2B- DisINTx-
	Status: Cap- 66MHz- UDF- FastB2B- ParErr- DEVSEL=fast >TAbort- <TAbort- <MAbort- >SERR- <PERR- INTx-
	IOMMU group: 7

60:07.0 Host bridge: Advanced Micro Devices, Inc. [AMD] Starship/Matisse PCIe Dummy Host Bridge
	Control: I/O- Mem- BusMaster- SpecCycle- MemWINV- VGASnoop- ParErr- Stepping- SERR- FastB2B- DisINTx-
	Status: Cap- 66MHz- UDF- FastB2B- ParErr- DEVSEL=fast >TAbort- <TAbort- <MAbort- >SERR- <PERR- INTx-
	IOMMU group: 8

60:07.1 PCI bridge: Advanced Micro Devices, Inc. [AMD] Starship/Matisse Internal PCIe GPP Bridge 0 to bus[E:B] (prog-if 00 [Normal decode])
	Subsystem: Advanced Micro Devices, Inc. [AMD] Starship/Matisse Internal PCIe GPP Bridge 0 to bus[E:B]
	Control: I/O+ Mem+ BusMaster+ SpecCycle- MemWINV- VGASnoop- ParErr- Stepping- SERR- FastB2B- DisINTx+
	Status: Cap+ 66MHz- UDF- FastB2B- ParErr- DEVSEL=fast >TAbort- <TAbort- <MAbort- >SERR- <PERR- INTx-
	Latency: 0, Cache Line Size: 64 bytes
	Interrupt: pin A routed to IRQ 35
	IOMMU group: 9
	Bus: primary=60, secondary=6b, subordinate=6b, sec-latency=0
	I/O behind bridge: 0000f000-00000fff [disabled] [32-bit]
	Memory behind bridge: fff00000-000fffff [disabled] [32-bit]
	Prefetchable memory behind bridge: 00000000fff00000-00000000000fffff [disabled] [64-bit]
	Secondary status: 66MHz- FastB2B- ParErr- DEVSEL=fast >TAbort- <TAbort- <MAbort- <SERR- <PERR-
	BridgeCtl: Parity- SERR+ NoISA- VGA- VGA16+ MAbort- >Reset- FastB2B-
		PriDiscTmr- SecDiscTmr- DiscTmrStat- DiscTmrSERREn-
	Capabilities: <access denied>
	Kernel driver in use: pcieport
	Kernel modules: shpchp

60:08.0 Host bridge: Advanced Micro Devices, Inc. [AMD] Starship/Matisse PCIe Dummy Host Bridge
	Control: I/O- Mem- BusMaster- SpecCycle- MemWINV- VGASnoop- ParErr- Stepping- SERR- FastB2B- DisINTx-
	Status: Cap- 66MHz- UDF- FastB2B- ParErr- DEVSEL=fast >TAbort- <TAbort- <MAbort- >SERR- <PERR- INTx-
	IOMMU group: 10

60:08.1 PCI bridge: Advanced Micro Devices, Inc. [AMD] Starship/Matisse Internal PCIe GPP Bridge 0 to bus[E:B] (prog-if 00 [Normal decode])
	Subsystem: Advanced Micro Devices, Inc. [AMD] Starship/Matisse Internal PCIe GPP Bridge 0 to bus[E:B]
	Control: I/O+ Mem+ BusMaster+ SpecCycle- MemWINV- VGASnoop- ParErr- Stepping- SERR- FastB2B- DisINTx+
	Status: Cap+ 66MHz- UDF- FastB2B- ParErr- DEVSEL=fast >TAbort- <TAbort- <MAbort- >SERR- <PERR- INTx-
	Latency: 0, Cache Line Size: 64 bytes
	Interrupt: pin A routed to IRQ 37
	IOMMU group: 11
	Bus: primary=60, secondary=6c, subordinate=6c, sec-latency=0
	I/O behind bridge: 0000f000-00000fff [disabled] [32-bit]
	Memory behind bridge: fff00000-000fffff [disabled] [32-bit]
	Prefetchable memory behind bridge: 00000000fff00000-00000000000fffff [disabled] [64-bit]
	Secondary status: 66MHz- FastB2B- ParErr- DEVSEL=fast >TAbort- <TAbort- <MAbort- <SERR- <PERR-
	BridgeCtl: Parity- SERR+ NoISA- VGA- VGA16+ MAbort- >Reset- FastB2B-
		PriDiscTmr- SecDiscTmr- DiscTmrStat- DiscTmrSERREn-
	Capabilities: <access denied>
	Kernel driver in use: pcieport
	Kernel modules: shpchp

61:00.0 PCI bridge: Advanced Micro Devices, Inc. [AMD] Matisse Switch Upstream (prog-if 00 [Normal decode])
	Control: I/O+ Mem+ BusMaster+ SpecCycle- MemWINV- VGASnoop- ParErr- Stepping- SERR- FastB2B- DisINTx-
	Status: Cap+ 66MHz- UDF- FastB2B- ParErr- DEVSEL=fast >TAbort- <TAbort- <MAbort- >SERR- <PERR- INTx-
	Latency: 0, Cache Line Size: 64 bytes
	Interrupt: pin A routed to IRQ 24
	IOMMU group: 12
	Bus: primary=61, secondary=62, subordinate=66, sec-latency=0
	I/O behind bridge: 0000f000-00000fff [disabled] [32-bit]
	Memory behind bridge: cd200000-cd6fffff [size=5M] [32-bit]
	Prefetchable memory behind bridge: 00000000fff00000-00000000000fffff [disabled] [64-bit]
	Secondary status: 66MHz- FastB2B- ParErr- DEVSEL=fast >TAbort- <TAbort- <MAbort- <SERR- <PERR-
	BridgeCtl: Parity- SERR+ NoISA- VGA- VGA16+ MAbort- >Reset- FastB2B-
		PriDiscTmr- SecDiscTmr- DiscTmrStat- DiscTmrSERREn-
	Capabilities: <access denied>
	Kernel driver in use: pcieport
	Kernel modules: shpchp

62:03.0 PCI bridge: Advanced Micro Devices, Inc. [AMD] Matisse PCIe GPP Bridge (prog-if 00 [Normal decode])
	Subsystem: Advanced Micro Devices, Inc. [AMD] Device 1453
	Control: I/O+ Mem+ BusMaster+ SpecCycle- MemWINV- VGASnoop- ParErr- Stepping- SERR- FastB2B- DisINTx+
	Status: Cap+ 66MHz- UDF- FastB2B- ParErr- DEVSEL=fast >TAbort- <TAbort- <MAbort- >SERR- <PERR- INTx-
	Latency: 0, Cache Line Size: 64 bytes
	Interrupt: pin ? routed to IRQ 38
	IOMMU group: 13
	Bus: primary=62, secondary=63, subordinate=63, sec-latency=0
	I/O behind bridge: 0000f000-00000fff [disabled] [32-bit]
	Memory behind bridge: cd600000-cd6fffff [size=1M] [32-bit]
	Prefetchable memory behind bridge: 00000000fff00000-00000000000fffff [disabled] [64-bit]
	Secondary status: 66MHz- FastB2B- ParErr- DEVSEL=fast >TAbort- <TAbort- <MAbort- <SERR- <PERR-
	BridgeCtl: Parity- SERR+ NoISA- VGA- VGA16+ MAbort- >Reset- FastB2B-
		PriDiscTmr- SecDiscTmr- DiscTmrStat- DiscTmrSERREn-
	Capabilities: <access denied>
	Kernel driver in use: pcieport
	Kernel modules: shpchp

62:08.0 PCI bridge: Advanced Micro Devices, Inc. [AMD] Matisse PCIe GPP Bridge (prog-if 00 [Normal decode])
	Subsystem: Advanced Micro Devices, Inc. [AMD] Device 1484
	Control: I/O+ Mem+ BusMaster+ SpecCycle- MemWINV- VGASnoop- ParErr- Stepping- SERR- FastB2B- DisINTx+
	Status: Cap+ 66MHz- UDF- FastB2B- ParErr- DEVSEL=fast >TAbort- <TAbort- <MAbort- >SERR- <PERR- INTx-
	Latency: 0, Cache Line Size: 64 bytes
	Interrupt: pin A routed to IRQ 39
	IOMMU group: 14
	Bus: primary=62, secondary=64, subordinate=64, sec-latency=0
	I/O behind bridge: 0000f000-00000fff [disabled] [32-bit]
	Memory behind bridge: cd200000-cd3fffff [size=2M] [32-bit]
	Prefetchable memory behind bridge: 00000000fff00000-00000000000fffff [disabled] [64-bit]
	Secondary status: 66MHz- FastB2B- ParErr- DEVSEL=fast >TAbort- <TAbort- <MAbort- <SERR- <PERR-
	BridgeCtl: Parity- SERR+ NoISA- VGA- VGA16+ MAbort- >Reset- FastB2B-
		PriDiscTmr- SecDiscTmr- DiscTmrStat- DiscTmrSERREn-
	Capabilities: <access denied>
	Kernel driver in use: pcieport
	Kernel modules: shpchp

62:09.0 PCI bridge: Advanced Micro Devices, Inc. [AMD] Matisse PCIe GPP Bridge (prog-if 00 [Normal decode])
	Subsystem: Advanced Micro Devices, Inc. [AMD] Device 1484
	Control: I/O+ Mem+ BusMaster+ SpecCycle- MemWINV- VGASnoop- ParErr- Stepping- SERR- FastB2B- DisINTx+
	Status: Cap+ 66MHz- UDF- FastB2B- ParErr- DEVSEL=fast >TAbort- <TAbort- <MAbort- >SERR- <PERR- INTx-
	Latency: 0, Cache Line Size: 64 bytes
	Interrupt: pin A routed to IRQ 41
	IOMMU group: 15
	Bus: primary=62, secondary=65, subordinate=65, sec-latency=0
	I/O behind bridge: 0000f000-00000fff [disabled] [32-bit]
	Memory behind bridge: cd500000-cd5fffff [size=1M] [32-bit]
	Prefetchable memory behind bridge: 00000000fff00000-00000000000fffff [disabled] [64-bit]
	Secondary status: 66MHz- FastB2B- ParErr- DEVSEL=fast >TAbort- <TAbort- <MAbort- <SERR- <PERR-
	BridgeCtl: Parity- SERR+ NoISA- VGA- VGA16+ MAbort- >Reset- FastB2B-
		PriDiscTmr- SecDiscTmr- DiscTmrStat- DiscTmrSERREn-
	Capabilities: <access denied>
	Kernel driver in use: pcieport
	Kernel modules: shpchp

62:0a.0 PCI bridge: Advanced Micro Devices, Inc. [AMD] Matisse PCIe GPP Bridge (prog-if 00 [Normal decode])
	Subsystem: Advanced Micro Devices, Inc. [AMD] Device 1484
	Control: I/O+ Mem+ BusMaster+ SpecCycle- MemWINV- VGASnoop- ParErr- Stepping- SERR- FastB2B- DisINTx+
	Status: Cap+ 66MHz- UDF- FastB2B- ParErr- DEVSEL=fast >TAbort- <TAbort- <MAbort- >SERR- <PERR- INTx-
	Latency: 0, Cache Line Size: 64 bytes
	Interrupt: pin A routed to IRQ 43
	IOMMU group: 16
	Bus: primary=62, secondary=66, subordinate=66, sec-latency=0
	I/O behind bridge: 0000f000-00000fff [disabled] [32-bit]
	Memory behind bridge: cd400000-cd4fffff [size=1M] [32-bit]
	Prefetchable memory behind bridge: 00000000fff00000-00000000000fffff [disabled] [64-bit]
	Secondary status: 66MHz- FastB2B- ParErr- DEVSEL=fast >TAbort- <TAbort- <MAbort- <SERR- <PERR-
	BridgeCtl: Parity- SERR+ NoISA- VGA- VGA16+ MAbort- >Reset- FastB2B-
		PriDiscTmr- SecDiscTmr- DiscTmrStat- DiscTmrSERREn-
	Capabilities: <access denied>
	Kernel driver in use: pcieport
	Kernel modules: shpchp

63:00.0 Non-Volatile memory controller: MAXIO Technology (Hangzhou) Ltd. NVMe SSD Controller MAP1202 (DRAM-less) (rev 01) (prog-if 02 [NVM Express])
	Subsystem: MAXIO Technology (Hangzhou) Ltd. NVMe SSD Controller MAP1202 (DRAM-less)
	Control: I/O- Mem+ BusMaster+ SpecCycle- MemWINV- VGASnoop- ParErr- Stepping- SERR- FastB2B- DisINTx+
	Status: Cap+ 66MHz- UDF- FastB2B- ParErr- DEVSEL=fast >TAbort- <TAbort- <MAbort- >SERR- <PERR- INTx-
	Latency: 0, Cache Line Size: 64 bytes
	Interrupt: pin A routed to IRQ 194
	IOMMU group: 17
	Region 0: Memory at cd600000 (64-bit, non-prefetchable) [size=16K]
	Capabilities: <access denied>
	Kernel driver in use: nvme
	Kernel modules: nvme

64:00.0 Non-Essential Instrumentation [1300]: Advanced Micro Devices, Inc. [AMD] Starship/Matisse Reserved SPP
	Subsystem: Advanced Micro Devices, Inc. [AMD] Starship/Matisse Reserved SPP
	Control: I/O- Mem- BusMaster- SpecCycle- MemWINV- VGASnoop- ParErr- Stepping- SERR- FastB2B- DisINTx-
	Status: Cap+ 66MHz- UDF- FastB2B- ParErr- DEVSEL=fast >TAbort- <TAbort- <MAbort- >SERR- <PERR- INTx-
	IOMMU group: 14
	Capabilities: <access denied>

64:00.1 USB controller: Advanced Micro Devices, Inc. [AMD] Matisse USB 3.0 Host Controller (prog-if 30 [XHCI])
	Subsystem: Advanced Micro Devices, Inc. [AMD] Device 1486
	Control: I/O+ Mem+ BusMaster+ SpecCycle- MemWINV- VGASnoop- ParErr- Stepping- SERR- FastB2B- DisINTx+
	Status: Cap+ 66MHz- UDF- FastB2B- ParErr- DEVSEL=fast >TAbort- <TAbort- <MAbort- >SERR- <PERR- INTx-
	Latency: 0, Cache Line Size: 64 bytes
	Interrupt: pin A routed to IRQ 62
	IOMMU group: 14
	Region 0: Memory at cd300000 (64-bit, non-prefetchable) [size=1M]
	Capabilities: <access denied>
	Kernel driver in use: xhci_hcd
	Kernel modules: xhci_pci

64:00.3 USB controller: Advanced Micro Devices, Inc. [AMD] Matisse USB 3.0 Host Controller (prog-if 30 [XHCI])
	Subsystem: Advanced Micro Devices, Inc. [AMD] Device 148c
	Control: I/O+ Mem+ BusMaster+ SpecCycle- MemWINV- VGASnoop- ParErr- Stepping- SERR- FastB2B- DisINTx+
	Status: Cap+ 66MHz- UDF- FastB2B- ParErr- DEVSEL=fast >TAbort- <TAbort- <MAbort- >SERR- <PERR- INTx-
	Latency: 0, Cache Line Size: 64 bytes
	Interrupt: pin C routed to IRQ 42
	IOMMU group: 14
	Region 0: Memory at cd200000 (64-bit, non-prefetchable) [size=1M]
	Capabilities: <access denied>
	Kernel driver in use: xhci_hcd
	Kernel modules: xhci_pci

65:00.0 SATA controller: Advanced Micro Devices, Inc. [AMD] FCH SATA Controller [AHCI mode] (rev 51) (prog-if 01 [AHCI 1.0])
	DeviceName: X570/590 SATA0
	Subsystem: Advanced Micro Devices, Inc. [AMD] FCH SATA Controller [AHCI mode]
	Control: I/O+ Mem+ BusMaster+ SpecCycle- MemWINV- VGASnoop- ParErr- Stepping- SERR- FastB2B- DisINTx+
	Status: Cap+ 66MHz- UDF- FastB2B- ParErr- DEVSEL=fast >TAbort- <TAbort- <MAbort- >SERR- <PERR- INTx-
	Latency: 0, Cache Line Size: 64 bytes
	Interrupt: pin A routed to IRQ 93
	IOMMU group: 15
	Region 5: Memory at cd500000 (32-bit, non-prefetchable) [size=2K]
	Capabilities: <access denied>
	Kernel driver in use: ahci
	Kernel modules: ahci

66:00.0 SATA controller: Advanced Micro Devices, Inc. [AMD] FCH SATA Controller [AHCI mode] (rev 51) (prog-if 01 [AHCI 1.0])
	DeviceName: X570/590 SATA1
	Subsystem: Advanced Micro Devices, Inc. [AMD] FCH SATA Controller [AHCI mode]
	Control: I/O+ Mem+ BusMaster+ SpecCycle- MemWINV- VGASnoop- ParErr- Stepping- SERR- FastB2B- DisINTx+
	Status: Cap+ 66MHz- UDF- FastB2B- ParErr- DEVSEL=fast >TAbort- <TAbort- <MAbort- >SERR- <PERR- INTx-
	Latency: 0, Cache Line Size: 64 bytes
	Interrupt: pin A routed to IRQ 94
	IOMMU group: 16
	Region 5: Memory at cd400000 (32-bit, non-prefetchable) [size=2K]
	Capabilities: <access denied>
	Kernel driver in use: ahci
	Kernel modules: ahci

67:00.0 PCI bridge: ASPEED Technology, Inc. AST1150 PCI-to-PCI Bridge (rev 04) (prog-if 00 [Normal decode])
	Subsystem: ASRock Incorporation Device 1150
	Control: I/O+ Mem+ BusMaster+ SpecCycle- MemWINV- VGASnoop- ParErr- Stepping- SERR- FastB2B- DisINTx-
	Status: Cap+ 66MHz- UDF- FastB2B- ParErr- DEVSEL=fast >TAbort- <TAbort- <MAbort- >SERR- <PERR- INTx-
	Latency: 0, Cache Line Size: 64 bytes
	Interrupt: pin A routed to IRQ 206
	IOMMU group: 18
	Bus: primary=67, secondary=68, subordinate=68, sec-latency=32
	I/O behind bridge: f000-ffff [size=4K] [16-bit]
	Memory behind bridge: cc000000-cd0fffff [size=17M] [32-bit]
	Prefetchable memory behind bridge: 00000000fff00000-00000000000fffff [disabled] [64-bit]
	Secondary status: 66MHz+ FastB2B- ParErr- DEVSEL=medium >TAbort- <TAbort- <MAbort- <SERR- <PERR-
	BridgeCtl: Parity- SERR+ NoISA- VGA- VGA16+ MAbort- >Reset- FastB2B-
		PriDiscTmr- SecDiscTmr- DiscTmrStat- DiscTmrSERREn-
	Capabilities: <access denied>
	Kernel modules: shpchp

68:00.0 VGA compatible controller: ASPEED Technology, Inc. ASPEED Graphics Family (rev 41) (prog-if 00 [VGA controller])
	Subsystem: ASRock Incorporation Onboard Graphics
	Control: I/O+ Mem+ BusMaster- SpecCycle- MemWINV- VGASnoop- ParErr- Stepping- SERR- FastB2B- DisINTx-
	Status: Cap+ 66MHz- UDF- FastB2B- ParErr- DEVSEL=medium >TAbort- <TAbort- <MAbort- >SERR- <PERR- INTx-
	Interrupt: pin A routed to IRQ 206
	IOMMU group: 18
	Region 0: Memory at cc000000 (32-bit, non-prefetchable) [size=16M]
	Region 1: Memory at cd000000 (32-bit, non-prefetchable) [size=128K]
	Region 2: I/O ports at f000 [size=128]
	Expansion ROM at 000c0000 [virtual] [disabled] [size=128K]
	Capabilities: <access denied>
	Kernel driver in use: ast
	Kernel modules: ast

69:00.0 Ethernet controller: Intel Corporation Ethernet Controller X710 for 10GBASE-T (rev 02)
	Subsystem: ASRock Incorporation Device 0000
	Control: I/O- Mem+ BusMaster+ SpecCycle- MemWINV- VGASnoop- ParErr- Stepping- SERR- FastB2B- DisINTx+
	Status: Cap+ 66MHz- UDF- FastB2B- ParErr- DEVSEL=fast >TAbort- <TAbort- <MAbort- >SERR- <PERR- INTx-
	Latency: 0, Cache Line Size: 64 bytes
	Interrupt: pin A routed to IRQ 92
	IOMMU group: 19
	Region 0: Memory at 1401f000000 (64-bit, prefetchable) [size=16M]
	Region 3: Memory at 14020808000 (64-bit, prefetchable) [size=32K]
	Expansion ROM at cd780000 [disabled] [size=512K]
	Capabilities: <access denied>
	Kernel driver in use: i40e
	Kernel modules: i40e

69:00.1 Ethernet controller: Intel Corporation Ethernet Controller X710 for 10GBASE-T (rev 02)
	Subsystem: ASRock Incorporation Device 0000
	Control: I/O- Mem+ BusMaster+ SpecCycle- MemWINV- VGASnoop- ParErr- Stepping- SERR- FastB2B- DisINTx+
	Status: Cap+ 66MHz- UDF- FastB2B- ParErr- DEVSEL=fast >TAbort- <TAbort- <MAbort- >SERR- <PERR- INTx-
	Latency: 0, Cache Line Size: 64 bytes
	Interrupt: pin A routed to IRQ 92
	IOMMU group: 20
	Region 0: Memory at 1401e000000 (64-bit, prefetchable) [size=16M]
	Region 3: Memory at 14020800000 (64-bit, prefetchable) [size=32K]
	Expansion ROM at cd700000 [disabled] [size=512K]
	Capabilities: <access denied>
	Kernel driver in use: i40e
	Kernel modules: i40e

6b:00.0 Non-Essential Instrumentation [1300]: Advanced Micro Devices, Inc. [AMD] Starship/Matisse PCIe Dummy Function
	Subsystem: Advanced Micro Devices, Inc. [AMD] Starship/Matisse PCIe Dummy Function
	Control: I/O- Mem- BusMaster- SpecCycle- MemWINV- VGASnoop- ParErr- Stepping- SERR- FastB2B- DisINTx-
	Status: Cap+ 66MHz- UDF- FastB2B- ParErr- DEVSEL=fast >TAbort- <TAbort- <MAbort- >SERR- <PERR- INTx-
	IOMMU group: 21
	Capabilities: <access denied>

6c:00.0 Non-Essential Instrumentation [1300]: Advanced Micro Devices, Inc. [AMD] Starship/Matisse Reserved SPP
	Subsystem: Advanced Micro Devices, Inc. [AMD] Starship/Matisse Reserved SPP
	Control: I/O- Mem- BusMaster- SpecCycle- MemWINV- VGASnoop- ParErr- Stepping- SERR- FastB2B- DisINTx-
	Status: Cap+ 66MHz- UDF- FastB2B- ParErr- DEVSEL=fast >TAbort- <TAbort- <MAbort- >SERR- <PERR- INTx-
	IOMMU group: 22
	Capabilities: <access denied>

--- sudo lsmod
Module                  Size  Used by
xt_nat                 12288  1
nf_conntrack_netlink    61440  0
veth                   45056  0
bridge                425984  0
stp                    12288  1 bridge
llc                    16384  2 bridge,stp
xfrm_user              69632  1
xfrm_algo              16384  1 xfrm_user
xt_set                 20480  0
ip_set                 61440  1 xt_set
xt_addrtype            12288  4
vxlan                 151552  0
ip6_udp_tunnel         16384  1 vxlan
udp_tunnel             36864  1 vxlan
mei_lb                 16384  0
mei_gsc_proxy          16384  0
mei_gsc                12288  8
cmdlinepart            16384  0
mei_me                 61440  1 mei_gsc
mtd_intel_dg           28672  0
mei                   184320  12 mei_gsc_proxy,mei_gsc,mei_lb,mei_me
mtd                   106496  18 cmdlinepart,mtd_intel_dg
xt_connmark            12288  6
xt_conntrack           12288  5
xt_MASQUERADE          16384  3
xt_tcpudp              16384  0
xt_mark                12288  2
nft_compat             20480  21
x_tables               65536  9 xt_conntrack,nft_compat,xt_tcpudp,xt_addrtype,xt_nat,xt_set,xt_connmark,xt_MASQUERADE,xt_mark
nft_chain_nat          12288  6
nf_nat                 65536  3 xt_nat,nft_chain_nat,xt_MASQUERADE
nf_conntrack          196608  6 xt_conntrack,nf_nat,xt_nat,nf_conntrack_netlink,xt_connmark,xt_MASQUERADE
nf_defrag_ipv6         24576  1 nf_conntrack
nf_defrag_ipv4         12288  1 nf_conntrack
nf_tables             409600  189 nft_compat,nft_chain_nat
qrtr                   53248  2
snd_hda_codec_intelhdmi    24576  4
snd_hda_codec_hdmi     65536  1 snd_hda_codec_intelhdmi
overlay               233472  1
nfnetlink              20480  6 nft_compat,nf_conntrack_netlink,nf_tables,ip_set
cfg80211             1548288  0
intel_rapl_msr         20480  0
amd_atl                77824  1
binfmt_misc            24576  1
intel_rapl_common      57344  1 intel_rapl_msr
edac_mce_amd           28672  0
ipmi_ssif              45056  0
nls_iso8859_1          12288  1
kvm_amd               262144  0
jc42                   12288  0
kvm                  1527808  1 kvm_amd
xe                   4415488  5882
ee1004                 16384  0
irqbypass              16384  1 kvm
rapl                   20480  0
drm_gpusvm_helper      57344  1 xe
intel_vsec             24576  1 xe
wmi_bmof               12288  0
gpu_sched              69632  1 xe
ast                   106496  0
snd_hda_intel          65536  0
drm_gpuvm              57344  1 xe
snd_hda_codec         212992  3 snd_hda_codec_hdmi,snd_hda_intel,snd_hda_codec_intelhdmi
cdc_ether              28672  0
drm_buddy              28672  1 xe
drm_ttm_helper         20480  1 xe
input_leds             12288  0
usbnet                 65536  1 cdc_ether
joydev                 32768  0
snd_hda_core          151552  4 snd_hda_codec_hdmi,snd_hda_intel,snd_hda_codec,snd_hda_codec_intelhdmi
ttm                   135168  2 drm_ttm_helper,xe
mii                    20480  1 usbnet
snd_intel_dspcfg       45056  1 snd_hda_intel
drm_exec               12288  2 drm_gpuvm,xe
drm_suballoc_helper    24576  1 xe
drm_display_helper    303104  1 xe
snd_intel_sdw_acpi     16384  1 snd_intel_dspcfg
snd_hwdep              24576  1 snd_hda_codec
cec                   106496  2 drm_display_helper,xe
snd_pcm               208896  4 snd_hda_codec_hdmi,snd_hda_intel,snd_hda_codec,snd_hda_core
rc_core                81920  1 cec
acpi_ipmi              24576  0
i2c_algo_bit           16384  2 ast,xe
snd_timer              53248  1 snd_pcm
video                  77824  1 xe
ipmi_si                94208  1
snd                   147456  6 snd_hda_codec_hdmi,snd_hwdep,snd_hda_intel,snd_hda_codec,snd_timer,snd_pcm
ipmi_devintf           20480  0
soundcore              16384  1 snd
i2c_piix4              36864  0
ipmi_msghandler        98304  4 ipmi_devintf,ipmi_si,acpi_ipmi,ipmi_ssif
i2c_smbus              20480  1 i2c_piix4
k10temp                16384  0
mac_hid                12288  0
sch_fq_codel           28672  3
efi_pstore             12288  0
dm_multipath           45056  0
nvme                   69632  1
nvme_core             241664  2 nvme
nvme_keyring           20480  1 nvme_core
ahci                   53248  3
nvme_auth              28672  1 nvme_core
i40e                  663552  0
hkdf                   12288  1 nvme_auth
libahci                57344  1 ahci
ghash_clmulni_intel    12288  0
libie                   8192  1 i40e
libie_adminq           12288  1 i40e
ccp                   192512  1 kvm_amd
wmi                    36864  2 video,wmi_bmof
hid_generic            12288  0
usbhid                 86016  0
hid                   282624  2 usbhid,hid_generic
dm_mirror              28672  0
dm_region_hash         24576  1 dm_mirror
dm_log                 20480  2 dm_region_hash,dm_mirror
msr                    12288  0
dmi_sysfs              28672  0
autofs4                61440  2
aesni_intel            98304  0
--- lsmod
Module                  Size  Used by
xt_nat                 12288  1
nf_conntrack_netlink    61440  0
veth                   45056  0
bridge                425984  0
stp                    12288  1 bridge
llc                    16384  2 bridge,stp
xfrm_user              69632  1
xfrm_algo              16384  1 xfrm_user
xt_set                 20480  0
ip_set                 61440  1 xt_set
xt_addrtype            12288  4
vxlan                 151552  0
ip6_udp_tunnel         16384  1 vxlan
udp_tunnel             36864  1 vxlan
mei_lb                 16384  0
mei_gsc_proxy          16384  0
mei_gsc                12288  8
cmdlinepart            16384  0
mei_me                 61440  1 mei_gsc
mtd_intel_dg           28672  0
mei                   184320  12 mei_gsc_proxy,mei_gsc,mei_lb,mei_me
mtd                   106496  18 cmdlinepart,mtd_intel_dg
xt_connmark            12288  6
xt_conntrack           12288  5
xt_MASQUERADE          16384  3
xt_tcpudp              16384  0
xt_mark                12288  2
nft_compat             20480  21
x_tables               65536  9 xt_conntrack,nft_compat,xt_tcpudp,xt_addrtype,xt_nat,xt_set,xt_connmark,xt_MASQUERADE,xt_mark
nft_chain_nat          12288  6
nf_nat                 65536  3 xt_nat,nft_chain_nat,xt_MASQUERADE
nf_conntrack          196608  6 xt_conntrack,nf_nat,xt_nat,nf_conntrack_netlink,xt_connmark,xt_MASQUERADE
nf_defrag_ipv6         24576  1 nf_conntrack
nf_defrag_ipv4         12288  1 nf_conntrack
nf_tables             409600  189 nft_compat,nft_chain_nat
qrtr                   53248  2
snd_hda_codec_intelhdmi    24576  4
snd_hda_codec_hdmi     65536  1 snd_hda_codec_intelhdmi
overlay               233472  1
nfnetlink              20480  6 nft_compat,nf_conntrack_netlink,nf_tables,ip_set
cfg80211             1548288  0
intel_rapl_msr         20480  0
amd_atl                77824  1
binfmt_misc            24576  1
intel_rapl_common      57344  1 intel_rapl_msr
edac_mce_amd           28672  0
ipmi_ssif              45056  0
nls_iso8859_1          12288  1
kvm_amd               262144  0
jc42                   12288  0
kvm                  1527808  1 kvm_amd
xe                   4415488  5882
ee1004                 16384  0
irqbypass              16384  1 kvm
rapl                   20480  0
drm_gpusvm_helper      57344  1 xe
intel_vsec             24576  1 xe
wmi_bmof               12288  0
gpu_sched              69632  1 xe
ast                   106496  0
snd_hda_intel          65536  0
drm_gpuvm              57344  1 xe
snd_hda_codec         212992  3 snd_hda_codec_hdmi,snd_hda_intel,snd_hda_codec_intelhdmi
cdc_ether              28672  0
drm_buddy              28672  1 xe
drm_ttm_helper         20480  1 xe
input_leds             12288  0
usbnet                 65536  1 cdc_ether
joydev                 32768  0
snd_hda_core          151552  4 snd_hda_codec_hdmi,snd_hda_intel,snd_hda_codec,snd_hda_codec_intelhdmi
ttm                   135168  2 drm_ttm_helper,xe
mii                    20480  1 usbnet
snd_intel_dspcfg       45056  1 snd_hda_intel
drm_exec               12288  2 drm_gpuvm,xe
drm_suballoc_helper    24576  1 xe
drm_display_helper    303104  1 xe
snd_intel_sdw_acpi     16384  1 snd_intel_dspcfg
snd_hwdep              24576  1 snd_hda_codec
cec                   106496  2 drm_display_helper,xe
snd_pcm               208896  4 snd_hda_codec_hdmi,snd_hda_intel,snd_hda_codec,snd_hda_core
rc_core                81920  1 cec
acpi_ipmi              24576  0
i2c_algo_bit           16384  2 ast,xe
snd_timer              53248  1 snd_pcm
video                  77824  1 xe
ipmi_si                94208  1
snd                   147456  6 snd_hda_codec_hdmi,snd_hwdep,snd_hda_intel,snd_hda_codec,snd_timer,snd_pcm
ipmi_devintf           20480  0
soundcore              16384  1 snd
i2c_piix4              36864  0
ipmi_msghandler        98304  4 ipmi_devintf,ipmi_si,acpi_ipmi,ipmi_ssif
i2c_smbus              20480  1 i2c_piix4
k10temp                16384  0
mac_hid                12288  0
sch_fq_codel           28672  3
efi_pstore             12288  0
dm_multipath           45056  0
nvme                   69632  1
nvme_core             241664  2 nvme
nvme_keyring           20480  1 nvme_core
ahci                   53248  3
nvme_auth              28672  1 nvme_core
i40e                  663552  0
hkdf                   12288  1 nvme_auth
libahci                57344  1 ahci
ghash_clmulni_intel    12288  0
libie                   8192  1 i40e
libie_adminq           12288  1 i40e
ccp                   192512  1 kvm_amd
wmi                    36864  2 video,wmi_bmof
hid_generic            12288  0
usbhid                 86016  0
hid                   282624  2 usbhid,hid_generic
dm_mirror              28672  0
dm_region_hash         24576  1 dm_mirror
dm_log                 20480  2 dm_region_hash,dm_mirror
msr                    12288  0
dmi_sysfs              28672  0
autofs4                61440  2
aesni_intel            98304  0
--- modinfo xe
filename:       /lib/modules/7.0.0-31-generic/kernel/drivers/gpu/drm/xe/xe.ko.zst
import_ns:      DMA_BUF
license:        GPL and additional rights
description:    Intel Xe2 Graphics
author:         Intel Corporation
firmware:       i915/mtl_gsc_1.bin
firmware:       xe/lnl_gsc_1.bin
firmware:       xe/ptl_gsc_1.bin
firmware:       i915/tgl_huc.bin
firmware:       i915/tgl_huc.bin
firmware:       i915/tgl_huc.bin
firmware:       i915/tgl_huc.bin
firmware:       i915/dg1_huc.bin
firmware:       i915/mtl_huc_gsc.bin
firmware:       xe/lnl_huc.bin
firmware:       xe/bmg_huc.bin
firmware:       xe/ptl_huc.bin
firmware:       i915/tgl_guc_70.bin
firmware:       i915/tgl_guc_70.bin
firmware:       i915/tgl_guc_70.bin
firmware:       i915/adlp_guc_70.bin
firmware:       i915/tgl_guc_70.bin
firmware:       i915/dg1_guc_70.bin
firmware:       i915/dg2_guc_70.bin
firmware:       i915/mtl_guc_70.bin
firmware:       xe/lnl_guc_70.bin
firmware:       xe/bmg_guc_70.bin
firmware:       xe/ptl_guc_70.bin
import_ns:      INTEL_VSEC
import_ns:      INTEL_PMT_TELEMETRY
import_ns:      PWM
import_ns:      PWM
import_ns:      PWM
import_ns:      PWM
import_ns:      PWM
import_ns:      PWM
import_ns:      PWM
import_ns:      PWM
import_ns:      PWM
import_ns:      PWM
import_ns:      PWM
import_ns:      PWM
import_ns:      PWM
import_ns:      PWM
import_ns:      PWM
import_ns:      PWM
import_ns:      PWM
import_ns:      PWM
import_ns:      PWM
import_ns:      PWM
import_ns:      PWM
import_ns:      PWM
import_ns:      PWM
import_ns:      PWM
import_ns:      PWM
import_ns:      PWM
import_ns:      PWM
import_ns:      PWM
import_ns:      PWM
import_ns:      PWM
import_ns:      PWM
import_ns:      PWM
import_ns:      PWM
import_ns:      PWM
import_ns:      PWM
firmware:       i915/bxt_dmc_ver1_07.bin
firmware:       i915/skl_dmc_ver1_27.bin
firmware:       i915/kbl_dmc_ver1_04.bin
firmware:       i915/glk_dmc_ver1_04.bin
firmware:       i915/icl_dmc_ver1_09.bin
firmware:       i915/tgl_dmc_ver2_12.bin
firmware:       i915/rkl_dmc_ver2_03.bin
firmware:       i915/dg1_dmc_ver2_02.bin
firmware:       i915/adls_dmc_ver2_01.bin
firmware:       i915/adlp_dmc_ver2_16.bin
firmware:       i915/adlp_dmc.bin
firmware:       i915/dg2_dmc_ver2_08.bin
firmware:       i915/mtl_dmc.bin
firmware:       i915/bmg_dmc.bin
firmware:       i915/xe2lpd_dmc.bin
firmware:       i915/xe3lpd_dmc.bin
firmware:       i915/xe3lpd_3002_dmc.bin
firmware:       i915/xe3p_lpd_dmc.bin
import_ns:      PWM
import_ns:      PWM
import_ns:      PWM
import_ns:      PWM
import_ns:      PWM
import_ns:      PWM
import_ns:      PWM
import_ns:      PWM
import_ns:      PWM
import_ns:      PWM
import_ns:      PWM
import_ns:      PWM
import_ns:      PWM
import_ns:      PWM
import_ns:      PWM
import_ns:      PWM
import_ns:      PWM
import_ns:      PWM
import_ns:      PWM
import_ns:      PWM
import_ns:      PWM
import_ns:      PWM
import_ns:      PWM
import_ns:      PWM
import_ns:      PWM
import_ns:      PWM
import_ns:      PWM
import_ns:      PWM
import_ns:      PWM
import_ns:      PWM
import_ns:      PWM
import_ns:      PWM
import_ns:      PWM
import_ns:      PWM
import_ns:      PWM
import_ns:      PWM
import_ns:      PWM
import_ns:      PWM
import_ns:      PWM
import_ns:      PWM
import_ns:      PWM
import_ns:      PWM
import_ns:      PWM
import_ns:      PWM
import_ns:      PWM
import_ns:      PWM
import_ns:      PWM
import_ns:      PWM
import_ns:      PWM
import_ns:      PWM
import_ns:      PWM
import_ns:      PWM
import_ns:      PWM
import_ns:      PWM
import_ns:      PWM
import_ns:      PWM
import_ns:      PWM
import_ns:      PWM
import_ns:      PWM
import_ns:      PWM
import_ns:      PWM
import_ns:      PWM
srcversion:     9913356BC2F8B14798CAB3D
alias:          pci:v00008086d0000674Csv*sd*bc*sc*i*
alias:          pci:v00008086d0000D745sv*sd*bc03sc*i*
alias:          pci:v00008086d0000D744sv*sd*bc03sc*i*
alias:          pci:v00008086d0000D743sv*sd*bc03sc*i*
alias:          pci:v00008086d0000D742sv*sd*bc03sc*i*
alias:          pci:v00008086d0000D741sv*sd*bc03sc*i*
alias:          pci:v00008086d0000D740sv*sd*bc03sc*i*
alias:          pci:v00008086d0000FD81sv*sd*bc03sc*i*
alias:          pci:v00008086d0000FD80sv*sd*bc03sc*i*
alias:          pci:v00008086d0000B0B0sv*sd*bc03sc*i*
alias:          pci:v00008086d0000B0A0sv*sd*bc03sc*i*
alias:          pci:v00008086d0000B090sv*sd*bc03sc*i*
alias:          pci:v00008086d0000B08Fsv*sd*bc03sc*i*
alias:          pci:v00008086d0000B087sv*sd*bc03sc*i*
alias:          pci:v00008086d0000B086sv*sd*bc03sc*i*
alias:          pci:v00008086d0000B085sv*sd*bc03sc*i*
alias:          pci:v00008086d0000B084sv*sd*bc03sc*i*
alias:          pci:v00008086d0000B083sv*sd*bc03sc*i*
alias:          pci:v00008086d0000B082sv*sd*bc03sc*i*
alias:          pci:v00008086d0000B081sv*sd*bc03sc*i*
alias:          pci:v00008086d0000B080sv*sd*bc03sc*i*
alias:          pci:v00008086d0000E223sv*sd*bc03sc*i*
alias:          pci:v00008086d0000E222sv*sd*bc03sc*i*
alias:          pci:v00008086d0000E221sv*sd*bc03sc*i*
alias:          pci:v00008086d0000E220sv*sd*bc03sc*i*
alias:          pci:v00008086d0000E216sv*sd*bc03sc*i*
alias:          pci:v00008086d0000E212sv*sd*bc03sc*i*
alias:          pci:v00008086d0000E211sv*sd*bc03sc*i*
alias:          pci:v00008086d0000E210sv*sd*bc03sc*i*
alias:          pci:v00008086d0000E20Dsv*sd*bc03sc*i*
alias:          pci:v00008086d0000E20Csv*sd*bc03sc*i*
alias:          pci:v00008086d0000E20Bsv*sd*bc03sc*i*
alias:          pci:v00008086d0000E209sv*sd*bc03sc*i*
alias:          pci:v00008086d0000E202sv*sd*bc03sc*i*
alias:          pci:v00008086d000064B0sv*sd*bc03sc*i*
alias:          pci:v00008086d000064A0sv*sd*bc03sc*i*
alias:          pci:v00008086d00006420sv*sd*bc03sc*i*
alias:          pci:v00008086d00007DD5sv*sd*bc03sc*i*
alias:          pci:v00008086d00007D60sv*sd*bc03sc*i*
alias:          pci:v00008086d00007D55sv*sd*bc03sc*i*
alias:          pci:v00008086d00007D45sv*sd*bc03sc*i*
alias:          pci:v00008086d00007D40sv*sd*bc03sc*i*
alias:          pci:v00008086d00005697sv*sd*bc03sc*i*
alias:          pci:v00008086d00005696sv*sd*bc03sc*i*
alias:          pci:v00008086d000056B3sv*sd*bc03sc*i*
alias:          pci:v00008086d000056B2sv*sd*bc03sc*i*
alias:          pci:v00008086d000056A4sv*sd*bc03sc*i*
alias:          pci:v00008086d000056A3sv*sd*bc03sc*i*
alias:          pci:v00008086d00005695sv*sd*bc03sc*i*
alias:          pci:v00008086d00005694sv*sd*bc03sc*i*
alias:          pci:v00008086d00005693sv*sd*bc03sc*i*
alias:          pci:v00008086d000056BDsv*sd*bc03sc*i*
alias:          pci:v00008086d000056BCsv*sd*bc03sc*i*
alias:          pci:v00008086d000056BBsv*sd*bc03sc*i*
alias:          pci:v00008086d000056BAsv*sd*bc03sc*i*
alias:          pci:v00008086d000056B1sv*sd*bc03sc*i*
alias:          pci:v00008086d000056B0sv*sd*bc03sc*i*
alias:          pci:v00008086d000056A6sv*sd*bc03sc*i*
alias:          pci:v00008086d000056A5sv*sd*bc03sc*i*
alias:          pci:v00008086d00005692sv*sd*bc03sc*i*
alias:          pci:v00008086d00005691sv*sd*bc03sc*i*
alias:          pci:v00008086d00005690sv*sd*bc03sc*i*
alias:          pci:v00008086d000056BFsv*sd*bc03sc*i*
alias:          pci:v00008086d000056BEsv*sd*bc03sc*i*
alias:          pci:v00008086d000056A2sv*sd*bc03sc*i*
alias:          pci:v00008086d000056A1sv*sd*bc03sc*i*
alias:          pci:v00008086d000056A0sv*sd*bc03sc*i*
alias:          pci:v00008086d0000B640sv*sd*bc03sc*i*
alias:          pci:v00008086d00007D67sv*sd*bc03sc*i*
alias:          pci:v00008086d00007D41sv*sd*bc03sc*i*
alias:          pci:v00008086d00007DD1sv*sd*bc03sc*i*
alias:          pci:v00008086d00007D51sv*sd*bc03sc*i*
alias:          pci:v00008086d000056C1sv*sd*bc03sc*i*
alias:          pci:v00008086d000056C2sv*sd*bc03sc*i*
alias:          pci:v00008086d000056C0sv*sd*bc03sc*i*
alias:          pci:v00008086d00004909sv*sd*bc03sc*i*
alias:          pci:v00008086d00004908sv*sd*bc03sc*i*
alias:          pci:v00008086d00004907sv*sd*bc03sc*i*
alias:          pci:v00008086d00004906sv*sd*bc03sc*i*
alias:          pci:v00008086d00004905sv*sd*bc03sc*i*
alias:          pci:v00008086d0000A78Bsv*sd*bc03sc*i*
alias:          pci:v00008086d0000A78Asv*sd*bc03sc*i*
alias:          pci:v00008086d0000A789sv*sd*bc03sc*i*
alias:          pci:v00008086d0000A788sv*sd*bc03sc*i*
alias:          pci:v00008086d0000A783sv*sd*bc03sc*i*
alias:          pci:v00008086d0000A782sv*sd*bc03sc*i*
alias:          pci:v00008086d0000A781sv*sd*bc03sc*i*
alias:          pci:v00008086d0000A780sv*sd*bc03sc*i*
alias:          pci:v00008086d0000A7ABsv*sd*bc03sc*i*
alias:          pci:v00008086d0000A7AAsv*sd*bc03sc*i*
alias:          pci:v00008086d0000A7A8sv*sd*bc03sc*i*
alias:          pci:v00008086d0000A7A0sv*sd*bc03sc*i*
alias:          pci:v00008086d0000A720sv*sd*bc03sc*i*
alias:          pci:v00008086d0000A7ADsv*sd*bc03sc*i*
alias:          pci:v00008086d0000A7ACsv*sd*bc03sc*i*
alias:          pci:v00008086d0000A7A9sv*sd*bc03sc*i*
alias:          pci:v00008086d0000A7A1sv*sd*bc03sc*i*
alias:          pci:v00008086d0000A721sv*sd*bc03sc*i*
alias:          pci:v00008086d000046D4sv*sd*bc03sc*i*
alias:          pci:v00008086d000046D3sv*sd*bc03sc*i*
alias:          pci:v00008086d000046D2sv*sd*bc03sc*i*
alias:          pci:v00008086d000046D1sv*sd*bc03sc*i*
alias:          pci:v00008086d000046D0sv*sd*bc03sc*i*
alias:          pci:v00008086d000046C3sv*sd*bc03sc*i*
alias:          pci:v00008086d000046C2sv*sd*bc03sc*i*
alias:          pci:v00008086d000046C1sv*sd*bc03sc*i*
alias:          pci:v00008086d000046C0sv*sd*bc03sc*i*
alias:          pci:v00008086d000046B3sv*sd*bc03sc*i*
alias:          pci:v00008086d000046B2sv*sd*bc03sc*i*
alias:          pci:v00008086d000046B1sv*sd*bc03sc*i*
alias:          pci:v00008086d000046B0sv*sd*bc03sc*i*
alias:          pci:v00008086d00004628sv*sd*bc03sc*i*
alias:          pci:v00008086d00004626sv*sd*bc03sc*i*
alias:          pci:v00008086d0000462Asv*sd*bc03sc*i*
alias:          pci:v00008086d000046AAsv*sd*bc03sc*i*
alias:          pci:v00008086d000046A8sv*sd*bc03sc*i*
alias:          pci:v00008086d000046A6sv*sd*bc03sc*i*
alias:          pci:v00008086d000046A3sv*sd*bc03sc*i*
alias:          pci:v00008086d000046A2sv*sd*bc03sc*i*
alias:          pci:v00008086d000046A1sv*sd*bc03sc*i*
alias:          pci:v00008086d000046A0sv*sd*bc03sc*i*
alias:          pci:v00008086d00004693sv*sd*bc03sc*i*
alias:          pci:v00008086d00004692sv*sd*bc03sc*i*
alias:          pci:v00008086d00004690sv*sd*bc03sc*i*
alias:          pci:v00008086d0000468Bsv*sd*bc03sc*i*
alias:          pci:v00008086d0000468Asv*sd*bc03sc*i*
alias:          pci:v00008086d00004688sv*sd*bc03sc*i*
alias:          pci:v00008086d00004682sv*sd*bc03sc*i*
alias:          pci:v00008086d00004680sv*sd*bc03sc*i*
alias:          pci:v00008086d00004C9Asv*sd*bc03sc*i*
alias:          pci:v00008086d00004C90sv*sd*bc03sc*i*
alias:          pci:v00008086d00004C8Csv*sd*bc03sc*i*
alias:          pci:v00008086d00004C8Bsv*sd*bc03sc*i*
alias:          pci:v00008086d00004C8Asv*sd*bc03sc*i*
alias:          pci:v00008086d00004C80sv*sd*bc03sc*i*
alias:          pci:v00008086d00009AF8sv*sd*bc03sc*i*
alias:          pci:v00008086d00009AD9sv*sd*bc03sc*i*
alias:          pci:v00008086d00009AC9sv*sd*bc03sc*i*
alias:          pci:v00008086d00009AC0sv*sd*bc03sc*i*
alias:          pci:v00008086d00009A78sv*sd*bc03sc*i*
alias:          pci:v00008086d00009A59sv*sd*bc03sc*i*
alias:          pci:v00008086d00009A49sv*sd*bc03sc*i*
alias:          pci:v00008086d00009A40sv*sd*bc03sc*i*
alias:          pci:v00008086d00009A70sv*sd*bc03sc*i*
alias:          pci:v00008086d00009A68sv*sd*bc03sc*i*
alias:          pci:v00008086d00009A60sv*sd*bc03sc*i*
depends:        drm_display_helper,drm_gpuvm,video,drm_gpusvm_helper,drm_exec,drm_ttm_helper,ttm,gpu-sched,cec,drm_suballoc_helper,drm_buddy,intel-vsec,i2c-algo-bit
intree:         Y
name:           xe
retpoline:      Y
vermagic:       7.0.0-31-generic SMP preempt mod_unload modversions 
sig_id:         PKCS#7
signer:         Build time autogenerated kernel key
sig_key:        7E:61:33:F0:0E:74:41:0B:95:F8:95:5F:A6:A5:AA:C0:DC:D0:85:17
sig_hashalgo:   sha512
signature:      3B:AE:F8:06:59:59:31:3B:36:F4:D8:30:29:F1:FE:68:16:30:40:9A:
		F3:E0:22:A3:9F:AD:A4:30:38:EB:E7:15:9C:CA:A8:96:BC:64:39:0D:
		BE:83:C5:15:40:B7:8B:FB:6D:54:E1:92:30:14:41:20:3C:AF:49:64:
		D5:F0:D0:26:88:28:AD:D0:90:91:73:31:1D:F9:E9:6F:4F:B6:B8:32:
		00:0A:B8:D0:89:D4:BA:66:F2:D5:38:4A:8E:48:BC:C6:39:08:0A:79:
		AA:72:3C:B6:56:57:50:72:C2:97:04:6E:94:E5:EB:9C:E2:09:CF:3C:
		62:B0:CF:B4:4C:5F:04:20:6A:0E:36:BB:24:B7:83:50:ED:75:43:DA:
		2F:6E:63:F9:6F:F0:FF:39:DA:4F:1D:F5:56:DE:A4:62:4F:5D:96:72:
		D4:38:FD:22:26:88:4B:1F:F4:5C:49:4F:08:19:DF:1D:48:37:72:3A:
		33:DE:60:F3:18:24:AA:EA:1D:D1:86:61:A7:5E:5B:98:45:D7:B9:F8:
		3B:C4:5A:5A:D7:57:07:29:EC:F5:64:38:4C:AB:00:EB:EF:2B:D2:0F:
		AA:04:06:0F:A6:C4:AA:EF:5F:62:ED:78:B9:6F:59:17:A1:1B:34:08:
		FF:90:BF:14:81:9F:75:4C:F7:48:92:FF:93:7C:1E:CF:4B:BE:D3:93:
		38:0D:D7:0A:09:9F:80:10:EC:AD:45:EE:D6:5C:E2:B8:7A:BE:08:EF:
		96:33:79:BE:D2:46:A9:54:74:62:5F:48:2E:6E:F5:FB:65:56:51:E4:
		78:6A:45:9B:CE:AB:AF:CB:FA:55:FD:D3:0A:59:C3:B4:B3:8D:89:F8:
		B9:34:3D:3B:10:E3:93:A3:91:D6:39:EE:68:C4:40:EC:C9:E7:B8:CC:
		63:FD:35:D4:29:31:C7:C3:DA:7B:16:88:3E:3C:93:D6:10:C9:53:06:
		7A:8C:F9:9F:22:A6:D2:64:A3:36:6B:3A:1B:56:75:C4:DC:A3:6A:FE:
		2E:7A:18:C9:BF:C4:67:92:03:37:D4:C8:31:08:32:3E:77:D6:3E:DE:
		2E:6B:E0:9E:7C:FD:F6:55:2F:36:F6:7B:78:09:2A:DB:03:ED:7F:A6:
		A1:0B:5F:1F:CA:83:8D:C4:84:65:F7:D4:49:83:F2:6C:3E:23:9B:7E:
		11:4E:16:2F:28:B8:8A:08:2D:1D:D6:00:CB:B9:98:D7:CB:EF:43:5E:
		CA:5B:49:1E:A3:C2:C8:E0:B9:8C:27:04:B2:5D:E5:1F:FD:40:57:B4:
		ED:D5:F0:E4:98:1B:90:A0:47:3D:17:E7:EF:9C:E0:F9:BE:97:5B:81:
		8C:70:5A:83:14:8F:A6:80:01:EA:4E:F2
parm:           dmc_firmware_path:DMC firmware path to use instead of the default one. Use /dev/null to disable DMC and runtime PM. (charp)
parm:           vbt_firmware:Load VBT from specified file under /lib/firmware (charp)
parm:           lvds_channel_mode:Specify LVDS channel mode (0=probe BIOS [default], 1=single-channel, 2=dual-channel) (int)
parm:           panel_use_ssc:Use Spread Spectrum Clock with panels [LVDS/eDP] (default: auto from VBT) (int)
parm:           vbt_sdvo_panel_type:Override/Ignore selection of SDVO panel mode in the VBT (-2=ignore, -1=auto [default], index in VBT BIOS table) (int)
parm:           enable_dc:Enable power-saving display C-states. (-1=auto [default]; 0=disable; 1=up to DC5; 2=up to DC6; 3=up to DC5 with DC3CO; 4=up to DC6 with DC3CO) (int)
parm:           enable_dpt:Enable display page table (DPT) (default: true) (bool)
parm:           enable_dsb:Enable display state buffer (DSB) (default: true) (bool)
parm:           enable_flipq:Enable DMC flip queue (default: false) (bool)
parm:           enable_sagv:Enable system agent voltage/frequency scaling (SAGV) (default: true) (bool)
parm:           disable_power_well:Disable display power wells when possible (-1=auto [default], 0=power wells always on, 1=power wells disabled when possible) (int)
parm:           enable_ips:Enable IPS (default: true) (bool)
parm:           invert_brightness:Invert backlight brightness (-1 force normal, 0 machine defaults, 1 force inversion), please report PCI device ID, subsystem vendor and subsystem device ID to dri-devel@lists.freedesktop.org, if your machine needs it. It will then be included in an upcoming module version. (int)
parm:           edp_vswing:Ignore/Override vswing pre-emph table selection from VBT (0=use value from vbt [default], 1=low power swing(200mV),2=default swing(400mV)) (int)
parm:           enable_dpcd_backlight:Enable support for DPCD backlight control(-1=use per-VBT LFP backlight type setting [default], 0=disabled, 1=enable, 2=force VESA interface, 3=force Intel interface) (int)
parm:           load_detect_test:Force-enable the VGA load detect code for testing (default:false). For developers only. (bool)
parm:           force_reset_modeset_test:Force a modeset during gpu reset for testing (default:false). For developers only. (bool)
parm:           disable_display:Disable display (default: false) (bool)
parm:           verbose_state_checks:Enable verbose logs (ie. WARN_ON()) in case of unexpected hw state conditions. (bool)
parm:           nuclear_pageflip:Force enable atomic functionality on platforms that don't have full support yet. (bool)
parm:           enable_dp_mst:Enable multi-stream transport (MST) for new DisplayPort sinks. (default: true) (bool)
parm:           enable_fbc:Enable frame buffer compression for power savings (default: -1 (use per-chip default)) (int)
parm:           enable_psr:Enable PSR (0=disabled, 1=enable up to PSR1, 2=enable up to PSR2) Default: -1 (use per-chip default) (int)
parm:           enable_panel_replay:Enable Panel Replay (0=disabled, 1=enabled). Default: -1 (use per-chip default) (int)
parm:           psr_safest_params:Replace PSR VBT parameters by the safest and not optimal ones. This is helpful to detect if PSR issues are related to bad values set in  VBT. (0=use VBT parameters, 1=use safest parameters)Default: 0 (bool)
parm:           enable_psr2_sel_fetch:Enable PSR2 and Panel Replay selective fetch (0=disabled, 1=enabled) Default: 1 (bool)
parm:           enable_dmc_wl:Enable DMC wakelock (-1=use per-chip default, 0=disabled, 1=enabled, 2=match any register, 3=always locked) Default: -1 (int)
parm:           svm_notifier_size:Set the svm notifier size in MiB, must be power of 2 [default=512] (uint)
parm:           force_execlist:Force Execlist submission (bool)
parm:           probe_display:Probe display HW, otherwise it's left untouched [default=true]) (bool)
parm:           vram_bar_size:Set the vram bar size in MiB (<0=disable-resize, 0=max-needed-size, >0=force-size [default=0]) (int)
parm:           guc_log_level:GuC firmware logging level (0=disable, 1=normal, 2..5=verbose-levels [default=1]) (int)
parm:           guc_firmware_path:GuC firmware path to use instead of the default one (charp)
parm:           huc_firmware_path:HuC firmware path to use instead of the default one - empty string disables (charp)
parm:           gsc_firmware_path:GSC firmware path to use instead of the default one - empty string disables (charp)
parm:           force_probe:Force probe options for specified devices. See CONFIG_DRM_XE_FORCE_PROBE for details [default=]) (charp)
parm:           max_vfs:Limit number of Virtual Functions (VFs) that could be managed. (0=no VFs; N=allow up to N VFs [default=unlimited]) (uint)
parm:           wedged_mode:Module's default policy for the wedged mode (0=never, 1=upon-critical-error, 2=upon-any-hang-no-reset [default=upon-critical-error]) (uint)
--- apt-cache policy linux-firmware intel-firmware linux-intel-6.17
linux-firmware:
  Installed: 20260319.git217ca6e4.1ubuntu
  Candidate: 20260319.git217ca6e4.1ubuntu
  Version table:
 *** 20260319.git217ca6e4.1ubuntu 500
        500 http://us.archive.ubuntu.com/ubuntu resolute/main amd64 Packages
        100 /var/lib/dpkg/status
--- sudo xpu-smi dump
Dump device statistics data

Usage: xpu-smi dump [Options]
  xpu-smi dump --device [id] --metrics [metrics] --interval [secs] --number [count]
  xpu-smi dump --device [id] --metrics [metrics] -f [filename] --loop-ms [ms] --time [secs]

Options:
  -h,--help                   Print this help message and exit
  -j,--json                   Print result in JSON format

  --device,--id               Device index or PCI BDF address (-1 = all)
  --metrics,--select          Comma-separated group names or aliases:
                              Group:  MEMORY  UTILIZATION  TEMPERATURE  POWER  CLOCK  PCI  ECC  EU_ARRAY  FAN  ALL
                              Alias:  m       u            p            p      c      t    e    x         f       
                              Multi-char aliases: e.g. "pu" = POWER+TEMPERATURE+UTILIZATION
                              Individual field names also accepted: e.g. "temperature.gpu,power.draw"

Available fields: (legacy ID in brackets)
                              timestamp                                The timestamp of when the query was made, in
                                                                       format 'YYYY/MM/DD HH:MM:SS.msec'.
                              name                                     The official product name of the GPU. This is an
                                                                       alphanumeric string.
                              index                                    Zero based index of the GPU. Can change at each
                                                                       boot.
                              uuid                                     Globally unique immutable identifier of the GPU
                                                                       derived from the SoC UUID. Does not correspond to
                                                                       any physical label on the board.
                              serial                                   The serial number physically printed on the
                                                                       board. A globally unique immutable alphanumeric
                                                                       value.
                              driver_version                           The version of the installed GPU driver.
                              vbios_version                            The version of the GFX firmware currently running
                                                                       on the GPU board.
                              pci.bus_id                               PCI bus address as 'domain:bus:device.function',
                                                                       in hex.
                              pci.device_id                            PCI device id, in hex.
                              pci.sub_device_id                        Board number as reported by the Sysman device
                                                                       properties (used as the PCI sub-device slot
                                                                       identifier).
                              temperature.gpu [3]                      GPU core temperature per tile or device;
                                                                       device-level is the tile average for multi-tile
                                                                       GPUs (C)
                              temperature.memory [4]                   GPU memory temperature per tile or device;
                                                                       device-level is the tile average for multi-tile
                                                                       GPUs (C)
                              utilization.gpu [0]                      GPU active time as a fraction of elapsed time;
                                                                       per tile or device, device-level is the tile
                                                                       average for multi-tile GPUs (%)
                              utilization.compute [22]                 Compute engine group: active time as a fraction
                                                                       of elapsed time; per tile or device, device-level
                                                                       is the tile average for multi-tile GPUs (%)
                              utilization.render [23]                  Render engine group: active time as a fraction of
                                                                       elapsed time; per tile or device, device-level is
                                                                       the tile average for multi-tile GPUs (%)
                              utilization.media [24]                   Media engine group: active time as a fraction of
                                                                       elapsed time (decode, encode, and enhancement
                                                                       engines); per tile or device, device-level is the
                                                                       tile average for multi-tile GPUs (%)
                              utilization.copy [26]                    Copy engine group: active time as a fraction of
                                                                       elapsed time; per tile or device, device-level is
                                                                       the tile average for multi-tile GPUs (%)
                              utilization.memory [5]                   GPU memory utilization as a fraction of elapsed
                                                                       time memory was being read or written; per tile
                                                                       or device, device-level is the tile average for
                                                                       multi-tile GPUs (%)
                              pcie.link.gen.max                        Maximum PCIe generation supported
                              pcie.link.width.max                      Maximum PCIe link width supported
                              pcie.link.gen.current                    Current PCIe generation (negotiated)
                              pcie.link.width.current                  Current PCIe link width (negotiated)
                              pcie.tx.throughput                       PCIe transmit throughput (MB/s)
                              pcie.rx.throughput                       PCIe receive throughput (MB/s)
                              pcie.replay.counter                      PCIe replay error count
                              pcie.rx.throughput.kbs [19]              PCIe receive throughput (kB/s) (kB/s)
                              pcie.tx.throughput.kbs [20]              PCIe transmit throughput (kB/s) (kB/s)
                              eu.active [9]                            Xe EU Array Active: fraction of time EUs were
                                                                       actively executing (Intel-only; dump -m 9) (%)
                              eu.stall [10]                            Xe EU Array Stall: fraction of time EUs were
                                                                       stalled with a thread loaded (Intel-only; dump -m
                                                                       10) (%)
                              eu.idle [11]                             Xe EU Array Idle: fraction of time no threads
                                                                       were scheduled on any EU (Intel-only; dump -m 11)
                                                                       (%)
                              fan.speed                                Fan speed (averaged across all fans) (%)
                              memory.total                             Total GPU memory (MiB)
                              memory.used [18]                         Used GPU memory (MiB)
                              memory.free                              Free GPU memory (MiB)
                              memory.read.bandwidth [6]                GPU memory read bandwidth (Intel-only; dump -m 6)
                                                                       (kB/s)
                              memory.write.bandwidth [7]               GPU memory write bandwidth (Intel-only; dump -m
                                                                       7) (kB/s)
                              memory.bandwidth.utilization [17]        GPU memory bandwidth utilization as % of peak
                                                                       (Intel-only; dump -m 17) (%)
                              power.draw [1]                           Card-domain power draw averaged over the sampling
                                                                       interval; computed from energy counter deltas
                                                                       between cache snapshots (W)
                              power.draw.gpu                           GPU-domain power draw averaged over the sampling
                                                                       interval; covers compute engines only, excluding
                                                                       memory and other card subsystems (W)
                              energy.consumed [8]                      Cumulative GPU-domain energy consumed since the
                                                                       last counter reset; monotonically increasing
                                                                       until counter wrap (J)
                              power.limit                              Currently enforced power limit; reports the
                                                                       sustained limit when available, with fallback to
                                                                       burst or peak (W)
                              power.max_limit                          Maximum configurable power limit as reported by
                                                                       device properties; the upper bound for any
                                                                       user-settable power limit (W)
                              ecc.mode.current                         Current ECC state (Enabled/Disabled/Unavailable)
                              ecc.errors.corrected.aggregate.total     Correctable (single-bit) cache ECC errors
                              ecc.errors.uncorrected.aggregate.total   Uncorrectable (double-bit) cache ECC errors
                              ecc.errors.aggregate.total               Total ECC errors across all categories
                                                                       (correctable + uncorrectable)
                              ras.reset [12]                           GPU reset count
                              ras.programming.errors [13]              Programming error count
                              ras.driver.errors [14]                   Driver error count
                              ras.cache.errors.correctable [15]        Correctable cache ECC errors
                              ras.cache.errors.uncorrectable [16]      Uncorrectable cache ECC errors
                              ras.non_compute.errors.correctable [29]  Correctable non-compute ECC errors
                              ras.non_compute.errors.uncorrectable [30] Uncorrectable non-compute ECC errors
                              ras.non_compute.errors.total             Non-compute error count (correctable +
                                                                       uncorrectable)
                              clocks.current.graphics [2]              Current GPU core clock (MHz)
                              clocks.current.media [36]                Current media engine clock (MHz)
                              clocks.throttle.reason [35]              GPU frequency throttle reason (comma-separated if
                                                                       multiple active)
                              clocks.current.memory [37]               Current memory clock (MHz)
                              clocks.current.memory.voltage [38]       Current memory voltage (V)
                              clocks.max.graphics                      Maximum GPU core (graphics) clock (MHz)
                              clocks.max.media                         Maximum media engine clock (MHz)

  --interval,--delay          Sampling interval in seconds (default: 1)
  --number,--count            Number of samples (default: unlimited)
  --loop-ms                   Sampling interval in milliseconds (overrides --interval)

  -f,--file,--filename        Write output to a file instead of stdout
  --time                      Total dump duration in seconds
  --date                      Prefix timestamps with date
  --format=csv[,noheader][,nounits]  Force CSV output; suppress header or units

--- docker image ls --no-trunc
REPOSITORY                       TAG                                      IMAGE ID                                                                  CREATED         SIZE
stage-v24h2                      rollback                                 sha256:ae528b55ee4ed4c4ff61cc56238fab08298173cbb83c85d3fb56cf303eb2af4d   9 minutes ago   28GB
stage-v24g                       latest                                   sha256:6e754d39fc92dbc16701055e43138e1f05e5c143c223291b2ee86f73d940b1dc   7 hours ago     28GB
stage-v24f                       latest                                   sha256:55dcd028f867489a0d4468b13d84bf11fd9b8fed1935977fd03a56f89f298a30   9 hours ago     28GB
stage-v24e                       latest                                   sha256:4f93e710d5027cd9fdddcbacf1241379e31d18a5d4d3e62ebe768ff2d5d12d73   10 hours ago    27.9GB
stage-v24d                       latest                                   sha256:01303d1eb8700cb8f7f103645623fd2ee082ec1f084034c5180ddb4f83c81e54   16 hours ago    28GB
stage-v25-exactgdn               latest                                   sha256:0cb7979b272aea84c477de36a3b7a618b41c967b4a4399f59ddbb16cb1ce5037   20 hours ago    28GB
stage-v24c                       latest                                   sha256:7dd55b9c4b1fcdf5c89a3dc8da9a4766fc826bd5855762c8eff7b2c3f13fc2bc   40 hours ago    27.9GB
stage-v24b                       latest                                   sha256:75ca22692968dc52f4e8174338d9aecf0131225a6d40a366fc88dafc07aa79f5   41 hours ago    27.9GB
stage-v24                        latest                                   sha256:9a7d62fe334aafa74b3786abd46f33d4170df127480bc50ad7cc54c7f5ffbca2   41 hours ago    27.9GB
stage-v23                        latest                                   sha256:644d5c795fe5e60adb669e6e6d01eb5125290a4a1fe45df433649cd74b446d1d   44 hours ago    27.9GB
stage-v22                        latest                                   sha256:464a9d7d6d08bfabe7dc3370d15b90308e29c1144bf6656f70ce18314d836ddb   45 hours ago    27.9GB
stage-v21-knowngood              latest                                   sha256:461d890b397670266147752f5085e0907c111fb940d862e8b7a08b5757a7ae63   2 days ago      27.9GB
stage-v21                        latest                                   sha256:461d890b397670266147752f5085e0907c111fb940d862e8b7a08b5757a7ae63   2 days ago      27.9GB
stage-v20                        latest                                   sha256:1865b3033f602e134c1c29aa5863c9464f8f5054c3be1d35e42489a24886e880   2 days ago      27.9GB
stage-v19b                       latest                                   sha256:54d4b6415987c27d1886bb18ef01471a0457cd328012a1e95284df773df0bcd2   2 days ago      27.9GB
stage-v19                        latest                                   sha256:eea88f62d33c3732885b5744d4a2de0094d9cdb09e3d7b793197b88df1d3cc70   2 days ago      27.9GB
qwen38-flash-next-xpu            0.21.0-b1-rt2f829747-stage-v18g          sha256:eaec2e9b2b5fc561b52093f9883eb64c3fe9ae2748ca21cd2f0d217f3258daa1   2 days ago      27.9GB
qwen38-flash-next-xpu            0.21.0-b1-rt2f829747-stage-v18f          sha256:226b9292b88566f208a3562441a934c516fdf7d0a497a0c18c1b8e2115052272   2 days ago      27.9GB
qwen38-flash-next-xpu            0.21.0-b1-rt2f829747-stage-v18e          sha256:8eaa3039bd4a8a8504c888b8eec5a24b04514b41d702ef8f109061126e742bbe   2 days ago      27.9GB
qwen38-flash-next-xpu            0.21.0-b1-rt2f829747-stage-v18d          sha256:f31414d01057a5d7a6905ad1c384afbb1c427d110feccd0b1bc920994892c382   2 days ago      27.9GB
qwen38-flash-next-xpu            0.21.0-b1-rt2f829747-stage-v18c          sha256:9f6cef7e6cd61dfcb4e0177c97798a8e51cb4d39f99853f5acb672714613553d   2 days ago      27.9GB
qwen38-flash-next-xpu            0.21.0-b1-rt2f829747-stage-v18b          sha256:fe7b177e395f8316c6075c20cf2e7adafb533272c80521c12a827add06e8e1d9   2 days ago      27.9GB
qwen38-flash-next-xpu            0.21.0-b1-rt2f829747-stage-v17           sha256:e424f1661527cc8e96c01529ec08afb79109384d9dad3c107edb213b4552e25c   2 days ago      27.9GB
qwen38-flash-next-xpu            0.21.0-b1-rt2f829747-stage-v16b          sha256:bf402cafe46c0be4347274a1327e6ecfc54bf4bc534063654f803ee9f9749779   2 days ago      27.9GB
qwen38-flash-next-xpu            0.21.0-b1-rt2f829747-stage-v16           sha256:bef6fb77b6d863dce4583beb752311b31ae42293cfd3e01a6920263f719748b7   2 days ago      27.9GB
alpine                           latest                                   sha256:5b02b42e375f7426f8d65c3af331ca05d9878f9989230354504e0b9dfd431f60   2 days ago      13MB
qwen38-flash-next-xpu            0.21.0-b1-rt2f829747-stage-applied-v15   sha256:399914f2d60771b8051f725812eb7be8a0e92114bec34a18ea0ccdfdb3a6d7b7   2 days ago      27.9GB
qwen38-flash-next-xpu            0.21.0-b1-rt2f829747-stage-applied-v14   sha256:e7d81bd373e75258a31ea6728ccc15b8069ac77651f1b0c38b0769e77c329d90   2 days ago      27.9GB
qwen38-flash-next-xpu            0.21.0-b1-rt2f829747-stage-applied-v13   sha256:4432e7369a6ba4f919b3c554a1d5ab459ccce6c3a7d287bb05d803d3fa734c1b   2 days ago      27.9GB
qwen38-flash-next-xpu            0.21.0-b1-rt2f829747-stage-applied-v12   sha256:69e950363a13acf00f5392d5830ae396b9449dff1d6009506b40a84b509a3040   2 days ago      27.9GB
qwen38-flash-next-xpu            0.21.0-b1-rt2f829747-stage-applied-v11   sha256:dedf2c33a8375d573de3e93a0b5466a37590895c04b7cc408b0c7b46daf78785   2 days ago      27.9GB
qwen38-flash-next-xpu            0.21.0-b1-rt2f829747-stage-applied-v10   sha256:0c5a6171546ed19b514732f5ed82eee9182044ac2b7449ca8ab00dbddf3ca527   2 days ago      27.8GB
qwen38-flash-next-xpu            0.21.0-b1-rt2f829747-stage-applied-v9    sha256:4e57e6ebdd126fb835fbf0609d6ac1d1535e8bb0f1b0fc96647e7188a88bb478   2 days ago      27.8GB
qwen38-flash-next-xpu            0.21.0-b1-rt2f829747-stage-applied-v8    sha256:d275dabcacccfcf5b9b2ca66b36ff194656f4e53c8ffd0767df92a083470aea0   2 days ago      27.8GB
qwen38-flash-next-xpu            0.21.0-b1-rt2f829747-stage-applied-v7    sha256:699df963837b3f87f2fca005e389ea95a894d2cf5f3f151bc23370f004f95cf0   2 days ago      27.8GB
qwen38-flash-next-xpu            0.21.0-b1-rt2f829747-stage-applied-v6    sha256:c1cd70477e3b137011fec1bdee668ee5b3a16a535dc69007770959a0fa826ea2   2 days ago      27.8GB
qwen38-flash-next-xpu            0.21.0-b1-rt2f829747-stage-applied-v5    sha256:dd08c40aeea81a6ddf10529077e5cf0cd007e3630c2dc9c6affddf147d5b0943   2 days ago      27.8GB
qwen38-flash-next-xpu            0.21.0-b1-rt2f829747-stage-applied-v4    sha256:df8b408cb34b9c9b12fd786c623cdcb8821e1d529c6a70c5912d5a92ef0fa90b   2 days ago      27.8GB
qwen38-flash-next-xpu            0.21.0-b1-rt2f829747-stage-applied-v3    sha256:e62e68c55014a428f1cec0b41ba9cad87a734cb2780c966184134d97de7eaba9   2 days ago      27.8GB
qwen38-flash-next-xpu            0.21.0-b1-rt2f829747-stage-applied       sha256:5ee0a57e93a0c0a72afb40545828c45f800fe5b87238229acae68c175bce88ff   2 days ago      27.8GB
qwen38-flash-next-xpu            0.21.0-b1-rt2f829747-stage-applied-v2    sha256:2400f406eb7435295d037e8af14584d193e9d13914493548fdb0c81c1478861d   2 days ago      27.8GB
ubuntu                           24.04                                    sha256:69cecf4bbf72d2d44a9eef1b71fb98c7fb973d78af11399deccef19beb008ad9   8 days ago      119MB
qwen38-flash-next-xpu            0.21.0-b1-rt2f829747                     sha256:ef89e378c93edd46aa3b81098942a8ec1ef5ef217ddf0b102d8032e7471337d2   2 weeks ago     25.4GB
vllm/vllm-openai-xpu             <none>                                   sha256:f01e24f6c7ff01f1e0662234255a1372297d1dbd89d003cf13c8fad3eab1ba4f   5 weeks ago     18.4GB
intel/llm-scaler-vllm            0.21.0-b1                                sha256:5d87be271e4db54539f1dbb29c071e9122f4e57b74594dbb26a55d27a569d780   2 months ago    20.1GB
intel/deep-learning-essentials   2026.0.0-devel-ubuntu24.04               sha256:aeb924ed73a4707576dcc6e9d9afb0f24435390a3f6596cdd88cee967dede0a0   4 months ago    10.6GB
intel/deep-learning-essentials   2025.3.3-0-devel-ubuntu24.04             sha256:2363f73a031b0c71746bf9205b4a3ae585d7ec511b50159e14aaba42c2e77f33   5 months ago    11.5GB
--- docker ps -a --no-trunc
CONTAINER ID                                                       IMAGE                                                                     COMMAND                                                                                                                                                                                                                                                                                                                                                                                                                                                                                                                                                                          CREATED             STATUS                    PORTS                                         NAMES
8f75e238a2569de3936bb1c85d2fe507379cb2d2d23cd8bf522e702ce287b9ed   stage-v24g                                                                "/opt/venv/bin/python3 /opt/venv/bin/vllm serve Intel/Qwen3.8-Flash-Next-W4A16-AutoRound --served-model-name qwen3.8-flash-next --tensor-parallel-size 4 --enable-expert-parallel --all2all-backend allgather_reducescatter --max-num-seqs 16 --max-num-batched-tokens 2048 --max-model-len 4352 --load-format safetensors --cpu-offload-gb 1.0 --host 0.0.0.0 --port 8021 --enable-ep-weight-filter --quantization inc -O 0 --gpu-memory-utilization 0.75 --compilation-config {\"cudagraph_mode\":\"FULL_DECODE_ONLY\",\"cudagraph_capture_sizes\":[1,2,3,4,5,6,7,8,12,16]}"   About an hour ago   Up About an hour          0.0.0.0:8021->8021/tcp, [::]:8021->8021/tcp   qwen38-flash-next
7f24c00598ca848efda479220dbbcf68cbd2c8af1247a1c46bb733bdec1fbfd9   ubuntu:24.04                                                              "/bin/sh -c 'sleep 200'"                                                                                                                                                                                                                                                                                                                                                                                                                                                                                                                                                         43 hours ago        Exited (0) 43 hours ago                                                 adoring_yonath
1568f89ab59df6703f567a4fa89fd703047451ed8a0360e9b4310082ebb7fa4f   ubuntu:24.04                                                              "/bin/sh -c 'sleep 120'"                                                                                                                                                                                                                                                                                                                                                                                                                                                                                                                                                         43 hours ago        Exited (0) 43 hours ago                                                 blissful_ramanujan
b7ecad9975e2222bf90961470c9b2609ff4f17c1c5388c764236967769427b7f   qwen38-flash-next-xpu:0.21.0-b1-rt2f829747-stage-applied-v12              "/bin/bash -c 'sleep 600'"                                                                                                                                                                                                                                                                                                                                                                                                                                                                                                                                                       2 days ago          Exited (0) 2 days ago                                                   v13build
e1daee84fae5d9cd8458c4cb49457be3a3ffae099b8e4c7bb7b54f004a092650   sha256:b59d95843a943b67e8b47fc475c11b99ed35b86a3143894de1bcdcf37294f0b6   "/bin/sh -c 'bash /tmp/cp-stage.sh && rm /tmp/cp-stage.sh'"                                                                                                                                                                                                                                                                                                                                                                                                                                                                                                                      2 days ago          Exited (1) 2 days ago                                                   fervent_feistel
668f1ff9a387547b8c206ebb6db870e83a49e850d9d0498452f8b6165f24c676   sha256:b59d95843a943b67e8b47fc475c11b99ed35b86a3143894de1bcdcf37294f0b6   "/bin/sh -c 'bash /tmp/cp-stage.sh && rm /tmp/cp-stage.sh'"                                                                                                                                                                                                                                                                                                                                                                                                                                                                                                                      2 days ago          Exited (1) 2 days ago                                                   funny_faraday
209ae225da0e655f53c344742e75da399aa027c0024dff8f026ac92c2e7f83dc   sha256:3547ba76e2fb056c5822edb12e8ab968e012450a318cdeade7a1fc4ee4842ec0   "/bin/sh -c 'bash /tmp/cp-stage.sh && rm /tmp/cp-stage.sh'"                                                                                                                                                                                                                                                                                                                                                                                                                                                                                                                      2 days ago          Exited (1) 2 days ago                                                   infallible_morse
c0bfc2fa5628923f0728f6c7780d15ed44475dd567bf5b2b18cdde8c8127fb0e   sha256:3547ba76e2fb056c5822edb12e8ab968e012450a318cdeade7a1fc4ee4842ec0   "/bin/sh -c 'bash /tmp/cp-stage.sh && rm /tmp/cp-stage.sh'"                                                                                                                                                                                                                                                                                                                                                                                                                                                                                                                      2 days ago          Exited (1) 2 days ago                                                   loving_fermat
e92cf80562a5df9c1f61564f12ef2ef129ef6b322b2bf4073edf7ac2a65c29e2   sha256:228f07ed361fd8b99463c520e5c43032dbb0dd4111330206201f1681ef3bd1be   "/bin/sh -c 'bash /tmp/cp-stage.sh && rm /tmp/cp-stage.sh'"                                                                                                                                                                                                                                                                                                                                                                                                                                                                                                                      2 days ago          Exited (1) 2 days ago                                                   sad_germain
ee72ef58670bb42fbbcee4fc153cb6c43437a15450b2fbaf6cf8e392ed0f02a2   sha256:4da894de03d7fe4d9efa7de7d1d0402ab54b51833b7de3bb0b9b57f120a7d292   "/bin/sh -c 'bash /tmp/cp-stage.sh && rm /tmp/cp-stage.sh'"                                                                                                                                                                                                                                                                                                                                                                                                                                                                                                                      2 days ago          Exited (1) 2 days ago                                                   peaceful_hermann
--- docker volume ls
DRIVER    VOLUME NAME
--- docker info
Client:
 Version:    29.1.3
 Context:    default
 Debug Mode: false
 Plugins:
  trust: Manage trust on Docker images (Docker Inc.)
    Version:  29.1.3
    Path:     /usr/libexec/docker/cli-plugins/docker-trust

Server:
 Containers: 10
  Running: 1
  Paused: 0
  Stopped: 9
 Images: 71
 Server Version: 29.1.3
 Storage Driver: overlayfs
  driver-type: io.containerd.snapshotter.v1
 Logging Driver: json-file
 Cgroup Driver: systemd
 Cgroup Version: 2
 Plugins:
  Volume: local
  Network: bridge host ipvlan macvlan null overlay
  Log: awslogs fluentd gcplogs gelf journald json-file local splunk syslog
 CDI spec directories:
  /etc/cdi
  /var/run/cdi
 Swarm: inactive
 Runtimes: runc io.containerd.runc.v2
 Default Runtime: runc
 Init Binary: docker-init
 containerd version: 
 runc version: 
 init version: 
 Security Options:
  apparmor
  seccomp
   Profile: builtin
  cgroupns
 Kernel Version: 7.0.0-31-generic
 Operating System: Ubuntu 26.04 LTS
 OSType: linux
 Architecture: x86_64
 CPUs: 32
 Total Memory: 123.6GiB
 Name: jobe
 ID: b62e814e-eeb0-4b0b-85e9-eec8b7ab66e5
 Docker Root Dir: /var/lib/docker
 Debug Mode: false
 Experimental: false
 Insecure Registries:
  ::1/128
  127.0.0.0/8
 Live Restore Enabled: false
 Firewall Backend: iptables

--- docker inspect qwen38-flash-next --format {{json .Config.Env}}
["TRANSFORMERS_OFFLINE=1","ENABLE_EXPERT_PARALLEL=true","PLE_CPU_OFFLOAD_GB=1.0","MODEL_ID=Intel/Qwen3.8-Flash-Next-W4A16-AutoRound","MAX_NUM_BATCHED_TOKENS=2048","GRAPH_MODE=eager","SYCL_CACHE_PERSISTENT=0","VLLM_KV_CACHE_LAYOUT=BLHNC","PYTHONFAULTHANDLER=1","VLLM_XPU_GDN_SERIAL_SPEC_DECODE=0","VLLM_SPU_GDN_SPEC_PERSISTENT_SCRATCH=1","VLLM_WEIGHT_OFFLOADING_DISABLE_PIN_MEMORY=0","TENSOR_PARALLEL_SIZE=4","VLLM_EXECUTE_MODEL_TIMEOUT_SECONDS=900","HF_HOME=/root/.cache/huggingface","MTP_NUM_SPECULATIVE_TOKENS=0","MAX_MODEL_LEN=4352","MAX_NUM_SEQS=16","VLLM_PLE_CPU_OFFLOAD=1","VLLM_XPU_PLE_UVA_PREFETCH=0","VLLM_USE_V2_MODEL_RUNNER=1","HF_HUB_OFFLINE=1","PORT=8021","VLLM_XPU_ENABLE_XPU_GRAPH=1","VLLM_XPU_GDN_NATIVE_SPEC_RECURRENT_SERIAL_EXACT=1","SERVED_MODEL_NAME=qwen3.8-flash-next","VLLM_XPU_QWEN4_EXP_HC_GROUPED_UP=0","VLLM_XPU_GDN_NATIVE_SPEC_COMPLETION_BARRIER=1","PATH=/opt/venv/bin:/usr/local/sbin:/usr/local/bin:/usr/sbin:/usr/bin:/sbin:/bin","DEVICE=xpu","TORCH_VERSION=2.11.0","TORCH_AUDIO_VERSION=2.11.0","TORCH_VISION_VERSION=0.26.0","http_proxy=http://proxy.iil.intel.com:911","https_proxy=http://proxy.iil.intel.com:911","no_proxy=intel.com,localhost,127.0.0.1","PIP_EXTRA_INDEX_URL=https://download.pytorch.org/whl/xpu","PIP_DISABLE_PIP_VERSION_CHECK=1","PIP_NO_CACHE_DIR=1","VLLM_QUANTIZE_Q40_LIB=/opt/venv/lib/python3.12/site-packages/vllm_int4_for_multi_arc.so","VLLM_OFFLOAD_WEIGHTS_BEFORE_QUANT=1","VLLM_ALLOW_LONG_MAX_MODEL_LEN=1","VLLM_WORKER_MULTIPROC_METHOD=spawn","KERNEL_STAGE=/opt/vllm-xpu-kernels/stage","VLLM_XPU_ENV_RECIPE=qwen38-flash-next-4xb70"]
--- docker inspect qwen38-flash-next --format {{json .HostConfig.Binds}} {{json .HostConfig.Devices}} {{json .HostConfig.GroupAdd}}
["/home/bonz/hf-int4:/root/.cache/huggingface","/home/bonz/fn-recipe-int4/.run:/.run"] [{"PathOnHost":"/dev/dri","PathInContainer":"/dev/dri","CgroupPermissions":"rwm"}] ["video","991"]
--- cat /etc/docker/daemon.json
cat: /etc/docker/daemon.json: No such file or directory
--- du -sh /data/hf /home/bonz/hf-int4 /home/bonz/xpu_artifacts /home/bonz/fn-recipe-int4
173G	/data/hf
169G	/home/bonz/hf-int4
99M	/home/bonz/xpu_artifacts
6.2M	/home/bonz/fn-recipe-int4
--- du -sh /data/hf /data/lost+found /data/stage-v24h2-rollback.tar.gz /data/swap
173G	/data/hf
16K	/data/lost+found
6.0G	/data/stage-v24h2-rollback.tar.gz
4.0K	/data/swap
--- df -h /data /
Filesystem                Size  Used Avail Use% Mounted on
/dev/nvme0n1p1            234G  179G   43G  81% /data
/dev/mapper/ssd--vg-root  913G  621G  247G  72% /
--- ip -br a
lo               UNKNOWN        127.0.0.1/8 ::1/128 
enp105s0f0np0    UP             192.168.100.197/24 metric 100 2601:14e:4100:293a::ce6/128 fd8c:e652:1285::ce6/128 2601:14e:4100:293a:56fb:66ff:fe00:a091/64 fd8c:e652:1285:0:56fb:66ff:fe00:a091/64 fe80::56fb:66ff:fe00:a091/64 
enp105s0f1np1    DOWN           
enxd2c1305408d7  UNKNOWN        fe80::d0c1:30ff:fe54:8d7/64 
tailscale0       UNKNOWN        100.122.128.100/32 fd7a:115c:a1e0::7234:8065/128 fe80::9011:962a:4e11:c067/64 
docker0          UP             172.17.0.1/16 fe80::9ce8:21ff:fee1:7471/64 
veth1dc106f@if2  UP             fe80::8cc5:d5ff:fe24:ad6c/64 
--- ip route
default via 192.168.100.1 dev enp105s0f0np0 proto dhcp src 192.168.100.197 metric 100 
8.8.8.8 via 192.168.100.1 dev enp105s0f0np0 proto dhcp src 192.168.100.197 metric 100 
172.17.0.0/16 dev docker0 proto kernel scope link src 172.17.0.1 
192.168.100.0/24 dev enp105s0f0np0 proto kernel scope link src 192.168.100.197 metric 100 
192.168.100.1 dev enp105s0f0np0 proto dhcp scope link src 192.168.100.197 metric 100 
192.168.100.2 dev enp105s0f0np0 proto dhcp scope link src 192.168.100.197 metric 100 
--- tailscale status
100.122.128.100  jobe                         bonz099@      linux    -                                                             
100.103.8.80     bonz-main1                   bonz099@      windows  -                                                             
100.125.85.5     litellm-1.taild24d30.ts.net  imryanpurdy@  linux    active; direct 139.68.231.187:38687, tx 72556276 rx 76741796  
100.73.196.53    tailscale                    bonz099@      linux    -                                                             
--- tailscale debug prefs
{
	"ControlURL": "https://controlplane.tailscale.com",
	"RouteAll": false,
	"ExitNodeID": "",
	"ExitNodeIP": "",
	"InternalExitNodePrior": "",
	"ExitNodeAllowLANAccess": false,
	"CorpDNS": true,
	"RunSSH": false,
	"RunWebClient": false,
	"WantRunning": true,
	"LoggedOut": false,
	"ShieldsUp": false,
	"AdvertiseTags": null,
	"Hostname": "",
	"NotepadURLs": false,
	"AdvertiseRoutes": null,
	"AdvertiseServices": null,
	"Sync": null,
	"NoSNAT": false,
	"NoStatefulFiltering": true,
	"NetfilterMode": 2,
	"AutoUpdate": {
		"Check": true,
		"Apply": true
	},
	"AppConnector": {
		"Advertise": false
	},
	"PostureChecking": false,
	"NetfilterKind": "",
	"RemoteConfig": false,
	"DriveShares": null,
	"Config": {
		"PrivateNodeKey": "privkey:0000000000000000000000000000000000000000000000000000000000000000",
		"OldPrivateNodeKey": "privkey:0000000000000000000000000000000000000000000000000000000000000000",
		"UserProfile": {
			"ID": 7430483004691293,
			"LoginName": "bonz099@gmail.com",
			"DisplayName": "Alex Menendez",
			"ProfilePicURL": "https://lh3.googleusercontent.com/a/ACg8ocJe24fPkwK6a1899XC1h5aVEMLIzEtcDJgYPJ3rjmAjF365Nql8=s96-c"
		},
		"NetworkLockKey": "nlpriv:00000000000000000000000000000000000000000000000000000000000000000000000000000000000000000000000000000000000000000000000000000000",
		"NodeID": "npsS2xqaKP11CNTRL"
	}
}
--- id
uid=1000(bonz) gid=1000(bonz) groups=1000(bonz),4(adm),24(cdrom),27(sudo),30(dip),44(video),46(plugdev),100(users),101(lxd),107(docker),991(render)
--- getent group sudo docker video render input
sudo:x:27:bonz
docker:x:107:bonz
video:x:44:bonz
render:x:991:bonz
input:x:995:
--- sudo grep -E ^bonz /etc/passwd
bonz:x:1000:1000:Bonz:/home/bonz:/bin/bash
--- sudo grep -rE sudo|ALL /etc/sudoers.d/
/etc/sudoers.d/bonz-nopasswd:bonz ALL=(ALL) NOPASSWD:ALL
/etc/sudoers.d/README:# The default /etc/sudoers file created on installation of the
/etc/sudoers.d/README:# sudo  package now includes the directive:
/etc/sudoers.d/README:# 	@includedir /etc/sudoers.d
/etc/sudoers.d/README:# This will cause sudo to read and parse any files in the /etc/sudoers.d 
/etc/sudoers.d/README:# Note also, that because sudoers contents can vary widely, no attempt is 
/etc/sudoers.d/README:# made to add this directive to existing sudoers files on upgrade.  Feel free
/etc/sudoers.d/README:# to add the above directive to the end of your /etc/sudoers file to enable 
/etc/sudoers.d/README:# Finally, please note that using the visudo command is the recommended way
/etc/sudoers.d/README:# to update sudoers content, since it protects against many failure modes.
/etc/sudoers.d/README:# See the man page for visudo and sudoers for more information.
--- sudo -n true
--- sudo sshd -T
port 22
addressfamily any
listenaddress [::]:22
listenaddress 0.0.0.0:22
usepam yes
pamservicename sshd
logingracetime 120
x11displayoffset 10
maxauthtries 6
maxsessions 10
clientaliveinterval 0
clientalivecountmax 3
requiredrsasize 1024
streamlocalbindmask 0177
unusedconnectiontimeout none
permitrootlogin prohibit-password
ignorerhosts yes
ignoreuserknownhosts no
hostbasedauthentication no
hostbasedusesnamefrompacketonly no
pubkeyauthentication yes
kerberosauthentication no
kerberosorlocalpasswd yes
kerberosticketcleanup yes
gssapiauthentication no
gssapicleanupcredentials yes
gssapistrictacceptorcheck yes
gssapikeyexchange no
gssapistorecredentialsonrekey no
gssapikexalgorithms gss-group14-sha256-,gss-group16-sha512-,gss-nistp256-sha256-,gss-curve25519-sha256-
passwordauthentication yes
kbdinteractiveauthentication no
printmotd no
printlastlog yes
x11forwarding yes
x11uselocalhost yes
permittty yes
permituserrc yes
strictmodes yes
tcpkeepalive yes
permitemptypasswords no
compression yes
gatewayports no
usedns no
allowtcpforwarding yes
allowagentforwarding yes
disableforwarding no
allowstreamlocalforwarding yes
streamlocalbindunlink no
fingerprinthash SHA256
exposeauthinfo no
refuseconnection no
debianbanner yes
pidfile /run/sshd.pid
modulifile /etc/ssh/moduli
xauthlocation /usr/bin/xauth
ciphers chacha20-poly1305@openssh.com,aes128-gcm@openssh.com,aes256-gcm@openssh.com,aes128-ctr,aes192-ctr,aes256-ctr
macs umac-64-etm@openssh.com,umac-128-etm@openssh.com,hmac-sha2-256-etm@openssh.com,hmac-sha2-512-etm@openssh.com,hmac-sha1-etm@openssh.com,umac-64@openssh.com,umac-128@openssh.com,hmac-sha2-256,hmac-sha2-512,hmac-sha1
banner none
forcecommand none
chrootdirectory none
trustedusercakeys none
revokedkeys none
securitykeyprovider internal
authorizedprincipalsfile none
versionaddendum none
authorizedkeyscommand none
authorizedkeyscommanduser none
authorizedprincipalscommand none
authorizedprincipalscommanduser none
hostkeyagent none
kexalgorithms mlkem768x25519-sha256,sntrup761x25519-sha512,sntrup761x25519-sha512@openssh.com,curve25519-sha256,curve25519-sha256@libssh.org,ecdh-sha2-nistp256,ecdh-sha2-nistp384,ecdh-sha2-nistp521
casignaturealgorithms ssh-ed25519,ecdsa-sha2-nistp256,ecdsa-sha2-nistp384,ecdsa-sha2-nistp521,sk-ssh-ed25519@openssh.com,sk-ecdsa-sha2-nistp256@openssh.com,rsa-sha2-512,rsa-sha2-256
hostbasedacceptedalgorithms ssh-ed25519-cert-v01@openssh.com,ecdsa-sha2-nistp256-cert-v01@openssh.com,ecdsa-sha2-nistp384-cert-v01@openssh.com,ecdsa-sha2-nistp521-cert-v01@openssh.com,sk-ssh-ed25519-cert-v01@openssh.com,sk-ecdsa-sha2-nistp256-cert-v01@openssh.com,rsa-sha2-512-cert-v01@openssh.com,rsa-sha2-256-cert-v01@openssh.com,ssh-ed25519,ecdsa-sha2-nistp256,ecdsa-sha2-nistp384,ecdsa-sha2-nistp521,sk-ssh-ed25519@openssh.com,sk-ecdsa-sha2-nistp256@openssh.com,rsa-sha2-512,rsa-sha2-256
hostkeyalgorithms ssh-ed25519-cert-v01@openssh.com,ecdsa-sha2-nistp256-cert-v01@openssh.com,ecdsa-sha2-nistp384-cert-v01@openssh.com,ecdsa-sha2-nistp521-cert-v01@openssh.com,sk-ssh-ed25519-cert-v01@openssh.com,sk-ecdsa-sha2-nistp256-cert-v01@openssh.com,rsa-sha2-512-cert-v01@openssh.com,rsa-sha2-256-cert-v01@openssh.com,ssh-ed25519,ecdsa-sha2-nistp256,ecdsa-sha2-nistp384,ecdsa-sha2-nistp521,sk-ssh-ed25519@openssh.com,sk-ecdsa-sha2-nistp256@openssh.com,rsa-sha2-512,rsa-sha2-256
pubkeyacceptedalgorithms ssh-ed25519-cert-v01@openssh.com,ecdsa-sha2-nistp256-cert-v01@openssh.com,ecdsa-sha2-nistp384-cert-v01@openssh.com,ecdsa-sha2-nistp521-cert-v01@openssh.com,sk-ssh-ed25519-cert-v01@openssh.com,sk-ecdsa-sha2-nistp256-cert-v01@openssh.com,rsa-sha2-512-cert-v01@openssh.com,rsa-sha2-256-cert-v01@openssh.com,ssh-ed25519,ecdsa-sha2-nistp256,ecdsa-sha2-nistp384,ecdsa-sha2-nistp521,sk-ssh-ed25519@openssh.com,sk-ecdsa-sha2-nistp256@openssh.com,rsa-sha2-512,rsa-sha2-256
sshdsessionpath /usr/lib/openssh/sshd-session
sshdauthpath /usr/lib/openssh/sshd-auth
persourcepenaltyexemptlist none
loglevel INFO
syslogfacility AUTH
authorizedkeysfile .ssh/authorized_keys .ssh/authorized_keys2
hostkey /etc/ssh/ssh_host_rsa_key
hostkey /etc/ssh/ssh_host_ecdsa_key
hostkey /etc/ssh/ssh_host_ed25519_key
acceptenv LANG
acceptenv LC_*
acceptenv COLORTERM
acceptenv NO_COLOR
authenticationmethods any
channeltimeout none
subsystem sftp /usr/lib/openssh/sftp-server
maxstartups 10:30:100
persourcemaxstartups none
persourcenetblocksize 32:128
permittunnel no
ipqos ef cs0
rekeylimit 0 0
permitopen any
permitlisten any
permituserenvironment no
pubkeyauthoptions none
persourcepenalties crash:90 authfail:5 noauth:1 grace-exceeded:10 refuseconnection:10 max:600 min:15 max-sources4:65536 max-sources6:65536 overflow:permissive overflow6:permissive
--- crontab -l
no crontab for bonz
--- sudo crontab -l
no crontab for root
--- sudo systemctl list-unit-files --state=enabled --no-pager
UNIT FILE                              STATE   PRESET
apport-autoreport.path                 enabled enabled
tpm-udev.path                          enabled enabled
apparmor.service                       enabled enabled
apport.service                         enabled enabled
blk-availability.service               enabled enabled
chrony.service                         enabled enabled
cloud-config.service                   enabled enabled
cloud-final.service                    enabled enabled
cloud-init-local.service               enabled enabled
cloud-init-main.service                enabled enabled
cloud-init-network.service             enabled enabled
console-setup.service                  enabled enabled
containerd.service                     enabled enabled
cron.service                           enabled enabled
dmesg.service                          enabled enabled
docker.service                         enabled enabled
e2scrub_reap.service                   enabled enabled
finalrd.service                        enabled enabled
getty@.service                         enabled enabled
gpu-manager.service                    enabled enabled
grub-initrd-fallback.service           enabled enabled
grub2-common.service                   enabled enabled
kdump-tools.service                    enabled enabled
keyboard-setup.service                 enabled enabled
lm-sensors.service                     enabled enabled
lvm2-monitor.service                   enabled enabled
ModemManager.service                   enabled enabled
multipathd.service                     enabled enabled
netplan-configure.service              enabled enabled
networkd-dispatcher.service            enabled enabled
open-iscsi.service                     enabled enabled
open-vm-tools.service                  enabled enabled
pollinate.service                      enabled enabled
rsyslog.service                        enabled enabled
secureboot-db.service                  enabled enabled
setvtrgb.service                       enabled enabled
snapd.apparmor.service                 enabled enabled
snapd.autoimport.service               enabled enabled
snapd.core-fixup.service               enabled enabled
snapd.recovery-chooser-trigger.service enabled enabled
snapd.seeded.service                   enabled enabled
snapd.service                          enabled enabled
snapd.system-shutdown.service          enabled enabled
sshd-keygen.service                    enabled enabled
sysstat.service                        enabled enabled
systemd-networkd-wait-online.service   enabled enabled
systemd-networkd.service               enabled enabled
systemd-pstore.service                 enabled enabled
systemd-resolved.service               enabled enabled
tailscaled.service                     enabled enabled
thermald.service                       enabled enabled
ua-reboot-cmds.service                 enabled enabled
ubuntu-advantage.service               enabled enabled
ubuntu-fan.service                     enabled enabled
udisks2.service                        enabled enabled
ufw.service                            enabled enabled
unattended-upgrades.service            enabled enabled
vgauth.service                         enabled enabled
system-xfs_scrub.slice                 enabled enabled
apport-forward.socket                  enabled enabled
cloud-init-hotplugd.socket             enabled enabled
dm-event.socket                        enabled enabled
docker.socket                          enabled enabled
iscsid.socket                          enabled enabled
lvm2-lvmpolld.socket                   enabled enabled
lxd-installer.socket                   enabled enabled
polkit-agent-helper.socket             enabled enabled
snapd.socket                           enabled enabled
ssh.socket                             enabled enabled
systemd-networkd.socket                enabled enabled
systemd-resolved-monitor.socket        enabled enabled
systemd-resolved-varlink.socket        enabled enabled
uuidd.socket                           enabled enabled
remote-fs.target                       enabled enabled
apport-autoreport.timer                enabled enabled
apt-daily-upgrade.timer                enabled enabled
apt-daily.timer                        enabled enabled
dpkg-db-backup.timer                   enabled enabled
e2scrub_all.timer                      enabled enabled
fstrim.timer                           enabled enabled
fwupd-refresh.timer                    enabled enabled
logrotate.timer                        enabled enabled
man-db.timer                           enabled enabled
mdcheck_continue.timer                 enabled enabled
mdcheck_start.timer                    enabled enabled
mdmonitor-oneshot.timer                enabled enabled
motd-news.timer                        enabled enabled
snapd.snap-repair.timer                enabled enabled
sysstat-collect.timer                  enabled enabled
sysstat-rotate.timer                   enabled enabled
sysstat-summary.timer                  enabled enabled
ua-timer.timer                         enabled enabled
update-notifier-download.timer         enabled enabled
update-notifier-motd.timer             enabled enabled
xfs_scrub_all.timer                    enabled enabled

95 unit files listed.
--- sudo systemctl list-units --type=service --state=running --no-pager
  UNIT                        LOAD   ACTIVE SUB     DESCRIPTION
  chrony.service              loaded active running chrony, an NTP client/server
  containerd.service          loaded active running containerd container runtime
  cron.service                loaded active running Regular background program processing daemon
  dbus.service                loaded active running D-Bus System Message Bus
  docker.service              loaded active running Docker Application Container Engine
  fwupd.service               loaded active running Firmware update daemon
  getty@tty1.service          loaded active running Getty on tty1
  ModemManager.service        loaded active running Modem Manager
  multipathd.service          loaded active running Device-Mapper Multipath Device Controller
  networkd-dispatcher.service loaded active running Dispatcher daemon for systemd-networkd
  polkit.service              loaded active running Authorization Manager
  rsyslog.service             loaded active running System Logging Service
  ssh.service                 loaded active running OpenBSD Secure Shell server
  systemd-journald.service    loaded active running Journal Service
  systemd-logind.service      loaded active running User Login Management
  systemd-networkd.service    loaded active running Network Management
  systemd-resolved.service    loaded active running Network Name Resolution
  systemd-udevd.service       loaded active running Rule-based Manager for Device Events and Files
  tailscaled.service          loaded active running Tailscale node agent
  udisks2.service             loaded active running Disk Manager
  unattended-upgrades.service loaded active running Unattended Upgrades Shutdown
  upower.service              loaded active running Daemon for power management
  user@1000.service           loaded active running User Manager for UID 1000

Legend: LOAD   → Reflects whether the unit definition was properly loaded.
        ACTIVE → The high-level unit activation state, i.e. generalization of SUB.
        SUB    → The low-level unit activation state, values depend on unit type.

23 loaded units listed.
--- ls /etc/modules-load.d/
modules.conf
--- cat /etc/modules-load.d/modules.conf
# /etc/modules is obsolete and has been replaced by /etc/modules-load.d/.
# Please see modules-load.d(5) and modprobe.d(5) for details.
#
# Updating this file still works, but it is undocumented and unsupported.
--- ls /etc/udev/rules.d/
ubuntu--vg-ubuntu--lv.rules
--- cat /etc/udev/rules.d/*dri* /etc/udev/rules.d/*render*
cat: '/etc/udev/rules.d/*dri*': No such file or directory
cat: '/etc/udev/rules.d/*render*': No such file or directory
--- ls /etc/sysctl.d/ /etc/security/limits.d/
/etc/security/limits.d/:
10-coredump-debian.conf

/etc/sysctl.d/:
90-b70top-perf.conf
README.sysctl
--- cat /etc/sysctl.d/90-b70top-perf.conf /etc/sysctl.d/README.sysctl /etc/security/limits.d/10-coredump-debian.conf
kernel.perf_event_paranoid=1
Files located in this directory can set kernel parameters using the
sysctl(8) or systemd-sysctl(8) tool which is typically run with a
unit/init file started during the boot sequence.

For details regarding the configuration files refer to
sysctl.d(5) or sysctl.conf(5)
*               soft    core            0
root            soft    core            0
*               hard    core            infinity
root            hard    core            infinity
--- sudo ufw status
Status: inactive
--- sudo iptables-save
# Generated by iptables-save v1.8.11 (nf_tables) on Sun Sep 20 00:30:38 2026
*mangle
:PREROUTING ACCEPT [645715:176634413]
:INPUT ACCEPT [0:0]
:FORWARD ACCEPT [0:0]
:OUTPUT ACCEPT [568821:163034667]
:POSTROUTING ACCEPT [0:0]
-A PREROUTING -m conntrack --ctstate RELATED,ESTABLISHED -m connmark ! --mark 0x0/0xff0000 -j CONNMARK --restore-mark --nfmask 0xff0000 --ctmask 0xff0000
-A OUTPUT -m conntrack --ctstate NEW -m mark ! --mark 0x0/0xff0000 -j CONNMARK --save-mark --nfmask 0xff0000 --ctmask 0xff0000
COMMIT
# Completed on Sun Sep 20 00:30:38 2026
# Generated by iptables-save v1.8.11 (nf_tables) on Sun Sep 20 00:30:38 2026
*raw
:PREROUTING ACCEPT [644561:176408422]
:OUTPUT ACCEPT [0:0]
-A PREROUTING -d 172.17.0.2/32 ! -i docker0 -j DROP
COMMIT
# Completed on Sun Sep 20 00:30:38 2026
# Generated by iptables-save v1.8.11 (nf_tables) on Sun Sep 20 00:30:38 2026
*filter
:INPUT ACCEPT [59414:21166619]
:FORWARD DROP [0:0]
:OUTPUT ACCEPT [0:0]
:DOCKER - [0:0]
:DOCKER-BRIDGE - [0:0]
:DOCKER-CT - [0:0]
:DOCKER-FORWARD - [0:0]
:DOCKER-INTERNAL - [0:0]
:DOCKER-USER - [0:0]
:ts-forward - [0:0]
:ts-input - [0:0]
-A INPUT -j ts-input
-A FORWARD -j DOCKER-USER
-A FORWARD -j DOCKER-FORWARD
-A FORWARD -j ts-forward
-A DOCKER -d 172.17.0.2/32 ! -i docker0 -o docker0 -p tcp -m tcp --dport 8021 -j ACCEPT
-A DOCKER ! -i docker0 -o docker0 -j DROP
-A DOCKER-BRIDGE -o docker0 -j DOCKER
-A DOCKER-CT -o docker0 -m conntrack --ctstate RELATED,ESTABLISHED -j ACCEPT
-A DOCKER-FORWARD -j DOCKER-CT
-A DOCKER-FORWARD -j DOCKER-INTERNAL
-A DOCKER-FORWARD -j DOCKER-BRIDGE
-A DOCKER-FORWARD -i docker0 -j ACCEPT
-A ts-forward -i tailscale0 -j MARK --set-xmark 0x40000/0xff0000
-A ts-forward -m mark --mark 0x40000/0xff0000 -j ACCEPT
-A ts-forward -s 100.64.0.0/10 -o tailscale0 -j DROP
-A ts-forward -o tailscale0 -j ACCEPT
-A ts-input -s 100.122.128.100/32 -i lo -j ACCEPT
-A ts-input -i tailscale0 -j ACCEPT
-A ts-input -p udp -m udp --dport 41641 -j ACCEPT
-A ts-input -s 100.115.92.0/23 ! -i tailscale0 -j RETURN
-A ts-input -s 100.64.0.0/10 ! -i tailscale0 -j DROP
COMMIT
# Completed on Sun Sep 20 00:30:38 2026
# Generated by iptables-save v1.8.11 (nf_tables) on Sun Sep 20 00:30:38 2026
*nat
:PREROUTING ACCEPT [44720:8075945]
:INPUT ACCEPT [0:0]
:OUTPUT ACCEPT [9348:827109]
:POSTROUTING ACCEPT [9144:796187]
:DOCKER - [0:0]
:ts-postrouting - [0:0]
-A PREROUTING -m addrtype --dst-type LOCAL -j DOCKER
-A OUTPUT ! -d 127.0.0.0/8 -m addrtype --dst-type LOCAL -j DOCKER
-A POSTROUTING -s 172.17.0.0/16 ! -o docker0 -j MASQUERADE
-A POSTROUTING -j ts-postrouting
-A DOCKER ! -i docker0 -p tcp -m tcp --dport 8021 -j DNAT --to-destination 172.17.0.2:8021
-A ts-postrouting -m mark --mark 0x40000/0xff0000 -j MASQUERADE
COMMIT
# Completed on Sun Sep 20 00:30:38 2026
--- sudo nft list ruleset
# Warning: table ip filter is managed by iptables-nft, do not touch!
table ip filter {
	chain ts-input {
		ip saddr 100.122.128.100 iifname "lo" counter packets 0 bytes 0 accept
		iifname "tailscale0" counter packets 275856 bytes 66068512 accept
		udp dport 41641 counter packets 310094 bytes 89287620 accept
		ip saddr 100.115.92.0/23 iifname != "tailscale0" counter packets 0 bytes 0 return
		ip saddr 100.64.0.0/10 iifname != "tailscale0" counter packets 0 bytes 0 drop
	}

	chain ts-forward {
		iifname "tailscale0" counter packets 0 bytes 0 meta mark set mark and 0xff00ffff xor 0x40000
		meta mark & 0x00ff0000 == 0x00040000 counter packets 0 bytes 0 accept
		ip saddr 100.64.0.0/10 oifname "tailscale0" counter packets 0 bytes 0 drop
		oifname "tailscale0" counter packets 0 bytes 0 accept
	}

	chain INPUT {
		type filter hook input priority filter; policy accept;
		counter packets 645364 bytes 176522751 jump ts-input
	}

	chain FORWARD {
		type filter hook forward priority filter; policy drop;
		counter packets 366 bytes 112562 jump DOCKER-USER
		counter packets 366 bytes 112562 jump DOCKER-FORWARD
		counter packets 0 bytes 0 jump ts-forward
	}

	chain DOCKER {
		ip daddr 172.17.0.2 iifname != "docker0" oifname "docker0" tcp dport 8021 counter packets 2 bytes 120 accept
		iifname != "docker0" oifname "docker0" counter packets 0 bytes 0 drop
	}

	chain DOCKER-FORWARD {
		counter packets 366 bytes 112562 jump DOCKER-CT
		counter packets 184 bytes 13779 jump DOCKER-INTERNAL
		counter packets 184 bytes 13779 jump DOCKER-BRIDGE
		iifname "docker0" counter packets 182 bytes 13659 accept
	}

	chain DOCKER-BRIDGE {
		oifname "docker0" counter packets 2 bytes 120 jump DOCKER
	}

	chain DOCKER-CT {
		oifname "docker0" ct state related,established counter packets 182 bytes 98783 accept
	}

	chain DOCKER-INTERNAL {
	}

	chain DOCKER-USER {
	}
}
# Warning: table ip nat is managed by iptables-nft, do not touch!
table ip nat {
	chain ts-postrouting {
		meta mark & 0x00ff0000 == 0x00040000 counter packets 0 bytes 0 masquerade
	}

	chain POSTROUTING {
		type nat hook postrouting priority srcnat; policy accept;
		ip saddr 172.17.0.0/16 oifname != "docker0" counter packets 364 bytes 50024 masquerade
		counter packets 9144 bytes 796187 jump ts-postrouting
	}

	chain DOCKER {
		iifname != "docker0" tcp dport 8021 counter packets 2 bytes 120 dnat to 172.17.0.2:8021
	}

	chain PREROUTING {
		type nat hook prerouting priority dstnat; policy accept;
		fib daddr type local counter packets 39389 bytes 7609392 jump DOCKER
	}

	chain OUTPUT {
		type nat hook output priority dstnat; policy accept;
		ip daddr != 127.0.0.0/8 fib daddr type local counter packets 296 bytes 44992 jump DOCKER
	}
}
# Warning: table ip6 filter is managed by iptables-nft, do not touch!
table ip6 filter {
	chain ts-input {
		ip6 saddr fd7a:115c:a1e0::7234:8065 iifname "lo" counter packets 0 bytes 0 accept
		iifname "tailscale0" counter packets 0 bytes 0 accept
		udp dport 41641 counter packets 4527 bytes 416484 accept
	}

	chain ts-forward {
		iifname "tailscale0" counter packets 0 bytes 0 meta mark set mark and 0xff00ffff xor 0x40000
		meta mark & 0x00ff0000 == 0x00040000 counter packets 0 bytes 0 accept
		oifname "tailscale0" counter packets 0 bytes 0 accept
	}

	chain INPUT {
		type filter hook input priority filter; policy accept;
		counter packets 16278 bytes 6650746 jump ts-input
	}

	chain FORWARD {
		type filter hook forward priority filter; policy accept;
		counter packets 0 bytes 0 jump DOCKER-USER
		counter packets 0 bytes 0 jump DOCKER-FORWARD
		counter packets 0 bytes 0 jump ts-forward
	}

	chain DOCKER {
	}

	chain DOCKER-FORWARD {
		counter packets 0 bytes 0 jump DOCKER-CT
		counter packets 0 bytes 0 jump DOCKER-INTERNAL
		counter packets 0 bytes 0 jump DOCKER-BRIDGE
	}

	chain DOCKER-BRIDGE {
	}

	chain DOCKER-CT {
	}

	chain DOCKER-INTERNAL {
	}

	chain DOCKER-USER {
	}
}
# Warning: table ip6 nat is managed by iptables-nft, do not touch!
table ip6 nat {
	chain ts-postrouting {
		meta mark & 0x00ff0000 == 0x00040000 counter packets 0 bytes 0 # Warning: XT target MASQUERADE not found
xt target "MASQUERADE"
	}

	chain POSTROUTING {
		type nat hook postrouting priority srcnat; policy accept;
		counter packets 3793 bytes 327242 jump ts-postrouting
	}

	chain DOCKER {
	}

	chain PREROUTING {
		type nat hook prerouting priority dstnat; policy accept;
		fib daddr type local counter packets 14 bytes 3206 jump DOCKER
	}

	chain OUTPUT {
		type nat hook output priority dstnat; policy accept;
		ip6 daddr != ::1 fib daddr type local counter packets 0 bytes 0 jump DOCKER
	}
}
# Warning: table ip mangle is managed by iptables-nft, do not touch!
table ip mangle {
	chain PREROUTING {
		type filter hook prerouting priority mangle; policy accept;
		ct state related,established ct mark and 0xff0000 != 0x0 counter packets 318045 bytes 90087579 meta mark set ct mark and 0xff0000
	}

	chain OUTPUT {
		type route hook output priority mangle; policy accept;
		ct state new meta mark & 0x00ff0000 != 0x00000000 counter packets 10432 bytes 962708 ct mark set mark and 0xff0000
	}
}
# Warning: table ip6 mangle is managed by iptables-nft, do not touch!
table ip6 mangle {
	chain PREROUTING {
		type filter hook prerouting priority mangle; policy accept;
		ct state related,established ct mark and 0xff0000 != 0x0 counter packets 6714 bytes 1029323 meta mark set ct mark and 0xff0000
	}

	chain OUTPUT {
		type route hook output priority mangle; policy accept;
		ct state new meta mark & 0x00ff0000 != 0x00000000 counter packets 2882 bytes 253104 ct mark set mark and 0xff0000
	}
}
table ip raw {
	chain PREROUTING {
		type filter hook prerouting priority raw; policy accept;
		ip daddr 172.17.0.2 iifname != "docker0" counter packets 0 bytes 0 drop
	}
}
--- cat /etc/fstab
# migrated NVMe->sda SSD 2026-09-14 (Flash-Next phase 3)
UUID=72bfbf26-bbd7-4bf5-9f17-3bae487ddb71 / ext4 defaults,noatime 0 1
UUID=25094d26-b9fc-48df-b94b-391ec2d71260 /boot ext4 defaults 0 2
UUID=5D24-B9A8 /boot/efi vfat defaults 0 1
/swapfile none swap sw 0 0
UUID=a87f17fd-bba7-4970-a797-7916f19bd50d /data ext4 defaults,noatime 0 2
--- cat /etc/apt/sources.list.d/tailscale.list
# Tailscale packages for ubuntu resolute
deb [signed-by=/usr/share/keyrings/tailscale-archive-keyring.gpg] https://pkgs.tailscale.com/stable/ubuntu resolute main
--- python3 -V
Python 3.14.4
--- sudo dpkg -l
┌── Desired=Unknown/Install/Remove/Purge/Hold
│┌─ Status=Not/Inst/Conf-files/Unpacked/halF-conf/Half-inst/trig-aWait/Trig-pend
││┌ Err?=(none)/Reinst-required (Status,Err: uppercase=bad)
│││ Name                                    Version                                    Architecture Description
├┼┼─═══════════════════════════════════════─══════════════════════════════════════════─════════════─════════════════════════════════════════════════════════════════════════════════
ii  3cpio                                   0.14.0-1ubuntu1                            amd64        Manage initrd cpio archives
ii  acl                                     2.3.2-2                                    amd64        access control list - utilities
ii  adduser                                 3.153ubuntu1                               all          add and remove users and groups
ii  amd64-microcode                         3.20251202.1ubuntu2                        amd64        Platform firmware and microcode for AMD CPUs and SoCs
ii  apparmor                                5.0.0~beta1-0ubuntu7                       amd64        user-space parser utility for AppArmor
ii  apport                                  2.34.0-0ubuntu2                            all          automatically generate crash reports for debugging
ii  apport-core-dump-handler                2.34.0-0ubuntu2                            all          Kernel core dump handler for Apport
ii  apport-symptoms                         0.25build1                                 all          symptom scripts for apport
ii  appstream                               1.1.2-1                                    amd64        Software component metadata management
ii  apt                                     3.2.0                                      amd64        commandline package manager
ii  base-files                              14ubuntu6                                  amd64        Debian base system miscellaneous files
ii  base-passwd                             3.6.8                                      amd64        Debian base system master password and group files
ii  bash                                    5.3-2ubuntu1                               amd64        GNU Bourne Again SHell
ii  bash-completion                         1:2.16.0-8build1                           all          programmable completion for the bash shell
ii  bashtop                                 0.9.25-1build1                             all          Resource monitor that shows usage and stats
ii  bc                                      1.07.1-4build1                             amd64        GNU bc arbitrary precision calculator language
ii  bcache-tools                            1.0.8-5ubuntu1                             amd64        bcache userspace tools
ii  bind9-dnsutils                          1:9.20.24-1ubuntu0.3                       amd64        Clients provided with BIND 9
ii  bind9-host                              1:9.20.24-1ubuntu0.3                       amd64        DNS Lookup Utility
ii  bind9-libs:amd64                        1:9.20.24-1ubuntu0.3                       amd64        Shared Libraries used by BIND 9
ii  binutils                                2.46-3ubuntu2                              amd64        GNU assembler, linker and binary utilities
ii  binutils-common:amd64                   2.46-3ubuntu2                              amd64        Common files for the GNU assembler, linker and binary utilities
ii  binutils-x86-64-linux-gnu               2.46-3ubuntu2                              amd64        GNU binary utilities, for x86-64-linux-gnu target
ii  bolt                                    0.9.10-1                                   amd64        system daemon to manage thunderbolt 3 devices
ii  bpfcc-tools                             0.35.0+ds-1ubuntu2                         all          tools for BPF Compiler Collection (BCC)
ii  bpftool                                 7.7.0+7.0.0-31.31                          amd64        Inspection and simple manipulation of BPF programs and maps
ii  bpftrace                                0.25.0-1ubuntu1                            amd64        high-level tracing language for Linux eBPF
ii  bridge-utils                            1.7.1-4ubuntu3                             amd64        Utilities for configuring the Linux Ethernet bridge
ii  bsdextrautils                           2.41.3-3ubuntu2.2                          amd64        extra utilities from 4.4BSD-Lite
ii  bsdutils                                1:2.41.3-3ubuntu2.2                        amd64        basic utilities from 4.4BSD-Lite
ii  btrfs-progs                             6.17.1-1build1                             amd64        Checksumming Copy on Write Filesystem utilities
ii  build-essential                         12.12ubuntu2.26.04.2                       amd64        Informational list of build-essential packages
ii  busybox-initramfs                       1:1.37.0-7ubuntu1                          amd64        Standalone shell setup for initramfs
ii  busybox-static                          1:1.37.0-7ubuntu1                          amd64        Standalone rescue shell with tons of builtin utilities
ii  bzip2                                   1.0.8-6ubuntu0.1                           amd64        high-quality block-sorting file compressor - utilities
ii  ca-certificates                         20260601~26.04.1                           all          Common CA certificates
ii  chrony                                  4.8-2ubuntu1                               amd64        Versatile implementation of the Network Time Protocol
ii  clinfo                                  3.0.25.02.14-1build1                       amd64        Query OpenCL system information
ii  cloud-guest-utils                       0.33-1build1                               all          cloud guest utilities
ii  cloud-init                              26.1-0ubuntu2                              all          initialization and customization tool for cloud instances
ii  cloud-init-base                         26.1-0ubuntu2                              all          initialization and customization tool for cloud instances
ii  cloud-initramfs-copymods                0.58ubuntu                                 all          copy initramfs modules into root filesystem for later use
ii  cloud-initramfs-dyn-netconf             0.58ubuntu                                 all          write a network interface file in /run for BOOTIF
ii  command-not-found                       23.04.0build1                              all          Suggest installation of packages in interactive bash sessions
ii  console-setup                           1.237ubuntu3                               all          console font and keymap setup program
ii  console-setup-linux                     1.237ubuntu3                               all          Linux specific part of console-setup
ii  containerd                              2.2.2-0ubuntu1.1                           amd64        daemon to control runC
ii  coreutils                               9.5-1ubuntu2+0.0.0~ubuntu25                all          coreutils meta package
ii  coreutils-from-uutils                   0.0.0~ubuntu25                             all          coreutils from the uutils project
ii  cpio                                    2.15+dfsg-2.1ubuntu0.1                     amd64        GNU cpio -- a program to manage archives of files
ii  cpp                                     4:15.2.0-5ubuntu1                          amd64        GNU C preprocessor (cpp)
ii  cpp-15                                  15.2.0-16ubuntu1                           amd64        GNU C preprocessor
ii  cpp-15-x86-64-linux-gnu                 15.2.0-16ubuntu1                           amd64        GNU C preprocessor for x86_64-linux-gnu
ii  cpp-x86-64-linux-gnu                    4:15.2.0-5ubuntu1                          amd64        GNU C preprocessor (cpp) for the amd64 architecture
ii  crash                                   9.0.1+~16.3-1ubuntu1                       amd64        kernel debugging utility, allowing gdb like syntax
ii  cron                                    3.0pl1-200ubuntu1                          amd64        process scheduling daemon
ii  cron-daemon-common                      3.0pl1-200ubuntu1                          all          process scheduling daemon's configuration files
ii  cryptsetup                              2:2.8.4-1ubuntu4                           amd64        disk encryption support - startup scripts
ii  cryptsetup-bin                          2:2.8.4-1ubuntu4                           amd64        disk encryption support - command line tools
ii  curl                                    8.18.0-1ubuntu2.5                          amd64        command line tool for transferring data with URL syntax
ii  dash                                    0.5.12-12ubuntu3                           amd64        POSIX-compliant shell
ii  dbus                                    1.16.2-2ubuntu4                            amd64        simple interprocess messaging system (system message bus)
ii  dbus-bin                                1.16.2-2ubuntu4                            amd64        simple interprocess messaging system (command line utilities)
ii  dbus-daemon                             1.16.2-2ubuntu4                            amd64        simple interprocess messaging system (reference message bus)
ii  dbus-session-bus-common                 1.16.2-2ubuntu4                            all          simple interprocess messaging system (session bus configuration)
ii  dbus-system-bus-common                  1.16.2-2ubuntu4                            all          simple interprocess messaging system (system bus configuration)
ii  dbus-user-session                       1.16.2-2ubuntu4                            amd64        simple interprocess messaging system (systemd --user integration)
ii  debconf                                 1.5.92                                     all          Debian configuration management system
ii  debconf-i18n                            1.5.92                                     all          full internationalization support for debconf
ii  debianutils                             5.23.2build1                               amd64        Miscellaneous utilities specific to Debian
ii  dhcpcd-base                             1:10.3.0-7                                 amd64        DHCPv4 and DHCPv6 dual-stack client (binaries and exit hooks)
ii  diffutils                               1:3.12-1ubuntu0.1                          amd64        File comparison utilities
ii  dirmngr                                 2.4.8-4ubuntu3.1                           amd64        GNU privacy guard - network certificate management service
ii  distro-info                             1.15                                       amd64        provides information about the distributions' releases
ii  distro-info-data                        0.72-0ubuntu0.26.04.1                      all          information about the distributions' releases (data files)
ii  dmeventd                                2:1.02.205-2ubuntu3                        amd64        Linux Kernel Device Mapper event daemon
ii  dmidecode                               3.6-2build1                                amd64        SMBIOS/DMI table decoder
ii  dmsetup                                 2:1.02.205-2ubuntu3                        amd64        Linux Kernel Device Mapper userspace library
ii  dns-root-data                           2025080400build1                           all          DNS root hints and DNSSEC trust anchor
ii  dnsmasq-base                            2.92-1ubuntu0.4                            amd64        Small caching DNS proxy and DHCP/TFTP server - executable
ii  docker.io                               29.1.3-0ubuntu4.1                          amd64        Linux container runtime
ii  dosfstools                              4.2-1.2build1                              amd64        utilities for making and checking MS-DOS FAT filesystems
ii  dpkg                                    1.23.7ubuntu1                              amd64        Debian package management system
ii  dpkg-dev                                1.23.7ubuntu1                              all          Debian package development tools
ii  dracut                                  110-11ubuntu0.1                            all          Initramfs generator using udev
ii  dracut-core                             110-11ubuntu0.1                            amd64        dracut is an event driven initramfs infrastructure (core tools)
ii  dracut-install                          110-11ubuntu0.1                            amd64        dracut is an event driven initramfs infrastructure (dracut-install)
ii  dracut-network                          110-11ubuntu0.1                            all          dracut is an event driven initramfs infrastructure (network modules)
ii  e2fsprogs                               1.47.2-3ubuntu4                            amd64        ext2/ext3/ext4 file system utilities
ii  eatmydata                               131-2build1                                all          Library and utilities designed to disable fsync and friends
ii  ed                                      1.22.4-1                                   amd64        classic UNIX line editor
ii  efibootmgr                              18-4ubuntu1                                amd64        Interact with the EFI Boot Manager
ii  eject                                   2.41.3-3ubuntu2.2                          amd64        ejects CDs and operates CD-Changers under Linux
ii  ethtool                                 1:6.19-1                                   amd64        display or change Ethernet device settings
ii  exfatprogs                              1.3.2-1                                    amd64        exFAT file system utilities
ii  fakeroot                                1.37.2-1                                   amd64        tool for simulating superuser privileges
ii  fdisk                                   2.41.3-3ubuntu2.2                          amd64        collection of partitioning utilities
ii  file                                    1:5.46-5build2                             amd64        Recognize the type of data in a file using "magic" numbers
ii  finalrd                                 9build2                                    all          final runtime directory for shutdown
ii  findutils                               4.10.0-3build2                             amd64        utilities for finding files--find, xargs
ii  firmware-sof-signed                     2025.12.2-1                                all          Intel SOF firmware - signed
ii  fonts-ubuntu-console                    0.869+git20240321-0ubuntu2                 all          console version of the Ubuntu Mono font
ii  friendly-recovery                       0.2.42build1                               all          Make recovery boot mode more user-friendly
ii  ftp                                     20260211-1                                 all          dummy transitional package for tnftp
ii  fuse3                                   3.18.2-1                                   amd64        Filesystem in Userspace (3.x version)
ii  fwupd                                   2.1.1-1ubuntu3                             amd64        Firmware update daemon
ii  fwupd-signed                            1.55+1.7-1                                 amd64        Linux Firmware Updater EFI signed binary
ii  g++                                     4:15.2.0-5ubuntu1                          amd64        GNU C++ compiler
ii  g++-15                                  15.2.0-16ubuntu1                           amd64        GNU C++ compiler
ii  g++-15-x86-64-linux-gnu                 15.2.0-16ubuntu1                           amd64        GNU C++ compiler for the x86_64-linux-gnu architecture
ii  g++-x86-64-linux-gnu                    4:15.2.0-5ubuntu1                          amd64        GNU C++ compiler for the amd64 architecture
ii  gawk                                    1:5.3.2-1ubuntu1.1                         amd64        GNU awk, a pattern scanning and processing language
ii  gcc                                     4:15.2.0-5ubuntu1                          amd64        GNU C compiler
ii  gcc-15                                  15.2.0-16ubuntu1                           amd64        GNU C compiler
ii  gcc-15-base:amd64                       15.2.0-16ubuntu1                           amd64        GCC, the GNU Compiler Collection (base package)
ii  gcc-15-x86-64-linux-gnu                 15.2.0-16ubuntu1                           amd64        GNU C compiler for the x86_64-linux-gnu architecture
ii  gcc-16-base:amd64                       16-20260322-1ubuntu1                       amd64        GCC, the GNU Compiler Collection (base package)
ii  gcc-x86-64-linux-gnu                    4:15.2.0-5ubuntu1                          amd64        GNU C compiler for the amd64 architecture
ii  gdisk                                   1.0.10-2build1                             amd64        GPT fdisk text-mode partitioning tool
ii  gettext-base                            0.23.2-1                                   amd64        GNU Internationalization utilities for the base system
ii  gir1.2-girepository-3.0:amd64           2.88.0-1                                   amd64        Introspection data for GIRepository library, API version 3.0
ii  gir1.2-glib-2.0:amd64                   2.88.0-1                                   amd64        Introspection data for GLib, GObject, Gio and GModule
ii  gir1.2-packagekitglib-1.0               1.3.4-3ubuntu1                             amd64        GObject introspection data for the PackageKit GLib library
ii  git                                     1:2.53.0-1ubuntu1                          amd64        fast, scalable, distributed revision control system
ii  git-man                                 1:2.53.0-1ubuntu1                          all          fast, scalable, distributed revision control system (manual pages)
ii  gnu-coreutils                           9.7-3ubuntu2.1                             amd64        GNU core utilities
ii  gnupg                                   2.4.8-4ubuntu3.1                           all          GNU privacy guard - a free PGP replacement
ii  gnupg-l10n                              2.4.8-4ubuntu3.1                           all          GNU privacy guard - localization files
ii  gnupg-utils                             2.4.8-4ubuntu3.1                           amd64        GNU privacy guard - utility programs
ii  gpg                                     2.4.8-4ubuntu3.1                           amd64        GNU Privacy Guard -- minimalist public key operations
ii  gpg-agent                               2.4.8-4ubuntu3.1                           amd64        GNU privacy guard - cryptographic agent
ii  gpg-wks-client                          2.4.8-4ubuntu3.1                           amd64        GNU privacy guard - Web Key Service client
ii  gpgconf                                 2.4.8-4ubuntu3.1                           amd64        GNU privacy guard - core configuration utilities
ii  gpgsm                                   2.4.8-4ubuntu3.1                           amd64        GNU privacy guard - S/MIME version
ii  gpgv                                    2.4.8-4ubuntu3.1                           amd64        GNU privacy guard - signature verification tool
ii  grep                                    3.12-1                                     amd64        GNU grep, egrep and fgrep
ii  groff-base                              1.23.0-10                                  amd64        GNU troff text-formatting system (base system components)
ii  grub-efi-amd64                          2.14-2ubuntu1                              amd64        GRand Unified Bootloader, version 2 (EFI-AMD64 version)
ii  grub-efi-amd64-bin                      2.14-2ubuntu1                              amd64        GRand Unified Bootloader, version 2 (EFI-AMD64 modules)
ii  grub-efi-amd64-signed                   1.215+2.14-2ubuntu1                        amd64        GRand Unified Bootloader, version 2 (EFI-AMD64 version, signed)
ii  grub-efi-amd64-unsigned                 2.14-2ubuntu1                              amd64        GRand Unified Bootloader, version 2 (EFI-AMD64 images)
rc  grub-pc                                 2.14-2ubuntu2                              amd64        GRand Unified Bootloader, version 2 (PC/BIOS version)
ii  grub2-common                            2.14-2ubuntu2                              amd64        GRand Unified Bootloader (common files for version 2)
ii  gzip                                    1.14-1~exp2ubuntu1.1                       amd64        GNU compression utilities
ii  hdparm                                  9.65+ds-1.1build1                          amd64        tune hard disk parameters for high performance
ii  hostname                                3.25build1                                 amd64        utility to set/show the host name or domain name
ii  htop                                    3.4.1-5build2                              amd64        interactive processes viewer
ii  hwctl                                   0.11.0-0ubuntu1                            amd64        Tool for checking Ubuntu hardware certification status - Rust source code
ii  hwdata                                  0.394-1build1                              all          hardware identification / configuration data
ii  ibverbs-providers:amd64                 61.0-2ubuntu3                              amd64        User space provider drivers for libibverbs
ii  ieee-data                               20240722build1                             all          OUI and IAB listings
ii  inetutils-telnet                        2:2.7-2ubuntu1.1                           amd64        telnet client
ii  info                                    7.2-5ubuntu2                               amd64        Standalone GNU Info documentation browser
ii  init                                    1.69                                       amd64        metapackage ensuring an init system is installed
ii  init-system-helpers                     1.69                                       all          helper tools for all init systems
ii  initramfs-tools-bin                     0.151ubuntu1                               amd64        generic modular initramfs generator (binary tools)
ii  initramfs-tools-core                    0.151ubuntu1                               all          generic modular initramfs generator (core tools)
ii  install-info                            7.2-5ubuntu2                               amd64        Manage installed documentation in info format
ii  intel-metrics-discovery                 1.14.188-1~26.04~ppa1                      amd64        Intel(R) Metrics Discovery Application Programming Interface --
ii  intel-metrics-library                   1.0.231-1~26.04~ppa1                       amd64        Intel(R) Metrics Library for MDAPI (Intel(R) Metrics Discovery
ii  intel-microcode                         3.20260210.1ubuntu2                        amd64        Processor microcode firmware for Intel CPUs
ii  intel-opencl-icd                        26.27.39122.14-1~26.04~ppa1                amd64        Intel graphics compute runtime for OpenCL
ii  iproute2                                6.19.0-1ubuntu1                            amd64        networking and traffic control tools
ii  iptables                                1.8.11-2ubuntu3                            amd64        administration tools for packet filtering and NAT
ii  iputils-ping                            3:20250605-1ubuntu1                        amd64        Tools to test the reachability of network hosts
ii  iputils-tracepath                       3:20250605-1ubuntu1                        amd64        Tools to trace the network path to a remote host
ii  iso-codes                               4.20.1-1                                   all          ISO language, territory, currency, script codes and their translations
ii  iucode-tool                             2.3.1-3build2                              amd64        Intel processor microcode tool
ii  jq                                      1.8.1-4ubuntu2                             amd64        lightweight and flexible command-line JSON processor
ii  kbd                                     2.7.1-2ubuntu2                             amd64        Linux console font and keytable utilities
ii  kdump-tools                             1:1.10.7ubuntu3                            amd64        scripts and tools for automating kdump (Linux crash dumps)
ii  kexec-tools                             1:2.0.32-3ubuntu1                          amd64        tools to support fast kexec reboots
ii  keyboard-configuration                  1.237ubuntu3                               all          system-wide keyboard preferences
ii  klibc-utils                             2.0.14-1ubuntu2                            amd64        small utilities built with klibc for early boot
ii  kmod                                    34.2-2ubuntu2                              amd64        tools for managing Linux kernel modules
ii  kpartx                                  0.14.3-2ubuntu1                            amd64        create device mappings for partitions
ii  krb5-locales                            1.22.1-2ubuntu4.1                          all          internationalization support for MIT Kerberos
ii  landscape-common                        26.02.2-0ubuntu1                           amd64        Landscape administration system client - Common files
ii  less                                    668-1build1                                amd64        pager program similar to more
ii  libacl1:amd64                           2.3.2-2                                    amd64        access control list - shared library
ii  libaio1t64:amd64                        0.3.113-8build1                            amd64        Linux kernel AIO access library - shared library
ii  libalgorithm-diff-perl                  1.201-1                                    all          module to find differences between files
ii  libalgorithm-diff-xs-perl               0.04-9                                     amd64        module to find differences between files (XS accelerated)
ii  libalgorithm-merge-perl                 0.08-5                                     all          Perl module for three-way merge of textual data
ii  libapparmor1:amd64                      5.0.0~beta1-0ubuntu7                       amd64        changehat AppArmor library
ii  libappstream5:amd64                     1.1.2-1                                    amd64        Library to access AppStream services
ii  libapt-pkg7.0:amd64                     3.2.0                                      amd64        package management runtime library
ii  libasan8:amd64                          16-20260322-1ubuntu1                       amd64        AddressSanitizer -- a fast memory error detector
ii  libassuan9:amd64                        3.0.2-2build1                              amd64        IPC library for the GnuPG components
ii  libatasmart4:amd64                      0.19-6                                     amd64        ATA S.M.A.R.T. reading and parsing library
ii  libatomic1:amd64                        16-20260322-1ubuntu1                       amd64        support library providing __atomic built-in functions
ii  libattr1:amd64                          1:2.5.2-4ubuntu0.1                         amd64        extended attribute handling - shared library
ii  libaudit-common                         1:4.1.2-1build1                            all          Dynamic library for security auditing - common files
ii  libaudit1:amd64                         1:4.1.2-1build1                            amd64        Dynamic library for security auditing
ii  libbinutils:amd64                       2.46-3ubuntu2                              amd64        GNU binary utilities (private shared library)
ii  libblkid1:amd64                         2.41.3-3ubuntu2.2                          amd64        block device ID library
ii  libblockdev-crypto3:amd64               3.4.0-1                                    amd64        Crypto plugin for libblockdev
ii  libblockdev-fs3:amd64                   3.4.0-1                                    amd64        file system plugin for libblockdev
ii  libblockdev-loop3:amd64                 3.4.0-1                                    amd64        Loop device plugin for libblockdev
ii  libblockdev-mdraid3:amd64               3.4.0-1                                    amd64        MD RAID plugin for libblockdev
ii  libblockdev-nvme3:amd64                 3.4.0-1                                    amd64        NVMe plugin for libblockdev
ii  libblockdev-part3:amd64                 3.4.0-1                                    amd64        Partitioning plugin for libblockdev
ii  libblockdev-smart3:amd64                3.4.0-1                                    amd64        SMART plugin for libblockdev
ii  libblockdev-swap3:amd64                 3.4.0-1                                    amd64        Swap plugin for libblockdev
ii  libblockdev-utils3:amd64                3.4.0-1                                    amd64        Utility functions for libblockdev
ii  libblockdev3:amd64                      3.4.0-1                                    amd64        Library for manipulating block devices
ii  libbpf1:amd64                           1:1.6.3-1ubuntu1                           amd64        eBPF helper library (shared library)
ii  libbpfcc:amd64                          0.35.0+ds-1ubuntu2                         amd64        shared library for BPF Compiler Collection (BCC)
ii  libbrotli1:amd64                        1.2.0-3build1                              amd64        library implementing brotli encoder and decoder (shared libraries)
ii  libbsd0:amd64                           0.12.2-2build2                             amd64        utility functions from BSD systems - shared library
ii  libbytesize-common                      2.12-1                                     all          library for common operations with sizes in bytes - translations
ii  libbytesize1:amd64                      2.12-1                                     amd64        library for common operations with sizes in bytes
ii  libbz2-1.0:amd64                        1.0.8-6ubuntu0.1                           amd64        high-quality block-sorting file compressor library - runtime
ii  libc-bin                                2.43-2ubuntu2.4                            amd64        GNU C Library: Binaries
ii  libc-dev-bin                            2.43-2ubuntu2.4                            amd64        GNU C Library: Development binaries
ii  libc-gconv-modules-extra:amd64          2.43-2ubuntu2.4                            amd64        GNU C Library: Non-essential gconv modules
ii  libc6:amd64                             2.43-2ubuntu2.4                            amd64        GNU C Library: Shared libraries
ii  libc6-dev:amd64                         2.43-2ubuntu2.4                            amd64        GNU C Library: Development Libraries and Header Files
ii  libcap-ng0:amd64                        0.8.5-4build5                              amd64        alternate POSIX capabilities library
ii  libcap2:amd64                           1:2.75-10ubuntu2                           amd64        POSIX 1003.1e capabilities (library)
ii  libcap2-bin                             1:2.75-10ubuntu2                           amd64        POSIX 1003.1e capabilities (utilities)
ii  libcbor0.10:amd64                       0.10.2-2ubuntu3                            amd64        library for parsing and generating CBOR (RFC 7049)
ii  libcc1-0:amd64                          16-20260322-1ubuntu1                       amd64        GCC cc1 plugin for GDB
ii  libclang-cpp21                          1:21.1.8-6ubuntu1                          amd64        C++ interface to the Clang library
ii  libclang1-21                            1:21.1.8-6ubuntu1                          amd64        C interface to the Clang library
ii  libcom-err2:amd64                       1.47.2-3ubuntu4                            amd64        common error description library
ii  libcrypt-dev:amd64                      1:4.5.1-1                                  amd64        libcrypt development files
ii  libcrypt1:amd64                         1:4.5.1-1                                  amd64        libcrypt shared library
ii  libcryptsetup12:amd64                   2:2.8.4-1ubuntu4                           amd64        disk encryption support - shared library
ii  libctf-nobfd0:amd64                     2.46-3ubuntu2                              amd64        Compact C Type Format library (runtime, no BFD dependency)
ii  libctf0:amd64                           2.46-3ubuntu2                              amd64        Compact C Type Format library (runtime, BFD dependency)
ii  libcurl3t64-gnutls:amd64                8.18.0-1ubuntu2.5                          amd64        easy-to-use client-side URL transfer library (GnuTLS flavour)
ii  libcurl4t64:amd64                       8.18.0-1ubuntu2.5                          amd64        easy-to-use client-side URL transfer library (OpenSSL flavour)
ii  libdb5.3t64:amd64                       5.3.28+dfsg2-10ubuntu1                     amd64        Berkeley v5.3 Database Libraries [runtime]
ii  libdbus-1-3:amd64                       1.16.2-2ubuntu4                            amd64        simple interprocess messaging system (library)
ii  libdebconfclient0:amd64                 0.280ubuntu1                               amd64        Debian Configuration Management System (C-implementation library)
ii  libdebuginfod-common                    0.194-4                                    all          configuration to enable the Debian debug info server
ii  libdebuginfod1t64:amd64                 0.194-4                                    amd64        library to interact with debuginfod (development files)
ii  libdevmapper-event1.02.1:amd64          2:1.02.205-2ubuntu3                        amd64        Linux Kernel Device Mapper event support library
ii  libdevmapper1.02.1:amd64                2:1.02.205-2ubuntu3                        amd64        Linux Kernel Device Mapper userspace library
ii  libdpkg-perl                            1.23.7ubuntu1                              all          Dpkg perl modules
ii  libdrm-amdgpu1:amd64                    2.4.131-1                                  amd64        Userspace interface to amdgpu-specific kernel DRM services -- runtime
ii  libdrm-common                           2.4.131-1                                  all          Userspace interface to kernel DRM services -- common files
ii  libdrm2:amd64                           2.4.131-1                                  amd64        Userspace interface to kernel DRM services -- runtime
ii  libduktape207:amd64                     2.7.0+tests-0ubuntu4                       amd64        embeddable Javascript engine, library
ii  libdw1t64:amd64                         0.194-4                                    amd64        library that provides access to the DWARF debug information
ii  libeatmydata1:amd64                     131-2build1                                amd64        Library and utilities designed to disable fsync and friends - shared library
ii  libedit2:amd64                          3.1-20251016-1                             amd64        BSD editline and history libraries
ii  libefiboot1t64:amd64                    39-2                                       amd64        Library to manage UEFI variables
ii  libefivar1t64:amd64                     39-2                                       amd64        Library to manage UEFI variables
ii  libelf1t64:amd64                        0.194-4                                    amd64        library to read and write ELF files
ii  liberror-perl                           0.17030-1                                  all          Perl module for error/exception handling in an OO-ish way
ii  libestr0:amd64                          0.1.11-2build1                             amd64        Helper functions for handling strings (lib)
ii  libevdev2:amd64                         1.13.6+dfsg-1                              amd64        wrapper library for evdev devices
ii  libevent-core-2.1-7t64:amd64            2.1.12-stable-10ubuntu0.1                  amd64        Asynchronous event notification library (core)
ii  libexpat1:amd64                         2.7.4-1                                    amd64        XML parsing C library - runtime library
ii  libexpat1-dev:amd64                     2.7.4-1                                    amd64        XML parsing C library - development kit
ii  libext2fs2t64:amd64                     1.47.2-3ubuntu4                            amd64        ext2/ext3/ext4 file system libraries
ii  libfakeroot:amd64                       1.37.2-1                                   amd64        tool for simulating superuser privileges - shared libraries
ii  libfastjson4:amd64                      1.2304.0-2build1                           amd64        fast json library for C
ii  libfdisk1:amd64                         2.41.3-3ubuntu2.2                          amd64        fdisk partitioning library
ii  libffi8:amd64                           3.5.2-4                                    amd64        Foreign Function Interface library runtime
ii  libfido2-1:amd64                        1.16.0-2build1                             amd64        library for generating and verifying FIDO 2.0 objects
ii  libfile-fcntllock-perl                  0.22-4ubuntu6                              amd64        Perl module for file locking with fcntl(2)
ii  libflashrom1:amd64                      1.6.0-2ubuntu1                             amd64        Identify, read, write, erase, and verify BIOS/ROM/flash chips - library
ii  libfreetype6:amd64                      2.14.2+dfsg-1ubuntu0.1                     amd64        Freetype 2 font engine, shared library files
ii  libfribidi0:amd64                       1.0.16-5                                   amd64        Free Implementation of the Unicode BiDi algorithm
ii  libftdi1-2:amd64                        1.6~rc1-1build1                            amd64        C Library to control and program the FTDI USB controllers
ii  libfuse3-4:amd64                        3.18.2-1                                   amd64        Filesystem in Userspace (library) (3.x version)
ii  libfwupd3:amd64                         2.1.1-1ubuntu3                             amd64        Firmware update daemon library
ii  libfyaml0:amd64                         0.9.4-1                                    amd64        Fully feature complete YAML parser and emitter (library)
ii  libgcc-15-dev:amd64                     15.2.0-16ubuntu1                           amd64        GCC support library (development files)
ii  libgcc-s1:amd64                         16-20260322-1ubuntu1                       amd64        GCC support library
ii  libgcrypt20:amd64                       1.12.0-2ubuntu1.1                          amd64        LGPL Crypto library - runtime library
ii  libgdbm-compat4t64:amd64                1.26-1build1                               amd64        GNU dbm database routines (legacy support runtime version) 
ii  libgdbm6t64:amd64                       1.26-1build1                               amd64        GNU dbm database routines (runtime version) 
ii  libgirepository-2.0-0:amd64             2.88.0-1                                   amd64        GLib runtime library for handling GObject introspection data
ii  libglib2.0-0t64:amd64                   2.88.0-1                                   amd64        GLib library of C routines
ii  libglib2.0-bin                          2.88.0-1                                   amd64        Programs for the GLib library
ii  libglib2.0-data                         2.88.0-1                                   all          Common files for GLib library
ii  libgmp10:amd64                          2:6.3.0+dfsg-5ubuntu2                      amd64        Multiprecision arithmetic library
ii  libgnutls30t64:amd64                    3.8.12-2ubuntu1.1                          amd64        GNU TLS library - main runtime library
ii  libgomp1:amd64                          16-20260322-1ubuntu1                       amd64        GCC OpenMP (GOMP) support library
ii  libgpg-error-l10n                       1.58-2                                     all          library of error values and messages in GnuPG (localization files)
ii  libgpg-error0:amd64                     1.58-2                                     amd64        GnuPG development runtime library
ii  libgpgme45:amd64                        2.0.1-2build1                              amd64        GPGME - GnuPG Made Easy (library)
ii  libgpm2:amd64                           1.20.7-12build1                            amd64        General Purpose Mouse - shared library
ii  libgprofng0:amd64                       2.46-3ubuntu2                              amd64        GNU Next Generation profiler (runtime library)
ii  libgssapi-krb5-2:amd64                  1.22.1-2ubuntu4.1                          amd64        MIT Kerberos runtime libraries - krb5 GSS-API Mechanism
ii  libgstreamer1.0-0:amd64                 1.28.2-1                                   amd64        Core GStreamer libraries and elements
ii  libgudev-1.0-0:amd64                    1:238-7build1                              amd64        GObject-based wrapper library for libudev
ii  libhogweed6t64:amd64                    3.10.2-1                                   amd64        low level cryptographic library (public-key cryptos)
ii  libhwasan0:amd64                        16-20260322-1ubuntu1                       amd64        AddressSanitizer -- a fast memory error detector
ii  libhwloc-plugins:amd64                  2.13.0-2                                   amd64        Hierarchical view of the machine - plugins
ii  libhwloc15:amd64                        2.13.0-2                                   amd64        Hierarchical view of the machine - shared libs
ii  libibverbs1:amd64                       61.0-2ubuntu3                              amd64        Library for direct userspace use of RDMA (InfiniBand/iWARP)
ii  libicu78:amd64                          78.2-2ubuntu1                              amd64        International Components for Unicode
ii  libidn2-0:amd64                         2.3.8-4build1                              amd64        Internationalized domain names (IDNA2008/TR46) library
ii  libigc2                                 2.38.5-1~26.04                             amd64        Core libraries for Intel(R) Graphics Compiler for OpenCL(TM)
ii  libigdfcl2                              2.38.5-1~26.04                             amd64        OpenCL library for Intel(R) Graphics Compiler for OpenCL(TM)
ii  libigdgmm12:amd64                       22.10.0-1~26.04~ppa1                       amd64        Intel Graphics Memory Management Library -- shared library
ii  libigsc1                                1.2.0-1~26.04~ppa1                         amd64        Intel(R) Graphics System Controller Firmware Update Library
ii  libimobiledevice-1.0-6:amd64            1.4.0-1build1                              amd64        Library for communicating with iPhone and other Apple devices
ii  libimobiledevice-glue-1.0-0             1.3.2-2build1                              amd64        Common library used by the libimobiledevice project
ii  libinih1:amd64                          61-1ubuntu1                                amd64        simple .INI file parser
ii  libintl-perl                            1.37-1                                     all          Uniforum message translations system compatible i18n library
ii  libintl-xs-perl                         1.37-1                                     amd64        XS Uniforum message translations system compatible i18n library
ii  libip4tc2:amd64                         1.8.11-2ubuntu3                            amd64        netfilter libip4tc library
ii  libip6tc2:amd64                         1.8.11-2ubuntu3                            amd64        netfilter libip6tc library
ii  libisl23:amd64                          0.27-1build1                               amd64        manipulating sets and relations of integer points bounded by linear constraints
ii  libisns0t64:amd64                       0.101-2.1                                  amd64        Internet Storage Name Service - shared libraries
ii  libitm1:amd64                           16-20260322-1ubuntu1                       amd64        GNU Transactional Memory Library
ii  libjansson4:amd64                       2.14-2build4                               amd64        C library for encoding, decoding and manipulating JSON data
ii  libjcat1:amd64                          0.2.5-1build1                              amd64        JSON catalog library
ii  libjemalloc2:amd64                      5.3.0-4                                    amd64        general-purpose scalable concurrent malloc(3) implementation
ii  libjq1:amd64                            1.8.1-4ubuntu2                             amd64        lightweight and flexible command-line JSON processor - shared library
ii  libjs-sphinxdoc                         8.2.3-12                                   all          JavaScript support for Sphinx documentation
ii  libjson-c5:amd64                        0.18+ds-3                                  amd64        JSON manipulation library - shared library
ii  libjson-glib-1.0-0:amd64                1.10.8+ds-2                                amd64        GLib JSON manipulation library
ii  libjson-glib-1.0-common                 1.10.8+ds-2                                all          GLib JSON manipulation library (common files)
ii  libk5crypto3:amd64                      1.22.1-2ubuntu4.1                          amd64        MIT Kerberos runtime libraries - Crypto Library
ii  libkeyutils1:amd64                      1.6.3-6ubuntu3                             amd64        Linux Key Management Utilities (library)
ii  libklibc:amd64                          2.0.14-1ubuntu2                            amd64        minimal libc subset for use with initramfs
ii  libkmod2:amd64                          34.2-2ubuntu2                              amd64        libkmod shared library
ii  libkrb5-3:amd64                         1.22.1-2ubuntu4.1                          amd64        MIT Kerberos runtime libraries
ii  libkrb5support0:amd64                   1.22.1-2ubuntu4.1                          amd64        MIT Kerberos runtime libraries - Support library
ii  libksba8:amd64                          1.6.7-2build1                              amd64        X.509 and CMS support library
ii  liblastlog2-2:amd64                     2.41.3-3ubuntu2.2                          amd64        lastlog2 database shared library
ii  libldap-common                          2.6.10+dfsg-1ubuntu5                       all          OpenLDAP common files for libraries
ii  libldap2:amd64                          2.6.10+dfsg-1ubuntu5                       amd64        OpenLDAP libraries
ii  libllvm21:amd64                         1:21.1.8-6ubuntu1                          amd64        Modular compiler and toolchain technologies, runtime library
ii  liblmdb0:amd64                          0.9.31-1build2                             amd64        Lightning Memory-Mapped Database shared library
ii  liblocale-gettext-perl                  1.07-8                                     amd64        module using libc functions for internationalization in Perl
ii  liblsan0:amd64                          16-20260322-1ubuntu1                       amd64        LeakSanitizer -- a memory leak detector (runtime)
ii  liblsof0                                4.99.4+dfsg-2build2                        amd64        utility to list open files (shared library)
ii  liblvm2cmd2.03:amd64                    2.03.31-2ubuntu3                           amd64        LVM2 command library
ii  liblz4-1:amd64                          1.10.0-8                                   amd64        Fast LZ compression algorithm library - runtime
ii  liblzma5:amd64                          5.8.3-1                                    amd64        XZ-format compression library
ii  liblzo2-2:amd64                         2.10-3build2                               amd64        data compression library
ii  libmagic-mgc                            1:5.46-5build2                             amd64        File type determination library using "magic" numbers (compiled magic file)
ii  libmagic1t64:amd64                      1:5.46-5build2                             amd64        Recognize the type of data in a file using "magic" numbers - library
ii  libmaxminddb0:amd64                     1.12.2-1build2                             amd64        IP geolocation database library
ii  libmbim-glib4:amd64                     1.32.0-2ubuntu1                            amd64        Support library to use the MBIM protocol
ii  libmbim-proxy                           1.32.0-2ubuntu1                            amd64        Proxy to communicate with MBIM ports
ii  libmbim-utils                           1.32.0-2ubuntu1                            amd64        Utilities to use the MBIM protocol from the command line
ii  libmd0:amd64                            1.1.0-2build4                              amd64        message digest functions from BSD systems - shared library
ii  libmetee-dev:amd64                      6.2.1-1~26.04~ppa1                         amd64        Intel(R) ME TEE Library - headers
ii  libmetee6:amd64                         6.2.1-1~26.04~ppa1                         amd64        Intel(R) ME TEE Library 6
ii  libmm-glib0:amd64                       1.25.95-1ubuntu1                           amd64        D-Bus service for managing modems - shared libraries
ii  libmnl0:amd64                           1.0.5-3build1                              amd64        minimalistic Netlink communication library
ii  libmodule-find-perl                     0.17-1                                     all          module to find and use installed Perl modules
ii  libmount1:amd64                         2.41.3-3ubuntu2.2                          amd64        device mounting library
ii  libmpathcmd0                            0.14.3-2ubuntu1                            amd64        multipath command library
ii  libmpathpersist0                        0.14.3-2ubuntu1                            amd64        multipath persist library
ii  libmpc3:amd64                           1.3.1-3                                    amd64        multiple precision complex floating-point library
ii  libmpfr6:amd64                          4.2.2-3                                    amd64        multiple precision floating-point computation
ii  libmspack0t64:amd64                     0.11-1.1build2                             amd64        library for Microsoft compression formats (shared library)
ii  libmultipath0                           0.14.3-2ubuntu1                            amd64        multipath-tools internal libraries
ii  libncurses6:amd64                       6.6+20251231-1                             amd64        shared libraries for terminal handling
ii  libncursesw6:amd64                      6.6+20251231-1                             amd64        shared libraries for terminal handling (wide character support)
ii  libnetfilter-conntrack3:amd64           1.1.1-1                                    amd64        Netfilter netlink-conntrack library
ii  libnetplan1:amd64                       1.2-1ubuntu5                               amd64        Declarative network configuration runtime library
ii  libnettle8t64:amd64                     3.10.2-1                                   amd64        low level cryptographic library (symmetric and one-way cryptos)
ii  libnewt0.52:amd64                       0.52.25-1ubuntu3                           amd64        Not Erik's Windowing Toolkit - text mode windowing with slang
ii  libnfnetlink0:amd64                     1.0.2-3build1                              amd64        Netfilter netlink library
ii  libnftables1:amd64                      1.1.6-1                                    amd64        Netfilter nftables high level userspace API library
ii  libnftnl11:amd64                        1.3.1-1                                    amd64        Netfilter nftables userspace API library
ii  libnghttp2-14:amd64                     1.68.0-2ubuntu0.2                          amd64        library implementing HTTP/2 protocol (shared library)
ii  libnl-3-200:amd64                       3.12.0-2                                   amd64        library for dealing with netlink sockets
ii  libnl-genl-3-200:amd64                  3.12.0-2                                   amd64        library for dealing with netlink sockets - generic netlink
ii  libnl-route-3-200:amd64                 3.12.0-2                                   amd64        library for dealing with netlink sockets - route interface
ii  libnpth0t64:amd64                       1.8-3build1                                amd64        replacement for GNU Pth using system threads
ii  libnspr4:amd64                          2:4.38.2-1ubuntu1                          amd64        NetScape Portable Runtime Library
ii  libnss-systemd:amd64                    259.5-0ubuntu3.4                           amd64        nss module providing dynamic user and group name resolution
ii  libnss3:amd64                           2:3.120-1ubuntu2.1                         amd64        Network Security Service libraries
ii  libntfs-3g89t64:amd64                   1:2022.10.3-5ubuntu1.1                     amd64        read/write NTFS driver for FUSE (runtime library)
ii  libnuma1:amd64                          2.0.19-1build1                             amd64        Libraries for controlling NUMA policy
ii  libnvme1t64:amd64                       1.16.1-4                                   amd64        NVMe management library (library)
ii  libonig5:amd64                          6.9.10-1build1                             amd64        regular expressions library
ii  libopeniscsiusr                         2.1.11-3ubuntu3                            amd64        iSCSI userspace library
ii  libp11-kit0:amd64                       0.26.2-2                                   amd64        library for loading and coordinating access to PKCS#11 modules - runtime
ii  libpackagekit-glib2-18:amd64            1.3.4-3ubuntu1                             amd64        Library for accessing PackageKit using GLib
ii  libpam-cap:amd64                        1:2.75-10ubuntu2                           amd64        POSIX 1003.1e capabilities (PAM module)
ii  libpam-modules:amd64                    1.7.0-5ubuntu3.2                           amd64        Pluggable Authentication Modules for PAM
ii  libpam-modules-bin                      1.7.0-5ubuntu3.2                           amd64        Pluggable Authentication Modules for PAM - helper binaries
ii  libpam-runtime                          1.7.0-5ubuntu3.2                           all          Runtime support for the PAM library
ii  libpam-systemd:amd64                    259.5-0ubuntu3.4                           amd64        system and service manager - PAM module
ii  libpam0g:amd64                          1.7.0-5ubuntu3.2                           amd64        Pluggable Authentication Modules library
ii  libparted2t64:amd64                     3.6-6                                      amd64        disk partition manipulator - shared library
ii  libpcap0.8t64:amd64                     1.10.6-1ubuntu1                            amd64        system interface for user-level packet capture
ii  libpci3:amd64                           1:3.14.0-1build2                           amd64        PCI utilities (shared library)
ii  libpciaccess0:amd64                     0.18.1-1ubuntu4.1                          amd64        Generic PCI access library for X
ii  libpcre2-8-0:amd64                      10.46-1build1                              amd64        New Perl Compatible Regular Expression Library- 8 bit runtime files
ii  libperl5.40:amd64                       5.40.1-7ubuntu0.3                          amd64        shared Perl library
ii  libpipeline1:amd64                      1.5.8-2                                    amd64        Unix process pipeline manipulation library
ii  libplist-2.0-4:amd64                    2.7.0+git20250820-1build1                  amd64        Library for handling Apple binary and XML property lists
ii  libplymouth5:amd64                      24.004.60+git20250831.4a3c171d-0ubuntu8    amd64        graphical boot animation and logger - shared libraries
ii  libpng16-16t64:amd64                    1.6.57-1                                   amd64        PNG library - runtime (version 1.6)
ii  libpolkit-agent-1-0:amd64               127-2ubuntu1.1                             amd64        polkit Authentication Agent API
ii  libpolkit-gobject-1-0:amd64             127-2ubuntu1.1                             amd64        polkit Authorization API
ii  libpopt0:amd64                          1.19+dfsg-2build1                          amd64        lib for parsing cmdline parameters
ii  libproc-processtable-perl:amd64         0.637-1                                    amd64        Perl library for accessing process table information
ii  libproc2-0:amd64                        2:4.0.4-9ubuntu1                           amd64        library for accessing process information from /proc
ii  libpsl5t64:amd64                        0.21.2-1.1build2                           amd64        Library for Public Suffix List (shared libraries)
ii  libpython3-dev:amd64                    3.14.3-0ubuntu2                            amd64        header files and a static library for Python (default)
ii  libpython3-stdlib:amd64                 3.14.3-0ubuntu2                            amd64        interactive high-level object-oriented language (default python3 version)
ii  libpython3.14:amd64                     3.14.4-1ubuntu0.2                          amd64        Shared Python runtime library (version 3.14)
ii  libpython3.14-dev:amd64                 3.14.4-1ubuntu0.2                          amd64        Header files and a static library for Python (v3.14)
ii  libpython3.14-minimal:amd64             3.14.4-1ubuntu0.2                          amd64        Minimal subset of the Python language (version 3.14)
ii  libpython3.14-stdlib:amd64              3.14.4-1ubuntu0.2                          amd64        Interactive high-level object-oriented language (standard library, version 3.14)
ii  libqmi-glib5:amd64                      1.38.0-1                                   amd64        Support library to use the Qualcomm MSM Interface (QMI) protocol
ii  libqmi-proxy                            1.38.0-1                                   amd64        Proxy to communicate with QMI ports
ii  libqmi-utils                            1.38.0-1                                   amd64        Utilities to use the QMI protocol from the command line
ii  libqrtr-glib0:amd64                     1.2.2-2ubuntu1                             amd64        Support library to use the QRTR protocol
ii  libquadmath0:amd64                      16-20260322-1ubuntu1                       amd64        GCC Quad-Precision Math Library
ii  libreadline8t64:amd64                   8.3-4                                      amd64        GNU readline and history libraries, run-time libraries
ii  librtmp1:amd64                          2.4+20151223.gitfa8646d.1-3                amd64        toolkit for RTMP streams (shared library)
ii  libsasl2-2:amd64                        2.1.28+dfsg1-9ubuntu3                      amd64        Cyrus SASL - authentication abstraction library
ii  libsasl2-modules:amd64                  2.1.28+dfsg1-9ubuntu3                      amd64        Cyrus SASL - pluggable authentication modules
ii  libsasl2-modules-db:amd64               2.1.28+dfsg1-9ubuntu3                      amd64        Cyrus SASL - pluggable authentication modules (DB)
ii  libseccomp2:amd64                       2.6.0-2ubuntu5                             amd64        high level interface to Linux seccomp filter
ii  libselinux1:amd64                       3.9-4build1                                amd64        SELinux runtime shared libraries
ii  libsemanage-common                      3.9-1build1                                all          Common files for SELinux policy management libraries
ii  libsemanage2:amd64                      3.9-1build1                                amd64        SELinux policy management library
ii  libsensors-config                       1:3.6.2-2build1                            all          lm-sensors configuration files
ii  libsensors5:amd64                       1:3.6.2-2build1                            amd64        library to read temperature/voltage/fan sensors
ii  libsepol2:amd64                         3.9-2                                      amd64        SELinux library for manipulating binary security policies
ii  libsframe3:amd64                        2.46-3ubuntu2                              amd64        Library to handle the SFrame format (runtime library)
ii  libsgutils2-1.48:amd64                  1.48-3ubuntu3                              amd64        utilities for devices using the SCSI command set (shared libraries)
ii  libslang2:amd64                         2.3.3-5build1                              amd64        S-Lang programming library - runtime version
ii  libsmartcols1:amd64                     2.41.3-3ubuntu2.2                          amd64        smart column output alignment library
ii  libsnappy1v5:amd64                      1.2.2-2                                    amd64        fast compression/decompression library
ii  libsodium23:amd64                       1.0.18-2                                   amd64        Network communication, cryptography and signaturing library
ii  libsort-naturally-perl                  1.03-4                                     all          Sort naturally - sort lexically except for numerical parts
ii  libsqlite3-0:amd64                      3.46.1-9ubuntu0.3                          amd64        SQLite 3 shared library
ii  libss2:amd64                            1.47.2-3ubuntu4                            amd64        command-line interface parsing library
ii  libssh2-1t64:amd64                      1.11.1-1ubuntu0.26.04.4                    amd64        SSH2 client-side library
ii  libssl3t64:amd64                        3.5.5-1ubuntu3.5                           amd64        Secure Sockets Layer toolkit - shared libraries
ii  libstdc++-15-dev:amd64                  15.2.0-16ubuntu1                           amd64        GNU Standard C++ Library v3 (development files)
ii  libstdc++6:amd64                        16-20260322-1ubuntu1                       amd64        GNU Standard C++ Library v3
ii  libstemmer0d:amd64                      3.0.1-1                                    amd64        Snowball stemming algorithms for use in Information Retrieval
ii  libsystemd-shared:amd64                 259.5-0ubuntu3.4                           amd64        systemd shared private library
ii  libsystemd0:amd64                       259.5-0ubuntu3.4                           amd64        systemd utility library
ii  libtasn1-6:amd64                        4.21.0-2                                   amd64        Manage ASN.1 structures (runtime)
ii  libtcl8.6:amd64                         8.6.17+dfsg-1build1                        amd64        Tcl (the Tool Command Language) v8.6 - run-time library files
ii  libterm-readkey-perl                    2.38-2build5                               amd64        perl module for simple terminal control
ii  libtext-charwidth-perl:amd64            0.04-11build4                              amd64        get display widths of characters on the terminal
ii  libtext-iconv-perl:amd64                1.7-8.1                                    amd64        module to convert between character sets in Perl
ii  libtext-wrapi18n-perl                   0.06-10                                    all          internationalized substitute of Text::Wrap
ii  libtinfo6:amd64                         6.6+20251231-1                             amd64        shared low-level terminfo library for terminal handling
ii  libtirpc-common                         1.3.7-0.1                                  all          transport-independent RPC library - common files
ii  libtirpc3t64:amd64                      1.3.7-0.1                                  amd64        transport-independent RPC library
ii  libtraceevent1:amd64                    1:1.8.7-1                                  amd64        Linux kernel trace event library (shared library)
ii  libtraceevent1-plugin:amd64             1:1.8.7-1                                  amd64        Linux kernel trace event library (plugins)
ii  libtracefs1:amd64                       1.8.2-1ubuntu1                             amd64        API to access the kernel tracefs directory (shared library)
ii  libtsan2:amd64                          16-20260322-1ubuntu1                       amd64        ThreadSanitizer -- a Valgrind-based detector of data races (runtime)
ii  libtss2-esys-3.0.2-0t64:amd64           4.1.3-6                                    amd64        TPM2 Software stack library - TSS and TCTI libraries
ii  libtss2-mu-4.0.1-0t64:amd64             4.1.3-6                                    amd64        TPM2 Software stack library - TSS and TCTI libraries
ii  libtss2-sys1t64:amd64                   4.1.3-6                                    amd64        TPM2 Software stack library - TSS and TCTI libraries
ii  libtss2-tcti-cmd0t64:amd64              4.1.3-6                                    amd64        TPM2 Software stack library - TSS and TCTI libraries
ii  libtss2-tcti-device0t64:amd64           4.1.3-6                                    amd64        TPM2 Software stack library - TSS and TCTI libraries
ii  libtss2-tcti-mssim0t64:amd64            4.1.3-6                                    amd64        TPM2 Software stack library - TSS and TCTI libraries
ii  libtss2-tcti-swtpm0t64:amd64            4.1.3-6                                    amd64        TPM2 Software stack library - TSS and TCTI libraries
ii  libubsan1:amd64                         16-20260322-1ubuntu1                       amd64        UBSan -- undefined behaviour sanitizer (runtime)
ii  libuchardet0:amd64                      0.0.8-2                                    amd64        universal charset detection library - shared library
ii  libudev1:amd64                          259.5-0ubuntu3.4                           amd64        libudev shared library
ii  libudisks2-0:amd64                      2.10.91-1ubuntu2.1                         amd64        GObject based library to access udisks2
ii  libunistring5:amd64                     1.3-2build1                                amd64        Unicode string library for C
ii  libunwind8:amd64                        1.8.3-0ubuntu1                             amd64        library to determine the call-chain of a program - runtime
ii  libupower-glib3:amd64                   1.91.1-1                                   amd64        abstraction for power management - shared library
ii  liburcu8t64:amd64                       0.15.6-1                                   amd64        userspace RCU (read-copy-update) library
ii  libusb-1.0-0:amd64                      2:1.0.29-2build1                           amd64        userspace USB programming library
ii  libusbmuxd-2.0-7:amd64                  2.1.1-1                                    amd64        Client library to handle usbmux connections with iOS devices (library)
ii  libuuid1:amd64                          2.41.3-3ubuntu2.2                          amd64        Universally Unique ID library
ii  libuv1t64:amd64                         1.51.0-2ubuntu1                            amd64        asynchronous event notification library - runtime library
ii  libvolume-key1:amd64                    0.3.12-10build2                            amd64        Library for manipulating storage encryption keys and passphrases
ii  libwrap0:amd64                          7.6.q-36build2                             amd64        Wietse Venema's TCP wrappers library
ii  libx11-6:amd64                          2:1.8.13-1                                 amd64        X11 client-side library
ii  libx11-data                             2:1.8.13-1                                 all          X11 client-side library
ii  libxau6:amd64                           1:1.0.11-1build2                           amd64        X11 authorisation library
ii  libxcb1:amd64                           1.17.0-2ubuntu1                            amd64        X C Binding
ii  libxdmcp6:amd64                         1:1.1.5-2                                  amd64        X11 Display Manager Control Protocol library
ii  libxext6:amd64                          2:1.3.4-1build3                            amd64        X11 miscellaneous extension library
ii  libxkbcommon0:amd64                     1.13.1-1                                   amd64        library interface to the XKB compiler - shared library
ii  libxml2-16:amd64                        2.15.2+dfsg-0.1ubuntu0.1                   amd64        GNOME XML library
ii  libxmlb2:amd64                          0.3.24-2                                   amd64        Binary XML library
ii  libxmlsec1-1:amd64                      1.3.9-1                                    amd64        XML security library
ii  libxmlsec1-openssl1:amd64               1.3.9-1                                    amd64        Openssl engine for the XML security library
ii  libxmuu1:amd64                          2:1.1.3-4                                  amd64        X11 miscellaneous micro-utility library
ii  libxnvctrl0:amd64                       510.47.03-0ubuntu7                         amd64        NV-CONTROL X extension (runtime library)
ii  libxpum2                                2.0.0-1~26.04~ppa1                         amd64        Intel(R) XPU System Management Interface(xpu-smi) is a free and
ii  libxslt1.1:amd64                        1.1.45-0.1                                 amd64        XSLT 1.0 processing library - runtime library
ii  libxtables12:amd64                      1.8.11-2ubuntu3                            amd64        netfilter xtables library
ii  libxxhash0:amd64                        0.8.3-2build1                              amd64        shared library for xxhash
ii  libyaml-0-2:amd64                       0.2.5-2build3                              amd64        Fast YAML 1.1 parser and emitter library
ii  libze-intel-gpu-legacy1-1               24.35.30872.45-1                           amd64        Intel oneAPI L0 support implementation for Intel legacy GPUs
ii  libze-intel-gpu1                        26.27.39122.14-1~26.04~ppa1                amd64        Intel oneAPI L0 support implementation for Intel GPUs -- shared library
ii  libze1:amd64                            1.32.0-1~26.04~ppa1                        amd64        oneAPI Level Zero -- share libraries
ii  libzstd1:amd64                          1.5.7+dfsg-3                               amd64        fast lossless compression algorithm
ii  linux-base                              4.15ubuntu5                                all          Linux image base package
ii  linux-firmware                          20260319.git217ca6e4.1ubuntu               all          Firmware for Linux kernel drivers (metapackage)
ii  linux-firmware-amd-graphics             20260319.git217ca6e4-0ubuntu3              all          Firmware for AMD/ATI graphics
ii  linux-firmware-amd-misc                 20260319.git217ca6e4-0ubuntu1              all          Firmware for AMD NPU accelerators
ii  linux-firmware-broadcom-wireless        20260319.git217ca6e4-0ubuntu1              all          Firmware for Broadcom and Cypress Wi-Fi and Bluetooth adapters
ii  linux-firmware-intel-graphics           20260319.git217ca6e4-0ubuntu2              all          Firmware for Intel graphics and IPU and VSC processors
ii  linux-firmware-intel-misc               20260319.git217ca6e4-0ubuntu1              all          Firmware for miscellaneous Intel devices and adapters
ii  linux-firmware-intel-wireless           20260319.git217ca6e4-0ubuntu2              all          Firmware for Intel Wi-Fi and Bluetooth adapters
ii  linux-firmware-marvell-prestera         20260319.git217ca6e4-0ubuntu1              all          Firmware for Marvell Prestera ASIC devices
ii  linux-firmware-marvell-wireless         20260319.git217ca6e4-0ubuntu1              all          Firmware for Marvell and NXP Wi-Fi adapters
ii  linux-firmware-mediatek                 20260319.git217ca6e4-0ubuntu1              all          Firmware for Mediatek Wi-Fi, Bluetooth, and Ethernet adapters and SoCs
ii  linux-firmware-mellanox-spectrum        20260319.git217ca6e4-0ubuntu1              all          Firmware for Mellanox Spectrum switches
ii  linux-firmware-misc                     20260319.git217ca6e4-0ubuntu2              all          Firmware for miscellaneous devices and adapters
ii  linux-firmware-netronome                20260319.git217ca6e4-0ubuntu1              all          Firmware for Netronome Ethernet adapters
ii  linux-firmware-nvidia-graphics          20260319.git217ca6e4-0ubuntu1              all          Firmware for Nvidia graphics
ii  linux-firmware-qlogic                   20260319.git217ca6e4-0ubuntu1              all          Firmware for QLogic SCSI, FC, and IB host bus and Ethernet adapters
ii  linux-firmware-qualcomm-graphics        20260319.git217ca6e4-0ubuntu1              all          Firmware for Qualcomm graphics and video processors
ii  linux-firmware-qualcomm-misc            20260319.git217ca6e4-0ubuntu2              all          Firmware for miscellaneous Qualcomm devices
ii  linux-firmware-qualcomm-wireless        20260319.git217ca6e4-0ubuntu1              all          Firmware for Qualcomm and Atheros Wi-Fi and Bluetooth adapters
ii  linux-firmware-realtek                  20260319.git217ca6e4-0ubuntu1              all          Firmware for Realtek Wi-Fi, Bluetooth, Ethernet and audio adapters
ii  linux-generic                           7.0.0-31.31                                amd64        Complete Generic Linux kernel and headers
ii  linux-headers-7.0.0-30                  7.0.0-30.30                                all          Header files related to Linux kernel version 7.0.0
ii  linux-headers-7.0.0-30-generic          7.0.0-30.30                                amd64        Linux kernel headers for version 7.0.0
ii  linux-headers-7.0.0-31                  7.0.0-31.31                                all          Header files related to Linux kernel version 7.0.0
ii  linux-headers-7.0.0-31-generic          7.0.0-31.31                                amd64        Linux kernel headers for version 7.0.0
ii  linux-headers-generic                   7.0.0-31.31                                amd64        Generic Linux kernel headers
ii  linux-image-7.0.0-30-generic            7.0.0-30.30                                amd64        Signed kernel image generic
ii  linux-image-7.0.0-31-generic            7.0.0-31.31                                amd64        Signed kernel image generic
ii  linux-image-generic                     7.0.0-31.31                                amd64        Generic Linux kernel image
rc  linux-image-unsigned-7.0.0-14-generic   7.0.0-14.14                                amd64        Linux kernel image for version 7.0.0
ii  linux-libc-dev:amd64                    7.0.0-31.31                                amd64        Linux Kernel Headers for development
rc  linux-main-modules-zfs-7.0.0-14-generic 7.0.0-14.14+3                              amd64        Signed zfs module for 7.0.0-14
ii  linux-main-modules-zfs-7.0.0-30-generic 7.0.0-30.30                                amd64        Signed zfs module for 7.0.0-30
ii  linux-main-modules-zfs-7.0.0-31-generic 7.0.0-31.31+2                              amd64        Signed zfs module for 7.0.0-31
rc  linux-modules-7.0.0-14-generic          7.0.0-14.14                                amd64        Linux kernel modules for version 7.0.0
ii  linux-modules-7.0.0-30-generic          7.0.0-30.30                                amd64        Linux kernel modules for version 7.0.0
ii  linux-modules-7.0.0-31-generic          7.0.0-31.31                                amd64        Linux kernel modules for version 7.0.0
ii  linux-perf                              7.0.0-31.31                                amd64        Performance analysis tools for Linux
ii  linux-sysctl-defaults                   4.15ubuntu5                                all          default sysctl configuration for Linux
ii  linux-tools-7.0.0-30                    7.0.0-30.30                                amd64        Linux kernel version specific tools for version 7.0.0-30
ii  linux-tools-7.0.0-30-generic            7.0.0-30.30                                amd64        Linux kernel version specific tools for version 7.0.0-30
ii  linux-tools-7.0.0-31                    7.0.0-31.31                                amd64        Linux kernel version specific tools for version 7.0.0-31
ii  linux-tools-7.0.0-31-generic            7.0.0-31.31                                amd64        Linux kernel version specific tools for version 7.0.0-31
ii  linux-tools-common                      7.0.0-31.31                                all          Linux kernel version specific tools for version 7.0.0
ii  lm-sensors                              1:3.6.2-2build1                            amd64        utilities to read temperature/voltage/fan sensors
ii  locales                                 2.43-2ubuntu2.4                            all          GNU C Library: National Language (locale) data [support]
ii  login                                   1:4.16.0-2+really2.41.3-3ubuntu2.2         amd64        system login tools
ii  login.defs                              1:4.17.4-2ubuntu3                          all          system user management configuration
ii  logrotate                               3.22.0-1build1                             amd64        Log rotation utility
ii  logsave                                 1.47.2-3ubuntu4                            amd64        save the output of a command in a log file
ii  lsb-base                                11.6build1                                 all          transitional package for Linux Standard Base init script functionality
ii  lsb-release                             12.1-2build1                               all          Linux Standard Base version reporting utility (minimal implementation)
ii  lshw                                    02.19.git.2021.06.19.996aaad9c7-2.1ubuntu3 amd64        information about hardware configuration
ii  lsof                                    4.99.4+dfsg-2build2                        amd64        utility to list open files
ii  lto-disabled-list                       79                                         all          list of packages not to build with LTO
ii  lvm2                                    2.03.31-2ubuntu3                           amd64        Linux Logical Volume Manager
ii  lxd-agent-loader                        0.13ubuntu0                                all          LXD - VM agent loader
ii  lxd-installer                           14ubuntu0                                  all          Wrapper to install lxd snap on demand
ii  make                                    4.4.1-3                                    amd64        utility for directing compilation
ii  makedumpfile                            1:1.7.7-1                                  amd64        VMcore extraction tool
ii  man-db                                  2.13.1-1build1                             amd64        tools for reading manual pages
ii  manpages                                6.17-1                                     all          Manual pages about using a GNU/Linux system
ii  manpages-dev                            6.17-1                                     all          Manual pages about using GNU/Linux for development
ii  mawk                                    1.3.4.20260129-1                           amd64        Pattern scanning and text processing language
ii  mdadm                                   4.5-5ubuntu1                               amd64        tool for managing Linux MD devices (software RAID)
ii  media-types                             14.0.0build1                               all          List of standard media types and their usual file extension
ii  modemmanager                            1.25.95-1ubuntu1                           amd64        D-Bus service for managing modems
ii  mokutil                                 0.7.2-2                                    amd64        tools for manipulating machine owner keys
ii  motd-news-config                        14ubuntu6                                  all          Configuration for motd-news shipped in base-files
ii  mount                                   2.41.3-3ubuntu2.2                          amd64        tools for mounting and manipulating filesystems
ii  mtr-tiny                                0.95-1.1ubuntu2                            amd64        Full screen ncurses traceroute tool
ii  multipath-tools                         0.14.3-2ubuntu1                            amd64        maintain multipath block device access
ii  nano                                    8.7.1-1ubuntu0.1                           amd64        small, friendly text editor inspired by Pico
ii  ncurses-base                            6.6+20251231-1                             all          basic terminal type definitions
ii  ncurses-bin                             6.6+20251231-1                             amd64        terminal-related programs and man pages
ii  ncurses-term                            6.6+20251231-1                             all          additional terminal type definitions
ii  needrestart                             3.11-1ubuntu2                              all          check which daemons need to be restarted after library upgrades
ii  netbase                                 6.5build1                                  all          Basic TCP/IP networking system
ii  netcat-openbsd                          1.234-1                                    amd64        TCP/IP swiss army knife
ii  netplan-generator                       1.2-1ubuntu5                               amd64        Declarative network configuration for various backends at boot
ii  netplan.io                              1.2-1ubuntu5                               amd64        Declarative network configuration for various backends at runtime
ii  networkd-dispatcher                     2.2.4-1.1ubuntu1                           all          Dispatcher service for systemd-networkd connection status changes
ii  nftables                                1.1.6-1                                    amd64        Program to control packet filtering rules by Netfilter project
ii  ntfs-3g                                 1:2022.10.3-5ubuntu1.1                     amd64        read/write NTFS driver for FUSE
ii  numactl                                 2.0.19-1build1                             amd64        NUMA scheduling and memory placement tool
ii  ocl-icd-libopencl1:amd64                2.3.4-1                                    amd64        Generic OpenCL ICD Loader
ii  open-iscsi                              2.1.11-3ubuntu3                            amd64        iSCSI initiator tools
ii  open-vm-tools                           2:13.0.10-1ubuntu1                         amd64        Open VMware Tools for virtual machines hosted on VMware (CLI)
ii  openssh-client                          1:10.2p1-2ubuntu3.6                        amd64        secure shell (SSH) client, for secure access to remote machines
ii  openssh-server                          1:10.2p1-2ubuntu3.6                        amd64        secure shell (SSH) server, for secure access from remote machines
ii  openssh-sftp-server                     1:10.2p1-2ubuntu3.6                        amd64        secure shell (SSH) sftp server module, for SFTP access from remote machines
ii  openssl                                 3.5.5-1ubuntu3.5                           amd64        Secure Sockets Layer toolkit - cryptographic utility
ii  openssl-provider-legacy                 3.5.5-1ubuntu3.5                           amd64        Secure Sockets Layer toolkit - cryptographic utility
ii  os-prober                               1.84ubuntu1                                amd64        utility to detect other OSes on a set of drives
ii  overlayroot                             0.58ubuntu                                 all          use an overlayfs on top of a read-only root filesystem
ii  packagekit                              1.3.4-3ubuntu1                             amd64        Provides a package management service
ii  parted                                  3.6-6                                      amd64        disk partition manipulator
ii  passwd                                  1:4.17.4-2ubuntu3                          amd64        change and administer password and group data
ii  patch                                   2.8-2build1                                amd64        Apply a diff file to an original
ii  pci.ids                                 0.0~2026.02.12-1                           all          PCI ID Repository
ii  pciutils                                1:3.14.0-1build2                           amd64        PCI utilities
ii  perl                                    5.40.1-7ubuntu0.3                          amd64        Larry Wall's Practical Extraction and Report Language
ii  perl-base                               5.40.1-7ubuntu0.3                          amd64        minimal Perl system
ii  perl-modules-5.40                       5.40.1-7ubuntu0.3                          all          Core Perl modules
ii  pigz                                    2.8-1build1                                amd64        Parallel Implementation of GZip
ii  pinentry-curses                         1.3.2-3ubuntu1                             amd64        curses-based PIN or pass-phrase entry dialog for GnuPG
ii  plymouth                                24.004.60+git20250831.4a3c171d-0ubuntu8    amd64        boot animation, logger and I/O multiplexer
ii  plymouth-theme-ubuntu-text              24.004.60+git20250831.4a3c171d-0ubuntu8    amd64        boot animation, logger and I/O multiplexer - ubuntu text theme
ii  pnp.ids                                 0.394-1build1                              all          PNP ID Registry
ii  polkitd                                 127-2ubuntu1.1                             amd64        framework for managing administrative policies and privileges
ii  pollinate                               4.33-4ubuntu6                              all          seed the pseudo random number generator
ii  powermgmt-base                          1.38ubuntu2                                all          common utils for power management
ii  procps                                  2:4.0.4-9ubuntu1                           amd64        /proc file system utilities
ii  psmisc                                  23.7-2ubuntu2                              amd64        utilities that use the proc file system
ii  publicsuffix                            20260129.1928-1                            all          accurate, machine-readable list of domain name suffixes
ii  python-apt-common                       3.1.0ubuntu1                               all          Python interface to libapt-pkg (locales)
ii  python-babel-localedata                 2.17.0-2                                   all          tools for internationalizing Python applications - locale data files
ii  python3                                 3.14.3-0ubuntu2                            amd64        interactive high-level object-oriented language (default python3 version)
ii  python3-apport                          2.34.0-0ubuntu2                            all          Python 3 library for Apport crash report handling
ii  python3-apt                             3.1.0ubuntu1                               amd64        Python 3 interface to libapt-pkg
ii  python3-attr                            25.4.0-1build1                             all          Attributes without boilerplate (Python 3)
ii  python3-autocommand                     2.2.2-4                                    all          library to generate argparse parsers from function signatures
ii  python3-automat                         25.4.16-1build1                            all          Self-service finite-state machines for the programmer on the go
ii  python3-babel                           2.17.0-2                                   all          tools for internationalizing Python applications - Python 3.x
ii  python3-bcrypt                          5.0.0-3build1                              amd64        password hashing library for Python 3
ii  python3-blinker                         1.9.0-2build1                              all          Fast, simple object-to-object and broadcast signaling (Python3)
ii  python3-boto3                           1.40.72-1build1                            all          Python interface to Amazon's Web Services - Python 3.x
ii  python3-botocore                        1.40.72+repack-1build1                     all          Low-level, data-driven core of boto 3 (Python 3)
ii  python3-bpfcc                           0.35.0+ds-1ubuntu2                         all          Python 3 wrappers for BPF Compiler Collection (BCC)
ii  python3-certifi                         2026.1.4+ds-1                              all          root certificates for validating SSL certs and verifying TLS hosts (python3)
ii  python3-cffi-backend:amd64              2.0.0-3build1                              amd64        Foreign Function Interface for Python 3 calling C code - runtime
ii  python3-chardet                         5.2.0+dfsg-2build1                         all          Universal Character Encoding Detector (Python3)
ii  python3-click                           8.2.0+0.really.8.1.8-1build1               all          Command-Line Interface Creation Kit - Python 3.x
ii  python3-commandnotfound                 23.04.0build1                              all          Python 3 bindings for command-not-found.
ii  python3-configobj                       5.0.9-1build1                              all          simple but powerful config file reader and writer for Python 3
ii  python3-constantly                      23.10.4-2build1                            all          Symbolic constants in Python
ii  python3-cryptography                    46.0.5-1ubuntu2.2                          amd64        Python library exposing cryptographic recipes and primitives
ii  python3-dateutil                        2.9.0-4build1                              all          powerful extensions to the standard Python 3 datetime module
ii  python3-dbus                            1.4.0-1build2                              amd64        simple interprocess messaging system (Python 3 interface)
ii  python3-debconf                         1.5.92                                     all          interact with debconf from Python 3
ii  python3-debian                          1.0.1ubuntu2                               all          Python 3 modules to work with Debian-related data formats
ii  python3-dev                             3.14.3-0ubuntu2                            amd64        header files and a static library for Python (default)
ii  python3-distro                          1.9.0-1build1                              all          Linux OS platform information API
ii  python3-distro-info                     1.15                                       all          information about distributions' releases (Python 3 module)
ii  python3-distupgrade                     1:26.04.18                                 all          manage release upgrades
ii  python3-gdbm                            3.14.3-0ubuntu2                            amd64        package depending on all supported Python 3 gdbm modules
ii  python3-gi                              3.56.2-1                                   amd64        Python 3 bindings for gobject-introspection libraries
ii  python3-hamcrest                        2.1.0-3                                    all          Hamcrest framework for matcher objects (Python 3)
ii  python3-httplib2                        0.22.0-1ubuntu0.1                          all          comprehensive HTTP client library written for Python3
ii  python3-hyperlink                       21.0.0-6build1                             all          Immutable, Pythonic, correct URLs.
ii  python3-idna                            3.11-1ubuntu0.1                            all          Python IDNA2008 (RFC 5891) handling (Python 3)
ii  python3-incremental                     24.7.2-4                                   all          Library for versioning Python projects
ii  python3-inflect                         7.5.0-1build1                              all          Generate plurals, singular nouns, ordinals, indefinite articles (Python 3)
ii  python3-jaraco.context                  6.0.1-2                                    all          jaraco contextlib extensions
ii  python3-jaraco.functools                4.1.0-1build1                              all          additional functools in the spirit of stdlib's functools
ii  python3-jaraco.text                     4.0.0-1build1                              all          jaraco text manipulation functions
ii  python3-jinja2                          3.1.6-1build1                              all          small but fast and easy to use stand-alone template engine
ii  python3-jmespath                        1.0.1-1build1                              all          JSON Matching Expressions (Python 3)
ii  python3-json-pointer                    2.4-4                                      all          resolve JSON pointers - Python 3.x
ii  python3-jsonpatch                       1.32-6                                     all          library to apply JSON patches - Python 3.x
ii  python3-jsonschema                      4.19.2-6ubuntu2                            all          An(other) implementation of JSON Schema
ii  python3-jsonschema-specifications       2023.12.1-4                                all          JSON Schema meta-schemas and vocabularies, exposed as a Registry
ii  python3-jwt                             2.10.1-4ubuntu1                            all          Python 3 implementation of JSON Web Token
ii  python3-launchpadlib                    2.1.0-1build1                              all          Launchpad web services client library (Python 3)
ii  python3-lazr.restfulclient              0.14.6-3build1                             all          client for lazr.restful-based web services (Python 3)
ii  python3-lazr.uri                        1.0.6-7build1                              all          library for parsing, manipulating, and generating URIs
ii  python3-linkify-it                      2.0.3-1ubuntu3                             all          links recognition library with FULL unicode support
ii  python3-magic                           2:0.4.27-3build1                           all          python3 interface to the libmagic file type identification library
ii  python3-markdown-it                     3.0.0-3build1                              all          Python port of markdown-it and some its associated plugins
ii  python3-markupsafe                      3.0.3-1build1                              amd64        HTML/XHTML/XML string library
ii  python3-mdurl                           0.1.2-1build1                              all          Python port of the JavaScript mdurl package
ii  python3-minimal                         3.14.3-0ubuntu2                            amd64        minimal subset of the Python language (default python3 version)
ii  python3-more-itertools                  10.8.0-1build1                             all          library with routines for operating on iterables, beyond itertools (Python 3)
ii  python3-netaddr                         1.3.0-1build1                              all          manipulation of various common network address notations (Python 3)
ii  python3-netifaces:amd64                 0.11.0-2build7                             amd64        portable network interface information - Python 3.x
ii  python3-netplan                         1.2-1ubuntu5                               amd64        Declarative network configuration Python bindings
ii  python3-oauthlib                        3.3.1-1build1                              all          generic, spec-compliant implementation of OAuth for Python3
ii  python3-openssl                         25.3.0-1ubuntu1                            all          Python 3 wrapper around the OpenSSL library
ii  python3-packaging                       26.0-1                                     all          core utilities for python3 packages
ii  python3-passlib                         1.9.3-1ubuntu1                             all          comprehensive password hashing framework
ii  python3-pexpect                         4.9-4                                      all          Python 3 module for automating interactive applications
ii  python3-pip                             25.1.1+dfsg-1ubuntu2                       all          Python package installer
ii  python3-pip-whl                         25.1.1+dfsg-1ubuntu2                       all          Python package installer (pip wheel)
ii  python3-pkg-resources                   78.1.1-0.1build1                           all          Package Discovery and Resource Access using pkg_resources
ii  python3-problem-report                  2.34.0-0ubuntu2                            all          Python 3 library to handle problem reports
ii  python3-psutil                          7.1.0-1ubuntu1                             amd64        module providing convenience functions for managing processes (Python3)
ii  python3-ptyprocess                      0.7.0-6build1                              all          Run a subprocess in a pseudo terminal from Python 3
ii  python3-pyasn1                          0.6.3-1ubuntu0.1                           all          ASN.1 library for Python (Python 3 module)
ii  python3-pyasn1-modules                  0.4.1-2build1                              all          Collection of protocols modules written in ASN.1 language (Python 3)
ii  python3-pygments                        2.19.2+dfsg-1                              all          syntax highlighting package written in Python 3
ii  python3-pyparsing                       3.3.2-2                                    all          alternative to creating and executing simple grammars - Python 3.x
ii  python3-referencing                     0.36.2-1ubuntu2                            all          Implementation-agnostic implementation of JSON reference resolution
ii  python3-requests                        2.32.5+dfsg-1ubuntu1                       all          elegant and simple HTTP library for Python3, built for human beings
ii  python3-rich                            13.9.4-1.2                                 all          render rich text, tables, progress bars, syntax highlighting, markdown and more
ii  python3-rpds-py                         0.27.1-2ubuntu3                            amd64        Python bindings to Rust's persistent data structures (rpds)
ii  python3-s3transfer                      0.14.0-1build1                             all          Amazon S3 Transfer Manager for Python3
ii  python3-serial                          3.5-2build1                                all          pyserial - module encapsulating access for the serial port
ii  python3-service-identity                24.2.0-1build1                             all          Service identity verification for pyOpenSSL (Python 3 module)
ii  python3-setuptools                      78.1.1-0.1build1                           all          Python3 Distutils Enhancements
ii  python3-setuptools-whl                  78.1.1-0.1build1                           all          Python Distutils Enhancements (wheel package)
ii  python3-six                             1.17.0-2build1                             all          Python 2 and 3 compatibility library
ii  python3-software-properties             0.120                                      all          manage the repositories that you install software from
ii  python3-systemd                         235-1build9                                amd64        Python 3 bindings for systemd
ii  python3-twisted                         25.5.0-5ubuntu0.1                          all          Event-based framework for internet applications
ii  python3-typeguard                       4.4.4-2                                    all          Run-time type checker for Python
ii  python3-typing-extensions               4.15.0-2                                   all          Backported and Experimental Type Hints for Python
ii  python3-uc-micro                        1.0.3-1build1                              all          python port of uc.micro
ii  python3-update-manager                  1:26.04.5                                  all          Python 3.x module for update-manager
ii  python3-urllib3                         2.6.3-1ubuntu1.1                           all          HTTP library with thread-safe connection pooling for Python3
ii  python3-venv                            3.14.3-0ubuntu2                            amd64        venv module for python3 (default python3 version)
ii  python3-wadllib                         2.0.0-3                                    all          Python 3 library for navigating WADL files
ii  python3-wheel                           0.46.3-2                                   all          built-package format for Python
ii  python3-xkit                            0.5.0ubuntu8                               all          library for the manipulation of xorg.conf files (Python 3)
ii  python3-yaml                            6.0.3-1build1                              amd64        YAML parser and emitter for Python3
ii  python3-zipp                            3.23.0-1build1                             all          pathlib-compatible Zipfile object wrapper - Python 3.x
ii  python3-zope.interface                  8.2-1build1                                amd64        Interfaces for Python3
ii  python3.14                              3.14.4-1ubuntu0.2                          amd64        Interactive high-level object-oriented language (version 3.14)
ii  python3.14-dev                          3.14.4-1ubuntu0.2                          amd64        Header files and a static library for Python (v3.14)
ii  python3.14-gdbm                         3.14.4-1ubuntu0.2                          amd64        GNU dbm database support for Python (v3.14)
ii  python3.14-minimal                      3.14.4-1ubuntu0.2                          amd64        Minimal subset of the Python language (version 3.14)
ii  python3.14-venv                         3.14.4-1ubuntu0.2                          amd64        Interactive high-level object-oriented language (pyvenv binary, version 3.14)
ii  readline-common                         8.3-4                                      all          GNU readline and history libraries, common files
ii  rpcsvc-proto                            1.4.3-1build1                              amd64        RPC protocol compiler and definitions
ii  rsync                                   3.4.1+ds1-7ubuntu0.3                       amd64        fast, versatile, remote (and local) file-copying tool
ii  rsyslog                                 8.2512.0-1ubuntu4.1                        amd64        reliable system and kernel logging daemon
ii  runc                                    1.4.0-0ubuntu1                             amd64        Open Container Project - runtime
ii  rust-coreutils                          0.8.0-0ubuntu3                             amd64        Universal coreutils utils, written in Rust
ii  sbsigntool                              0.9.4-3.1ubuntu9                           amd64        Tools to manipulate signatures on UEFI binaries and drivers
ii  screen                                  4.9.1-3ubuntu2                             amd64        terminal multiplexer with VT100/ANSI terminal emulation
ii  secureboot-db                           1.9build2                                  amd64        Secure Boot updates for DB and DBX
ii  sed                                     4.9-2ubuntu1                               amd64        GNU stream editor for filtering/transforming text
ii  sensible-utils                          0.0.26build1                               all          Utilities for sensible alternative selection
ii  sg3-utils                               1.48-3ubuntu3                              amd64        utilities for devices using the SCSI command set
ii  sg3-utils-udev                          1.48-3ubuntu3                              all          utilities for devices using the SCSI command set (udev rules)
ii  sgml-base                               1.31+nmu1build1                            all          SGML infrastructure and SGML catalog file support
ii  shared-mime-info                        2.4-5build3                                amd64        FreeDesktop.org shared MIME database and spec
ii  shim-signed                             1.59+15.8-0ubuntu2                         amd64        Secure Boot chain-loading bootloader (Microsoft-signed binary)
ii  snapd                                   2.76+ubuntu26.04.3                         amd64        Daemon and tooling that enable snap packages
ii  software-properties-common              0.120                                      all          manage the repositories that you install software from (common)
ii  sos                                     4.10.2-1                                   all          Set of tools to gather troubleshooting data from a system
ii  squashfs-tools                          1:4.7.5-1                                  amd64        Tool to create and append to squashfs filesystems
ii  ssh-import-id                           5.11-0ubuntu4                              all          securely retrieve an SSH public key and install it locally
ii  strace                                  6.19+ds-0ubuntu5                           amd64        System call tracer
ii  sudo                                    1.9.17p2-1ubuntu3                          amd64        Provide limited super user privileges to specific users
ii  sudo-common                             1.2ubuntu                                  all          Configuration files for sudo
ii  sudo-rs                                 0.2.13-0ubuntu1.2                          amd64        Rust-based sudo and su implementations
ii  sysstat                                 12.7.7-0ubuntu2                            amd64        system performance tools for Linux
ii  systemd                                 259.5-0ubuntu3.4                           amd64        system and service manager
ii  systemd-cryptsetup                      259.5-0ubuntu3.4                           amd64        Provides cryptsetup, integritysetup and veritysetup utilities
ii  systemd-hwe-hwdb                        259.5.3ubuntu                              all          udev rules for hardware enablement (HWE)
ii  systemd-resolved                        259.5-0ubuntu3.4                           amd64        systemd DNS resolver
ii  systemd-sysv                            259.5-0ubuntu3.4                           amd64        system and service manager - SysV compatibility symlinks
ii  sysvinit-utils                          3.15-5ubuntu1                              amd64        System-V-like utilities
ii  tailscale                               1.102.3                                    amd64        The easiest, most secure, cross platform way to use WireGuard + oauth2 + 2FA/SSO
ii  tailscale-archive-keyring               1.35.181                                   all          GnuPG keys of the Tailscale package archive
ii  tar                                     1.35+dfsg-4ubuntu0.4                       amd64        GNU version of the tar archiving utility
ii  tcl                                     8.6.16build1                               amd64        Tool Command Language (default version) - shell
ii  tcl8.6                                  8.6.17+dfsg-1build1                        amd64        Tcl (the Tool Command Language) v8.6 - shell
ii  tcpdump                                 4.99.6-1                                   amd64        command-line network traffic analyzer
ii  telnet                                  0.17+2.7-2ubuntu1.1                        all          transitional dummy package for inetutils-telnet default switch
ii  thermald                                2.5.11-0ubuntu1                            amd64        Thermal monitoring and controlling daemon
ii  thin-provisioning-tools                 1.1.0-4ubuntu2                             amd64        Tools for handling thinly provisioned device-mapper meta-data
ii  time                                    1.9-0.4                                    amd64        GNU time program for measuring CPU resource usage
ii  tmux                                    3.6a-2ubuntu0.1                            amd64        terminal multiplexer
ii  tnftp                                   20260211-1                                 amd64        enhanced ftp client
ii  tpm-udev                                4.1.3-6                                    all          TPM2 Software stack library - udev rules for TPM modules
ii  trace-cmd                               3.3.3-1ubuntu2                             amd64        Utility for retrieving and analyzing function tracing in the kernel
ii  tzdata                                  2026c-0ubuntu0.26.04.1                     all          time zone and daylight-saving time data
ii  ubuntu-drivers-common                   1:0.10.9                                   amd64        Detect and install additional Ubuntu driver packages
ii  ubuntu-fan                              0.12.17                                    all          Ubuntu FAN network support enablement
ii  ubuntu-kernel-accessories               1.570                                      amd64        packages useful to install by default on systems with kernels
ii  ubuntu-keyring                          2023.11.28.1build1                         all          GnuPG keys of the Ubuntu archive
ii  ubuntu-minimal                          1.570                                      amd64        Minimal core of Ubuntu
ii  ubuntu-pro-client                       37.2ubuntu0.1                              amd64        Management tools for Ubuntu Pro
ii  ubuntu-pro-client-l10n                  37.2ubuntu0.1                              amd64        Translations for Ubuntu Pro Client
ii  ubuntu-release-upgrader-core            1:26.04.18                                 all          manage release upgrades
ii  ubuntu-server                           1.570                                      amd64        Ubuntu Server system
ii  ubuntu-server-minimal                   1.570                                      amd64        Ubuntu Server minimal system
ii  ubuntu-standard                         1.570                                      amd64        Ubuntu standard system
ii  ucf                                     3.0052ubuntu1                              all          Update Configuration File(s): preserve user changes to config files
ii  udev                                    259.5-0ubuntu3.4                           amd64        /dev/ and hotplug management daemon
ii  udisks2                                 2.10.91-1ubuntu2.1                         amd64        D-Bus service to access and manipulate storage devices
ii  ufw                                     0.36.2-9build1                             all          program for managing a Netfilter firewall
ii  unattended-upgrades                     2.12ubuntu9                                all          automatic installation of security upgrades
ii  unminimize                              0.5build1                                  amd64        Un-minimize your minimial images or setup
ii  update-manager-core                     1:26.04.5                                  all          manage release upgrades
ii  update-notifier-common                  3.207.2                                    all          Files shared between update-notifier and other packages
ii  upower                                  1.91.1-1                                   amd64        abstraction for power management
ii  usb-modeswitch                          2.6.2-1ubuntu1                             amd64        mode switching tool for controlling "flip flop" USB devices
ii  usb-modeswitch-data                     20191128-7build1                           all          mode switching data for usb-modeswitch
ii  usb.ids                                 2025.12.13-1                               all          USB ID Repository
ii  usbmuxd                                 1.1.1-7                                    amd64        USB multiplexor daemon for iPhone and iPod Touch devices
ii  usbutils                                1:019-1                                    amd64        Linux USB utilities
ii  util-linux                              2.41.3-3ubuntu2.2                          amd64        miscellaneous system utilities
ii  util-linux-extra                        2.41.3-3ubuntu2.2                          amd64        interactive login tools
ii  uuid-runtime                            2.41.3-3ubuntu2.2                          amd64        runtime components for the Universally Unique ID library
ii  vim                                     2:9.1.2141-1ubuntu4.9                      amd64        Vi IMproved - enhanced vi editor
ii  vim-common                              2:9.1.2141-1ubuntu4.9                      all          Vi IMproved - Common files
ii  vim-runtime                             2:9.1.2141-1ubuntu4.9                      all          Vi IMproved - Runtime files
ii  vim-tiny                                2:9.1.2141-1ubuntu4.9                      amd64        Vi IMproved - enhanced vi editor - compact version
ii  wget                                    1.25.0-2ubuntu4.4                          amd64        retrieves files from the web
ii  whiptail                                0.52.25-1ubuntu3                           amd64        Displays user-friendly dialog boxes from shell scripts
ii  wireless-regdb                          2026.05.30-0ubuntu1~26.04.1                all          wireless regulatory database
ii  xauth                                   1:1.1.2-1.1build1                          amd64        X authentication utility
ii  xdg-user-dirs                           0.19-1                                     amd64        tool to manage well known user directories
ii  xfsprogs                                6.18.0-3                                   amd64        Utilities for managing the XFS filesystem
ii  xkb-data                                2.46-2                                     all          X Keyboard Extension (XKB) configuration data
ii  xml-core                                0.19build1                                 all          XML infrastructure and XML catalog file support
ii  xpu-smi                                 2.1.0+26.33.6468cec-1~26.04                amd64        Intel(R) XPU System Management Interface(xpu-smi) is a free and
ii  xxd                                     2:9.1.2141-1ubuntu4.9                      amd64        tool to make (or reverse) a hex dump
ii  xz-utils                                5.8.3-1                                    amd64        XZ-format compression utilities
ii  zerofree                                1.1.1-1build6                              amd64        zero free blocks from ext2, ext3 and ext4 file-systems
ii  zlib1g:amd64                            1:1.3.dfsg+really1.3.1-1ubuntu3.1          amd64        compression library - runtime
ii  zlib1g-dev:amd64                        1:1.3.dfsg+really1.3.1-1ubuntu3.1          amd64        compression library - development
ii  zstd                                    1.5.7+dfsg-3                               amd64        fast lossless compression algorithm -- CLI tool
